[04Mar2025 02:55:03.198] [main/INFO] [cpw.mods.modlauncher.Launcher/MODLAUNCHER]: ModLauncher running: args [--launchTarget, forgeserver, --fml.forgeVersion, 47.3.7, --fml.mcVersion, 1.20.1, --fml.forgeGroup, net.minecraftforge, --fml.mcpVersion, 20230612.114412, nogui]
[04Mar2025 02:55:03.204] [main/INFO] [cpw.mods.modlauncher.Launcher/MODLAUNCHER]: ModLauncher 10.0.9+10.0.9+main.dcd20f30 starting: java version 17.0.14 by Ubuntu; OS Linux arch amd64 version 6.5.0-1025-azure
[04Mar2025 02:55:03.238] [main/DEBUG] [cpw.mods.modlauncher.LaunchServiceHandler/MODLAUNCHER]: Found launch services [fmlclientdev,forgeclient,minecraft,forgegametestserverdev,fmlserveruserdev,fmlclient,fmldatauserdev,forgeserverdev,forgeserveruserdev,forgeclientdev,forgeclientuserdev,forgeserver,forgedatadev,fmlserver,fmlclientuserdev,fmlserverdev,forgedatauserdev,testharness,forgegametestserveruserdev]
[04Mar2025 02:55:03.256] [main/DEBUG] [cpw.mods.modlauncher.NameMappingServiceHandler/MODLAUNCHER]: Found naming services : [srgtomcp]
[04Mar2025 02:55:03.275] [main/DEBUG] [cpw.mods.modlauncher.LaunchPluginHandler/MODLAUNCHER]: Found launch plugins: [mixin,eventbus,slf4jfixer,object_holder_definalize,runtime_enum_extender,capability_token_subclass,accesstransformer,runtimedistcleaner]
[04Mar2025 02:55:03.287] [main/DEBUG] [cpw.mods.modlauncher.TransformationServicesHandler/MODLAUNCHER]: Discovering transformation services
[04Mar2025 02:55:03.292] [main/DEBUG] [net.minecraftforge.fml.loading.FMLPaths/CORE]: Path GAMEDIR is /workspaces/panaserver2.0/servidor_minecraft
[04Mar2025 02:55:03.292] [main/DEBUG] [net.minecraftforge.fml.loading.FMLPaths/CORE]: Path MODSDIR is /workspaces/panaserver2.0/servidor_minecraft/mods
[04Mar2025 02:55:03.292] [main/DEBUG] [net.minecraftforge.fml.loading.FMLPaths/CORE]: Path CONFIGDIR is /workspaces/panaserver2.0/servidor_minecraft/config
[04Mar2025 02:55:03.292] [main/DEBUG] [net.minecraftforge.fml.loading.FMLPaths/CORE]: Path FMLCONFIG is /workspaces/panaserver2.0/servidor_minecraft/config/fml.toml
[04Mar2025 02:55:05.209] [main/DEBUG] [cpw.mods.modlauncher.TransformationServicesHandler/MODLAUNCHER]: Found additional transformation services from discovery services: 
[04Mar2025 02:55:05.215] [main/INFO] [net.minecraftforge.fml.loading.ImmediateWindowHandler/]: ImmediateWindowProvider not loading because launch target is forgeserver
[04Mar2025 02:55:05.223] [main/DEBUG] [cpw.mods.modlauncher.TransformationServicesHandler/MODLAUNCHER]: Found transformer services : [mixin,fml]
[04Mar2025 02:55:05.223] [main/DEBUG] [cpw.mods.modlauncher.TransformationServicesHandler/MODLAUNCHER]: Transformation services loading
[04Mar2025 02:55:05.223] [main/DEBUG] [cpw.mods.modlauncher.TransformationServiceDecorator/MODLAUNCHER]: Loading service mixin
[04Mar2025 02:55:05.224] [main/DEBUG] [cpw.mods.modlauncher.TransformationServiceDecorator/MODLAUNCHER]: Loaded service mixin
[04Mar2025 02:55:05.224] [main/DEBUG] [cpw.mods.modlauncher.TransformationServiceDecorator/MODLAUNCHER]: Loading service fml
[04Mar2025 02:55:05.225] [main/DEBUG] [net.minecraftforge.fml.loading.LauncherVersion/CORE]: Found FMLLauncher version 1.0
[04Mar2025 02:55:05.225] [main/DEBUG] [net.minecraftforge.fml.loading.FMLLoader/CORE]: FML 1.0 loading
[04Mar2025 02:55:05.225] [main/DEBUG] [net.minecraftforge.fml.loading.FMLLoader/CORE]: FML found ModLauncher version : 10.0.9+10.0.9+main.dcd20f30
[04Mar2025 02:55:05.225] [main/DEBUG] [net.minecraftforge.fml.loading.FMLLoader/CORE]: FML found AccessTransformer version : 8.0.4+66+master.c09db6d7
[04Mar2025 02:55:05.226] [main/DEBUG] [net.minecraftforge.fml.loading.FMLLoader/CORE]: FML found EventBus version : 6.0.5+6.0.5+master.eb8e549b
[04Mar2025 02:55:05.226] [main/DEBUG] [net.minecraftforge.fml.loading.FMLLoader/CORE]: Found Runtime Dist Cleaner
[04Mar2025 02:55:05.227] [main/DEBUG] [net.minecraftforge.fml.loading.FMLLoader/CORE]: FML found CoreMod version : 5.1.6
[04Mar2025 02:55:05.228] [main/DEBUG] [net.minecraftforge.fml.loading.FMLLoader/CORE]: Found ForgeSPI package implementation version 7.0.1+7.0.1+master.d2b38bf6
[04Mar2025 02:55:05.228] [main/DEBUG] [net.minecraftforge.fml.loading.FMLLoader/CORE]: Found ForgeSPI package specification 5
[04Mar2025 02:55:05.228] [main/DEBUG] [cpw.mods.modlauncher.TransformationServiceDecorator/MODLAUNCHER]: Loaded service fml
[04Mar2025 02:55:05.229] [main/DEBUG] [cpw.mods.modlauncher.TransformationServicesHandler/MODLAUNCHER]: Configuring option handling for services
[04Mar2025 02:55:05.235] [main/DEBUG] [cpw.mods.modlauncher.TransformationServicesHandler/MODLAUNCHER]: Transformation services initializing
[04Mar2025 02:55:05.236] [main/DEBUG] [cpw.mods.modlauncher.TransformationServiceDecorator/MODLAUNCHER]: Initializing transformation service mixin
[04Mar2025 02:55:05.250] [main/DEBUG] [mixin/]: MixinService [ModLauncher] was successfully booted in cpw.mods.cl.ModuleClassLoader@7a3d45bd
[04Mar2025 02:55:05.274] [main/INFO] [mixin/]: SpongePowered MIXIN Subsystem Version=0.8.5 Source=union:/workspaces/panaserver2.0/servidor_minecraft/libraries/org/spongepowered/mixin/0.8.5/mixin-0.8.5.jar%2365!/ Service=ModLauncher Env=SERVER
[04Mar2025 02:55:05.278] [main/DEBUG] [mixin/]: Initialising Mixin Platform Manager
[04Mar2025 02:55:05.278] [main/DEBUG] [mixin/]: Adding mixin platform agents for container ModLauncher Root Container(ModLauncher:4f56a0a2)
[04Mar2025 02:55:05.279] [main/DEBUG] [mixin/]: Instancing new MixinPlatformAgentMinecraftForge for ModLauncher Root Container(ModLauncher:4f56a0a2)
[04Mar2025 02:55:05.279] [main/DEBUG] [mixin/]: MixinPlatformAgentMinecraftForge rejected container ModLauncher Root Container(ModLauncher:4f56a0a2)
[04Mar2025 02:55:05.279] [main/DEBUG] [mixin/]: Instancing new MixinPlatformAgentDefault for ModLauncher Root Container(ModLauncher:4f56a0a2)
[04Mar2025 02:55:05.280] [main/DEBUG] [mixin/]: MixinPlatformAgentDefault accepted container ModLauncher Root Container(ModLauncher:4f56a0a2)
[04Mar2025 02:55:05.282] [main/DEBUG] [cpw.mods.modlauncher.TransformationServiceDecorator/MODLAUNCHER]: Initialized transformation service mixin
[04Mar2025 02:55:05.282] [main/DEBUG] [cpw.mods.modlauncher.TransformationServiceDecorator/MODLAUNCHER]: Initializing transformation service fml
[04Mar2025 02:55:05.283] [main/DEBUG] [net.minecraftforge.fml.loading.FMLServiceProvider/CORE]: Setting up basic FML game directories
[04Mar2025 02:55:05.283] [main/DEBUG] [net.minecraftforge.fml.loading.FMLPaths/CORE]: Path GAMEDIR is /workspaces/panaserver2.0/servidor_minecraft
[04Mar2025 02:55:05.283] [main/DEBUG] [net.minecraftforge.fml.loading.FMLPaths/CORE]: Path MODSDIR is /workspaces/panaserver2.0/servidor_minecraft/mods
[04Mar2025 02:55:05.283] [main/DEBUG] [net.minecraftforge.fml.loading.FMLPaths/CORE]: Path CONFIGDIR is /workspaces/panaserver2.0/servidor_minecraft/config
[04Mar2025 02:55:05.283] [main/DEBUG] [net.minecraftforge.fml.loading.FMLPaths/CORE]: Path FMLCONFIG is /workspaces/panaserver2.0/servidor_minecraft/config/fml.toml
[04Mar2025 02:55:05.284] [main/DEBUG] [net.minecraftforge.fml.loading.FMLServiceProvider/CORE]: Loading configuration
[04Mar2025 02:55:05.286] [main/DEBUG] [net.minecraftforge.fml.loading.FMLServiceProvider/CORE]: Preparing ModFile
[04Mar2025 02:55:05.289] [main/DEBUG] [net.minecraftforge.fml.loading.FMLServiceProvider/CORE]: Preparing launch handler
[04Mar2025 02:55:05.289] [main/DEBUG] [net.minecraftforge.fml.loading.FMLLoader/CORE]: Using forgeserver as launch service
[04Mar2025 02:55:05.303] [main/DEBUG] [net.minecraftforge.fml.loading.FMLLoader/CORE]: Received command line version data  : VersionInfo[forgeVersion=47.3.7, mcVersion=1.20.1, mcpVersion=20230612.114412, forgeGroup=net.minecraftforge]
[04Mar2025 02:55:05.304] [main/DEBUG] [cpw.mods.modlauncher.TransformationServiceDecorator/MODLAUNCHER]: Initialized transformation service fml
[04Mar2025 02:55:05.305] [main/DEBUG] [cpw.mods.modlauncher.NameMappingServiceHandler/MODLAUNCHER]: Current naming domain is 'srg'
[04Mar2025 02:55:05.305] [main/DEBUG] [cpw.mods.modlauncher.NameMappingServiceHandler/MODLAUNCHER]: Identified name mapping providers {}
[04Mar2025 02:55:05.305] [main/DEBUG] [cpw.mods.modlauncher.TransformationServicesHandler/MODLAUNCHER]: Transformation services begin scanning
[04Mar2025 02:55:05.306] [main/DEBUG] [cpw.mods.modlauncher.TransformationServiceDecorator/MODLAUNCHER]: Beginning scan trigger - transformation service mixin
[04Mar2025 02:55:05.306] [main/DEBUG] [cpw.mods.modlauncher.TransformationServiceDecorator/MODLAUNCHER]: End scan trigger - transformation service mixin
[04Mar2025 02:55:05.306] [main/DEBUG] [cpw.mods.modlauncher.TransformationServiceDecorator/MODLAUNCHER]: Beginning scan trigger - transformation service fml
[04Mar2025 02:55:05.307] [main/DEBUG] [net.minecraftforge.fml.loading.FMLServiceProvider/CORE]: Initiating mod scan
[04Mar2025 02:55:05.315] [main/DEBUG] [net.minecraftforge.fml.loading.moddiscovery.ModListHandler/CORE]: Found mod coordinates from lists: []
[04Mar2025 02:55:05.319] [main/DEBUG] [net.minecraftforge.fml.loading.moddiscovery.ModDiscoverer/CORE]: Found Mod Locators : (mods folder:null),(maven libs:null),(exploded directory:null),(minecraft:null),(userdev classpath:null)
[04Mar2025 02:55:05.319] [main/DEBUG] [net.minecraftforge.fml.loading.moddiscovery.ModDiscoverer/CORE]: Found Dependency Locators : (JarInJar:null)
[04Mar2025 02:55:05.329] [main/DEBUG] [net.minecraftforge.fml.loading.moddiscovery.ModFileParser/LOADING]: Considering mod file candidate /workspaces/panaserver2.0/servidor_minecraft/mods/[1.20.1]illusion_onslaught-1.1.0.jar
[04Mar2025 02:55:05.406] [main/DEBUG] [net.minecraftforge.fml.loading.moddiscovery.ModFileInfo/LOADING]: Found valid mod file [1.20.1]illusion_onslaught-1.1.0.jar with {illusion_onslaught} mods - versions {1.1.0}
[04Mar2025 02:55:05.413] [main/DEBUG] [net.minecraftforge.fml.loading.moddiscovery.ModFileParser/LOADING]: Considering mod file candidate /workspaces/panaserver2.0/servidor_minecraft/mods/alexscaves-2.0.2.jar
[04Mar2025 02:55:05.417] [main/DEBUG] [net.minecraftforge.fml.loading.moddiscovery.ModFileInfo/LOADING]: Found valid mod file alexscaves-2.0.2.jar with {alexscaves} mods - versions {2.0.2}
[04Mar2025 02:55:05.418] [main/DEBUG] [net.minecraftforge.fml.loading.moddiscovery.ModFileParser/LOADING]: Considering mod file candidate /workspaces/panaserver2.0/servidor_minecraft/mods/architectury-9.2.14-forge.jar
[04Mar2025 02:55:05.421] [main/DEBUG] [net.minecraftforge.fml.loading.moddiscovery.ModFileInfo/LOADING]: Found valid mod file architectury-9.2.14-forge.jar with {architectury} mods - versions {9.2.14}
[04Mar2025 02:55:05.469] [main/DEBUG] [net.minecraftforge.fml.loading.moddiscovery.ModFileParser/LOADING]: Considering mod file candidate /workspaces/panaserver2.0/servidor_minecraft/mods/armourersworkshop-forge-1.20.1-3.2.0-beta.jar
[04Mar2025 02:55:05.471] [main/DEBUG] [net.minecraftforge.fml.loading.moddiscovery.ModFileInfo/LOADING]: Found valid mod file armourersworkshop-forge-1.20.1-3.2.0-beta.jar with {armourers_workshop} mods - versions {3.2.0-beta}
[04Mar2025 02:55:05.472] [main/DEBUG] [net.minecraftforge.fml.loading.moddiscovery.ModFileParser/LOADING]: Considering mod file candidate /workspaces/panaserver2.0/servidor_minecraft/mods/artifacts-forge-9.5.13.jar
[04Mar2025 02:55:05.474] [main/DEBUG] [net.minecraftforge.fml.loading.moddiscovery.ModFileInfo/LOADING]: Found valid mod file artifacts-forge-9.5.13.jar with {artifacts} mods - versions {9.5.13}
[04Mar2025 02:55:05.475] [main/DEBUG] [net.minecraftforge.fml.loading.moddiscovery.ModFileParser/LOADING]: Considering mod file candidate /workspaces/panaserver2.0/servidor_minecraft/mods/balm-forge-1.20.1-7.3.15-all.jar
[04Mar2025 02:55:05.477] [main/DEBUG] [net.minecraftforge.fml.loading.moddiscovery.ModFileInfo/LOADING]: Found valid mod file balm-forge-1.20.1-7.3.15-all.jar with {balm} mods - versions {7.3.15}
[04Mar2025 02:55:05.482] [main/DEBUG] [net.minecraftforge.fml.loading.moddiscovery.ModFileParser/LOADING]: Considering mod file candidate /workspaces/panaserver2.0/servidor_minecraft/mods/BiomesOPlenty-forge-1.20.1-19.0.0.94.jar
[04Mar2025 02:55:05.484] [main/DEBUG] [net.minecraftforge.fml.loading.moddiscovery.ModFileInfo/LOADING]: Found valid mod file BiomesOPlenty-forge-1.20.1-19.0.0.94.jar with {biomesoplenty} mods - versions {19.0.0.94}
[04Mar2025 02:55:05.486] [main/DEBUG] [net.minecraftforge.fml.loading.moddiscovery.ModFileParser/LOADING]: Considering mod file candidate /workspaces/panaserver2.0/servidor_minecraft/mods/blockui-1.20.1-1.0.156-RELEASE.jar
[04Mar2025 02:55:05.487] [main/DEBUG] [net.minecraftforge.fml.loading.moddiscovery.ModFileInfo/LOADING]: Found valid mod file blockui-1.20.1-1.0.156-RELEASE.jar with {blockui} mods - versions {1.20.1-1.0.156-RELEASE}
[04Mar2025 02:55:05.490] [main/DEBUG] [net.minecraftforge.fml.loading.moddiscovery.ModFileParser/LOADING]: Considering mod file candidate /workspaces/panaserver2.0/servidor_minecraft/mods/born_in_chaos_[Forge]1.20.1_1.6.3.jar
[04Mar2025 02:55:05.493] [main/DEBUG] [net.minecraftforge.fml.loading.moddiscovery.ModFileInfo/LOADING]: Found valid mod file born_in_chaos_[Forge]1.20.1_1.6.3.jar with {born_in_chaos_v1} mods - versions {1.6.3}
[04Mar2025 02:55:05.497] [main/DEBUG] [net.minecraftforge.fml.loading.moddiscovery.ModFileParser/LOADING]: Considering mod file candidate /workspaces/panaserver2.0/servidor_minecraft/mods/Botania-1.20.1-447-FORGE.jar
[04Mar2025 02:55:05.500] [main/DEBUG] [net.minecraftforge.fml.loading.moddiscovery.ModFileInfo/LOADING]: Found valid mod file Botania-1.20.1-447-FORGE.jar with {botania} mods - versions {1.20.1-447-FORGE}
[04Mar2025 02:55:05.501] [main/DEBUG] [net.minecraftforge.fml.loading.moddiscovery.ModFileParser/LOADING]: Considering mod file candidate /workspaces/panaserver2.0/servidor_minecraft/mods/caelus-forge-3.2.0+1.20.1.jar
[04Mar2025 02:55:05.502] [main/DEBUG] [net.minecraftforge.fml.loading.moddiscovery.ModFileInfo/LOADING]: Found valid mod file caelus-forge-3.2.0+1.20.1.jar with {caelus} mods - versions {3.2.0+1.20.1}
[04Mar2025 02:55:05.504] [main/DEBUG] [net.minecraftforge.fml.loading.moddiscovery.ModFileParser/LOADING]: Considering mod file candidate /workspaces/panaserver2.0/servidor_minecraft/mods/citadel-2.6.1-1.20.1.jar
[04Mar2025 02:55:05.506] [main/DEBUG] [net.minecraftforge.fml.loading.moddiscovery.ModFileInfo/LOADING]: Found valid mod file citadel-2.6.1-1.20.1.jar with {citadel} mods - versions {2.6.1}
[04Mar2025 02:55:05.507] [main/DEBUG] [net.minecraftforge.fml.loading.moddiscovery.ModFileParser/LOADING]: Considering mod file candidate /workspaces/panaserver2.0/servidor_minecraft/mods/cloth-config-11.1.136-forge.jar
[04Mar2025 02:55:05.509] [main/DEBUG] [net.minecraftforge.fml.loading.moddiscovery.ModFileInfo/LOADING]: Found valid mod file cloth-config-11.1.136-forge.jar with {cloth_config} mods - versions {11.1.136}
[04Mar2025 02:55:05.509] [main/DEBUG] [net.minecraftforge.fml.loading.moddiscovery.ModFileParser/LOADING]: Considering mod file candidate /workspaces/panaserver2.0/servidor_minecraft/mods/Cucumber-1.20.1-7.0.13.jar
[04Mar2025 02:55:05.510] [main/DEBUG] [net.minecraftforge.fml.loading.moddiscovery.ModFileInfo/LOADING]: Found valid mod file Cucumber-1.20.1-7.0.13.jar with {cucumber} mods - versions {7.0.13}
[04Mar2025 02:55:05.511] [main/DEBUG] [net.minecraftforge.fml.loading.moddiscovery.ModFileParser/LOADING]: Considering mod file candidate /workspaces/panaserver2.0/servidor_minecraft/mods/curios-forge-5.11.1+1.20.1.jar
[04Mar2025 02:55:05.511] [main/DEBUG] [net.minecraftforge.fml.loading.moddiscovery.ModFileInfo/LOADING]: Found valid mod file curios-forge-5.11.1+1.20.1.jar with {curios} mods - versions {5.11.1+1.20.1}
[04Mar2025 02:55:05.512] [main/DEBUG] [net.minecraftforge.fml.loading.moddiscovery.ModFileParser/LOADING]: Considering mod file candidate /workspaces/panaserver2.0/servidor_minecraft/mods/CyclopsCore-1.20.1-1.19.6.jar
[04Mar2025 02:55:05.513] [main/DEBUG] [net.minecraftforge.fml.loading.moddiscovery.ModFileInfo/LOADING]: Found valid mod file CyclopsCore-1.20.1-1.19.6.jar with {cyclopscore} mods - versions {1.19.6}
[04Mar2025 02:55:05.515] [main/DEBUG] [net.minecraftforge.fml.loading.moddiscovery.ModFileParser/LOADING]: Considering mod file candidate /workspaces/panaserver2.0/servidor_minecraft/mods/deeperdarker-forge-1.20.1-1.3.3.jar
[04Mar2025 02:55:05.515] [main/DEBUG] [net.minecraftforge.fml.loading.moddiscovery.ModFileInfo/LOADING]: Found valid mod file deeperdarker-forge-1.20.1-1.3.3.jar with {deeperdarker} mods - versions {1.3.3}
[04Mar2025 02:55:05.516] [main/DEBUG] [net.minecraftforge.fml.loading.moddiscovery.ModFileParser/LOADING]: Considering mod file candidate /workspaces/panaserver2.0/servidor_minecraft/mods/domum_ornamentum-1.20.1-1.0.284-snapshot-universal.jar
[04Mar2025 02:55:05.517] [main/DEBUG] [net.minecraftforge.fml.loading.moddiscovery.ModFileInfo/LOADING]: Found valid mod file domum_ornamentum-1.20.1-1.0.284-snapshot-universal.jar with {domum_ornamentum} mods - versions {1.20.1-1.0.284-snapshot}
[04Mar2025 02:55:05.519] [main/DEBUG] [net.minecraftforge.fml.loading.moddiscovery.ModFileParser/LOADING]: Considering mod file candidate /workspaces/panaserver2.0/servidor_minecraft/mods/DungeonsArise-1.20.1-2.1.57-release.jar
[04Mar2025 02:55:05.520] [main/DEBUG] [net.minecraftforge.fml.loading.moddiscovery.ModFileInfo/LOADING]: Found valid mod file DungeonsArise-1.20.1-2.1.57-release.jar with {dungeons_arise} mods - versions {2.1.57-1.20.1}
[04Mar2025 02:55:05.520] [main/DEBUG] [net.minecraftforge.fml.loading.moddiscovery.ModFileParser/LOADING]: Considering mod file candidate /workspaces/panaserver2.0/servidor_minecraft/mods/easy-villagers-forge-1.20.1-1.1.23.jar
[04Mar2025 02:55:05.522] [main/DEBUG] [net.minecraftforge.fml.loading.moddiscovery.ModFileInfo/LOADING]: Found valid mod file easy-villagers-forge-1.20.1-1.1.23.jar with {easy_villagers} mods - versions {1.20.1-1.1.23}
[04Mar2025 02:55:05.525] [main/DEBUG] [net.minecraftforge.fml.loading.moddiscovery.ModFileParser/LOADING]: Considering mod file candidate /workspaces/panaserver2.0/servidor_minecraft/mods/epicfight-forge-20.9.7-1.20.1.jar
[04Mar2025 02:55:05.528] [main/DEBUG] [net.minecraftforge.fml.loading.moddiscovery.ModFileInfo/LOADING]: Found valid mod file epicfight-forge-20.9.7-1.20.1.jar with {epicfight} mods - versions {20.9.7}
[04Mar2025 02:55:05.529] [main/DEBUG] [net.minecraftforge.fml.loading.moddiscovery.ModFileParser/LOADING]: Considering mod file candidate /workspaces/panaserver2.0/servidor_minecraft/mods/EvilCraft-1.20.1-1.2.51.jar
[04Mar2025 02:55:05.530] [main/DEBUG] [net.minecraftforge.fml.loading.moddiscovery.ModFileInfo/LOADING]: Found valid mod file EvilCraft-1.20.1-1.2.51.jar with {evilcraft,evilcraftcompat} mods - versions {1.2.51,1.2.51}
[04Mar2025 02:55:05.531] [main/DEBUG] [net.minecraftforge.fml.loading.moddiscovery.ModFileParser/LOADING]: Considering mod file candidate /workspaces/panaserver2.0/servidor_minecraft/mods/geckolib-forge-1.20.1-4.7.jar
[04Mar2025 02:55:05.532] [main/DEBUG] [net.minecraftforge.fml.loading.moddiscovery.ModFileInfo/LOADING]: Found valid mod file geckolib-forge-1.20.1-4.7.jar with {geckolib} mods - versions {4.7}
[04Mar2025 02:55:05.532] [main/DEBUG] [net.minecraftforge.fml.loading.moddiscovery.ModFileParser/LOADING]: Considering mod file candidate /workspaces/panaserver2.0/servidor_minecraft/mods/GlitchCore-forge-1.20.1-0.0.1.1.jar
[04Mar2025 02:55:05.533] [main/DEBUG] [net.minecraftforge.fml.loading.moddiscovery.ModFileInfo/LOADING]: Found valid mod file GlitchCore-forge-1.20.1-0.0.1.1.jar with {glitchcore} mods - versions {0.0.1.1}
[04Mar2025 02:55:05.534] [main/DEBUG] [net.minecraftforge.fml.loading.moddiscovery.ModFileParser/LOADING]: Considering mod file candidate /workspaces/panaserver2.0/servidor_minecraft/mods/Gobber2-Forge-1.20.1-2.8.9.jar
[04Mar2025 02:55:05.542] [main/DEBUG] [net.minecraftforge.fml.loading.moddiscovery.ModFileInfo/LOADING]: Found valid mod file Gobber2-Forge-1.20.1-2.8.9.jar with {gobber2} mods - versions {2.8.9}
[04Mar2025 02:55:05.544] [main/DEBUG] [net.minecraftforge.fml.loading.moddiscovery.ModFileParser/LOADING]: Considering mod file candidate /workspaces/panaserver2.0/servidor_minecraft/mods/L_Enders_Cataclysm-2.54- 1.20.1.jar
[04Mar2025 02:55:05.545] [main/DEBUG] [net.minecraftforge.fml.loading.moddiscovery.ModFileInfo/LOADING]: Found valid mod file L_Enders_Cataclysm-2.54- 1.20.1.jar with {cataclysm} mods - versions {2.54}
[04Mar2025 02:55:05.545] [main/DEBUG] [net.minecraftforge.fml.loading.moddiscovery.ModFileParser/LOADING]: Considering mod file candidate /workspaces/panaserver2.0/servidor_minecraft/mods/lionfishapi-2.4-Fix.jar
[04Mar2025 02:55:05.546] [main/DEBUG] [net.minecraftforge.fml.loading.moddiscovery.ModFileInfo/LOADING]: Found valid mod file lionfishapi-2.4-Fix.jar with {lionfishapi} mods - versions {2.4-Fix}
[04Mar2025 02:55:05.547] [main/DEBUG] [net.minecraftforge.fml.loading.moddiscovery.ModFileParser/LOADING]: Considering mod file candidate /workspaces/panaserver2.0/servidor_minecraft/mods/lootr-forge-1.20-0.7.35.90.jar
[04Mar2025 02:55:05.549] [main/DEBUG] [net.minecraftforge.fml.loading.moddiscovery.ModFileInfo/LOADING]: Found valid mod file lootr-forge-1.20-0.7.35.90.jar with {lootr} mods - versions {0.7.35.90}
[04Mar2025 02:55:05.550] [main/DEBUG] [net.minecraftforge.fml.loading.moddiscovery.ModFileParser/LOADING]: Considering mod file candidate /workspaces/panaserver2.0/servidor_minecraft/mods/majrusz-library-forge-1.20.1-7.0.8.jar
[04Mar2025 02:55:05.552] [main/DEBUG] [net.minecraftforge.fml.loading.moddiscovery.ModFileInfo/LOADING]: Found valid mod file majrusz-library-forge-1.20.1-7.0.8.jar with {majruszlibrary} mods - versions {7.0.8}
[04Mar2025 02:55:05.553] [main/DEBUG] [net.minecraftforge.fml.loading.moddiscovery.ModFileParser/LOADING]: Considering mod file candidate /workspaces/panaserver2.0/servidor_minecraft/mods/majruszs-enchantments-forge-1.20.1-1.10.8.jar
[04Mar2025 02:55:05.553] [main/DEBUG] [net.minecraftforge.fml.loading.moddiscovery.ModFileInfo/LOADING]: Found valid mod file majruszs-enchantments-forge-1.20.1-1.10.8.jar with {majruszsenchantments} mods - versions {1.10.8}
[04Mar2025 02:55:05.562] [main/DEBUG] [net.minecraftforge.fml.loading.moddiscovery.ModFileParser/LOADING]: Considering mod file candidate /workspaces/panaserver2.0/servidor_minecraft/mods/minecolonies-1.20.1-1.1.809-snapshot.jar
[04Mar2025 02:55:05.564] [main/DEBUG] [net.minecraftforge.fml.loading.moddiscovery.ModFileInfo/LOADING]: Found valid mod file minecolonies-1.20.1-1.1.809-snapshot.jar with {minecolonies} mods - versions {1.20.1-1.1.809-snapshot}
[04Mar2025 02:55:05.565] [main/DEBUG] [net.minecraftforge.fml.loading.moddiscovery.ModFileParser/LOADING]: Considering mod file candidate /workspaces/panaserver2.0/servidor_minecraft/mods/modonomicon-1.20.1-forge-1.77.6.jar
[04Mar2025 02:55:05.567] [main/DEBUG] [net.minecraftforge.fml.loading.moddiscovery.ModFileInfo/LOADING]: Found valid mod file modonomicon-1.20.1-forge-1.77.6.jar with {modonomicon} mods - versions {1.77.6}
[04Mar2025 02:55:05.569] [main/DEBUG] [net.minecraftforge.fml.loading.moddiscovery.ModFileParser/LOADING]: Considering mod file candidate /workspaces/panaserver2.0/servidor_minecraft/mods/MysticalAgriculture-1.20.1-7.0.16.jar
[04Mar2025 02:55:05.570] [main/DEBUG] [net.minecraftforge.fml.loading.moddiscovery.ModFileInfo/LOADING]: Found valid mod file MysticalAgriculture-1.20.1-7.0.16.jar with {mysticalagriculture} mods - versions {7.0.16}
[04Mar2025 02:55:05.572] [main/DEBUG] [net.minecraftforge.fml.loading.moddiscovery.ModFileParser/LOADING]: Considering mod file candidate /workspaces/panaserver2.0/servidor_minecraft/mods/occultism-1.20.1-1.141.2.jar
[04Mar2025 02:55:05.573] [main/DEBUG] [net.minecraftforge.fml.loading.moddiscovery.ModFileInfo/LOADING]: Found valid mod file occultism-1.20.1-1.141.2.jar with {occultism} mods - versions {1.141.2}
[04Mar2025 02:55:05.574] [main/DEBUG] [net.minecraftforge.fml.loading.moddiscovery.ModFileParser/LOADING]: Considering mod file candidate /workspaces/panaserver2.0/servidor_minecraft/mods/OctoLib-FORGE-0.4.2+1.20.1.jar
[04Mar2025 02:55:05.575] [main/DEBUG] [net.minecraftforge.fml.loading.moddiscovery.ModFileInfo/LOADING]: Found valid mod file OctoLib-FORGE-0.4.2+1.20.1.jar with {octolib} mods - versions {0.4.2}
[04Mar2025 02:55:05.576] [main/DEBUG] [net.minecraftforge.fml.loading.moddiscovery.ModFileParser/LOADING]: Considering mod file candidate /workspaces/panaserver2.0/servidor_minecraft/mods/Patchouli-1.20.1-84.1-FORGE.jar
[04Mar2025 02:55:05.576] [main/DEBUG] [net.minecraftforge.fml.loading.moddiscovery.ModFileInfo/LOADING]: Found valid mod file Patchouli-1.20.1-84.1-FORGE.jar with {patchouli} mods - versions {1.20.1-84.1-FORGE}
[04Mar2025 02:55:05.577] [main/DEBUG] [net.minecraftforge.fml.loading.moddiscovery.ModFileParser/LOADING]: Considering mod file candidate /workspaces/panaserver2.0/servidor_minecraft/mods/relics-1.20.1-0.8.0.7.jar
[04Mar2025 02:55:05.578] [main/DEBUG] [net.minecraftforge.fml.loading.moddiscovery.ModFileInfo/LOADING]: Found valid mod file relics-1.20.1-0.8.0.7.jar with {relics} mods - versions {0.8.0.7}
[04Mar2025 02:55:05.579] [main/DEBUG] [net.minecraftforge.fml.loading.moddiscovery.ModFileParser/LOADING]: Considering mod file candidate /workspaces/panaserver2.0/servidor_minecraft/mods/RPG_Style_more_Weapons_9.2_1.20.1.jar
[04Mar2025 02:55:05.580] [main/DEBUG] [net.minecraftforge.fml.loading.moddiscovery.ModFileInfo/LOADING]: Found valid mod file RPG_Style_more_Weapons_9.2_1.20.1.jar with {rpgsmw} mods - versions {9.21.20.1}
[04Mar2025 02:55:05.580] [main/DEBUG] [net.minecraftforge.fml.loading.moddiscovery.ModFileParser/LOADING]: Considering mod file candidate /workspaces/panaserver2.0/servidor_minecraft/mods/rpgstats-1.0.3.jar
[04Mar2025 02:55:05.581] [main/DEBUG] [net.minecraftforge.fml.loading.moddiscovery.ModFileInfo/LOADING]: Found valid mod file rpgstats-1.0.3.jar with {rpgstats} mods - versions {1.0.3}
[04Mar2025 02:55:05.583] [main/DEBUG] [net.minecraftforge.fml.loading.moddiscovery.ModFileParser/LOADING]: Considering mod file candidate /workspaces/panaserver2.0/servidor_minecraft/mods/simplyswords-forge-1.56.0-1.20.1.jar
[04Mar2025 02:55:05.585] [main/DEBUG] [net.minecraftforge.fml.loading.moddiscovery.ModFileInfo/LOADING]: Found valid mod file simplyswords-forge-1.56.0-1.20.1.jar with {simplyswords} mods - versions {1.56.0-1.20.1}
[04Mar2025 02:55:05.585] [main/DEBUG] [net.minecraftforge.fml.loading.moddiscovery.ModFileParser/LOADING]: Considering mod file candidate /workspaces/panaserver2.0/servidor_minecraft/mods/SmartBrainLib-forge-1.20.1-1.15.jar
[04Mar2025 02:55:05.586] [main/DEBUG] [net.minecraftforge.fml.loading.moddiscovery.ModFileInfo/LOADING]: Found valid mod file SmartBrainLib-forge-1.20.1-1.15.jar with {smartbrainlib} mods - versions {1.15}
[04Mar2025 02:55:05.587] [main/DEBUG] [net.minecraftforge.fml.loading.moddiscovery.ModFileParser/LOADING]: Considering mod file candidate /workspaces/panaserver2.0/servidor_minecraft/mods/structurize-1.20.1-1.0.764-snapshot.jar
[04Mar2025 02:55:05.588] [main/DEBUG] [net.minecraftforge.fml.loading.moddiscovery.ModFileInfo/LOADING]: Found valid mod file structurize-1.20.1-1.0.764-snapshot.jar with {structurize} mods - versions {1.20.1-1.0.764-snapshot}
[04Mar2025 02:55:05.588] [main/DEBUG] [net.minecraftforge.fml.loading.moddiscovery.ModFileParser/LOADING]: Considering mod file candidate /workspaces/panaserver2.0/servidor_minecraft/mods/TerraBlender-forge-1.20.1-3.0.1.7.jar
[04Mar2025 02:55:05.589] [main/DEBUG] [net.minecraftforge.fml.loading.moddiscovery.ModFileInfo/LOADING]: Found valid mod file TerraBlender-forge-1.20.1-3.0.1.7.jar with {terrablender} mods - versions {3.0.1.7}
[04Mar2025 02:55:05.592] [main/DEBUG] [net.minecraftforge.fml.loading.moddiscovery.ModFileParser/LOADING]: Considering mod file candidate /workspaces/panaserver2.0/servidor_minecraft/mods/terramity-0.9.6.1-forge-1.20.1.jar
[04Mar2025 02:55:05.592] [main/DEBUG] [net.minecraftforge.fml.loading.moddiscovery.ModFileInfo/LOADING]: Found valid mod file terramity-0.9.6.1-forge-1.20.1.jar with {terramity} mods - versions {0.9.6.1}
[04Mar2025 02:55:05.593] [main/DEBUG] [net.minecraftforge.fml.loading.moddiscovery.ModFileParser/LOADING]: Considering mod file candidate /workspaces/panaserver2.0/servidor_minecraft/mods/The_Graveyard_3.1_(FORGE)_for_1.20.1.jar
[04Mar2025 02:55:05.594] [main/DEBUG] [net.minecraftforge.fml.loading.moddiscovery.ModFileInfo/LOADING]: Found valid mod file The_Graveyard_3.1_(FORGE)_for_1.20.1.jar with {graveyard} mods - versions {3.1}
[04Mar2025 02:55:05.595] [main/DEBUG] [net.minecraftforge.fml.loading.moddiscovery.ModFileParser/LOADING]: Considering mod file candidate /workspaces/panaserver2.0/servidor_minecraft/mods/tombstone-1.20.1-8.9.0.jar
[04Mar2025 02:55:05.596] [main/DEBUG] [net.minecraftforge.fml.loading.moddiscovery.ModFileInfo/LOADING]: Found valid mod file tombstone-1.20.1-8.9.0.jar with {tombstone} mods - versions {8.9.0}
[04Mar2025 02:55:05.599] [main/DEBUG] [net.minecraftforge.fml.loading.moddiscovery.ModFileParser/LOADING]: Considering mod file candidate /workspaces/panaserver2.0/servidor_minecraft/mods/twilightforest-1.20.1-4.3.2508-universal.jar
[04Mar2025 02:55:05.599] [main/DEBUG] [net.minecraftforge.fml.loading.moddiscovery.ModFileInfo/LOADING]: Found valid mod file twilightforest-1.20.1-4.3.2508-universal.jar with {twilightforest} mods - versions {4.3.2508}
[04Mar2025 02:55:05.600] [main/DEBUG] [net.minecraftforge.fml.loading.moddiscovery.ModFileParser/LOADING]: Considering mod file candidate /workspaces/panaserver2.0/servidor_minecraft/mods/waystones-forge-1.20.1-14.1.9.jar
[04Mar2025 02:55:05.600] [main/DEBUG] [net.minecraftforge.fml.loading.moddiscovery.ModFileInfo/LOADING]: Found valid mod file waystones-forge-1.20.1-14.1.9.jar with {waystones} mods - versions {14.1.9}
[04Mar2025 02:55:05.693] [main/DEBUG] [net.minecraftforge.fml.loading.moddiscovery.ModFileInfo/LOADING]: Found valid mod file server-1.20.1-20230612.114412-srg.jar with {minecraft} mods - versions {1.20.1}
[04Mar2025 02:55:05.694] [main/DEBUG] [net.minecraftforge.fml.loading.moddiscovery.ModFileParser/LOADING]: Considering mod file candidate /workspaces/panaserver2.0/servidor_minecraft/libraries/net/minecraftforge/fmlcore/1.20.1-47.3.7/fmlcore-1.20.1-47.3.7.jar
[04Mar2025 02:55:05.695] [main/WARN] [net.minecraftforge.fml.loading.moddiscovery.ModFileParser/LOADING]: Mod file /workspaces/panaserver2.0/servidor_minecraft/libraries/net/minecraftforge/fmlcore/1.20.1-47.3.7/fmlcore-1.20.1-47.3.7.jar is missing mods.toml file
[04Mar2025 02:55:05.695] [main/DEBUG] [net.minecraftforge.fml.loading.moddiscovery.ModFileParser/LOADING]: Considering mod file candidate /workspaces/panaserver2.0/servidor_minecraft/libraries/net/minecraftforge/javafmllanguage/1.20.1-47.3.7/javafmllanguage-1.20.1-47.3.7.jar
[04Mar2025 02:55:05.696] [main/WARN] [net.minecraftforge.fml.loading.moddiscovery.ModFileParser/LOADING]: Mod file /workspaces/panaserver2.0/servidor_minecraft/libraries/net/minecraftforge/javafmllanguage/1.20.1-47.3.7/javafmllanguage-1.20.1-47.3.7.jar is missing mods.toml file
[04Mar2025 02:55:05.696] [main/DEBUG] [net.minecraftforge.fml.loading.moddiscovery.ModFileParser/LOADING]: Considering mod file candidate /workspaces/panaserver2.0/servidor_minecraft/libraries/net/minecraftforge/lowcodelanguage/1.20.1-47.3.7/lowcodelanguage-1.20.1-47.3.7.jar
[04Mar2025 02:55:05.697] [main/WARN] [net.minecraftforge.fml.loading.moddiscovery.ModFileParser/LOADING]: Mod file /workspaces/panaserver2.0/servidor_minecraft/libraries/net/minecraftforge/lowcodelanguage/1.20.1-47.3.7/lowcodelanguage-1.20.1-47.3.7.jar is missing mods.toml file
[04Mar2025 02:55:05.697] [main/DEBUG] [net.minecraftforge.fml.loading.moddiscovery.ModFileParser/LOADING]: Considering mod file candidate /workspaces/panaserver2.0/servidor_minecraft/libraries/net/minecraftforge/mclanguage/1.20.1-47.3.7/mclanguage-1.20.1-47.3.7.jar
[04Mar2025 02:55:05.697] [main/WARN] [net.minecraftforge.fml.loading.moddiscovery.ModFileParser/LOADING]: Mod file /workspaces/panaserver2.0/servidor_minecraft/libraries/net/minecraftforge/mclanguage/1.20.1-47.3.7/mclanguage-1.20.1-47.3.7.jar is missing mods.toml file
[04Mar2025 02:55:05.732] [main/DEBUG] [net.minecraftforge.fml.loading.moddiscovery.ModFileParser/LOADING]: Considering mod file candidate /workspaces/panaserver2.0/servidor_minecraft/libraries/net/minecraftforge/forge/1.20.1-47.3.7/forge-1.20.1-47.3.7-universal.jar
[04Mar2025 02:55:05.733] [main/DEBUG] [net.minecraftforge.fml.loading.moddiscovery.ModFileInfo/LOADING]: Found valid mod file forge-1.20.1-47.3.7-universal.jar with {forge} mods - versions {47.3.7}
[04Mar2025 02:55:05.750] [main/DEBUG] [net.minecraftforge.fml.loading.moddiscovery.AbstractJarFileDependencyLocator/]: Failed to load resource META-INF/jarjar/metadata.json from SmartBrainLib-forge-1.20.1-1.15.jar, it does not contain dependency information.
[04Mar2025 02:55:05.751] [main/DEBUG] [net.minecraftforge.fml.loading.moddiscovery.AbstractJarFileDependencyLocator/]: Failed to load resource META-INF/jarjar/metadata.json from CyclopsCore-1.20.1-1.19.6.jar, it does not contain dependency information.
[04Mar2025 02:55:05.751] [main/DEBUG] [net.minecraftforge.fml.loading.moddiscovery.AbstractJarFileDependencyLocator/]: Failed to load resource META-INF/jarjar/metadata.json from Cucumber-1.20.1-7.0.13.jar, it does not contain dependency information.
[04Mar2025 02:55:05.751] [main/DEBUG] [net.minecraftforge.fml.loading.moddiscovery.AbstractJarFileDependencyLocator/]: Failed to load resource META-INF/jarjar/metadata.json from [1.20.1]illusion_onslaught-1.1.0.jar, it does not contain dependency information.
[04Mar2025 02:55:05.751] [main/DEBUG] [net.minecraftforge.fml.loading.moddiscovery.AbstractJarFileDependencyLocator/]: Failed to load resource META-INF/jarjar/metadata.json from The_Graveyard_3.1_(FORGE)_for_1.20.1.jar, it does not contain dependency information.
[04Mar2025 02:55:05.751] [main/DEBUG] [net.minecraftforge.fml.loading.moddiscovery.AbstractJarFileDependencyLocator/]: Failed to load resource META-INF/jarjar/metadata.json from caelus-forge-3.2.0+1.20.1.jar, it does not contain dependency information.
[04Mar2025 02:55:05.751] [main/DEBUG] [net.minecraftforge.fml.loading.moddiscovery.AbstractJarFileDependencyLocator/]: Failed to load resource META-INF/jarjar/metadata.json from waystones-forge-1.20.1-14.1.9.jar, it does not contain dependency information.
[04Mar2025 02:55:05.751] [main/DEBUG] [net.minecraftforge.fml.loading.moddiscovery.AbstractJarFileDependencyLocator/]: Failed to load resource META-INF/jarjar/metadata.json from rpgstats-1.0.3.jar, it does not contain dependency information.
[04Mar2025 02:55:05.752] [main/DEBUG] [net.minecraftforge.fml.loading.moddiscovery.AbstractJarFileDependencyLocator/]: Failed to load resource META-INF/jarjar/metadata.json from epicfight-forge-20.9.7-1.20.1.jar, it does not contain dependency information.
[04Mar2025 02:55:05.752] [main/DEBUG] [net.minecraftforge.fml.loading.moddiscovery.AbstractJarFileDependencyLocator/]: Failed to load resource META-INF/jarjar/metadata.json from citadel-2.6.1-1.20.1.jar, it does not contain dependency information.
[04Mar2025 02:55:05.752] [main/DEBUG] [net.minecraftforge.fml.loading.moddiscovery.AbstractJarFileDependencyLocator/]: Failed to load resource META-INF/jarjar/metadata.json from EvilCraft-1.20.1-1.2.51.jar, it does not contain dependency information.
[04Mar2025 02:55:05.753] [main/DEBUG] [net.minecraftforge.fml.loading.moddiscovery.AbstractJarFileDependencyLocator/]: Failed to load resource META-INF/jarjar/metadata.json from GlitchCore-forge-1.20.1-0.0.1.1.jar, it does not contain dependency information.
[04Mar2025 02:55:05.753] [main/DEBUG] [net.minecraftforge.fml.loading.moddiscovery.AbstractJarFileDependencyLocator/]: Failed to load resource META-INF/jarjar/metadata.json from relics-1.20.1-0.8.0.7.jar, it does not contain dependency information.
[04Mar2025 02:55:05.753] [main/DEBUG] [net.minecraftforge.fml.loading.moddiscovery.AbstractJarFileDependencyLocator/]: Failed to load resource META-INF/jarjar/metadata.json from cloth-config-11.1.136-forge.jar, it does not contain dependency information.
[04Mar2025 02:55:05.753] [main/DEBUG] [net.minecraftforge.fml.loading.moddiscovery.AbstractJarFileDependencyLocator/]: Failed to load resource META-INF/jarjar/metadata.json from forge-1.20.1-47.3.7-universal.jar, it does not contain dependency information.
[04Mar2025 02:55:05.753] [main/DEBUG] [net.minecraftforge.fml.loading.moddiscovery.AbstractJarFileDependencyLocator/]: Failed to load resource META-INF/jarjar/metadata.json from RPG_Style_more_Weapons_9.2_1.20.1.jar, it does not contain dependency information.
[04Mar2025 02:55:05.753] [main/DEBUG] [net.minecraftforge.fml.loading.moddiscovery.AbstractJarFileDependencyLocator/]: Failed to load resource META-INF/jarjar/metadata.json from twilightforest-1.20.1-4.3.2508-universal.jar, it does not contain dependency information.
[04Mar2025 02:55:05.754] [main/DEBUG] [net.minecraftforge.fml.loading.moddiscovery.AbstractJarFileDependencyLocator/]: Failed to load resource META-INF/jarjar/metadata.json from MysticalAgriculture-1.20.1-7.0.16.jar, it does not contain dependency information.
[04Mar2025 02:55:05.754] [main/DEBUG] [net.minecraftforge.fml.loading.moddiscovery.AbstractJarFileDependencyLocator/]: Failed to load resource META-INF/jarjar/metadata.json from DungeonsArise-1.20.1-2.1.57-release.jar, it does not contain dependency information.
[04Mar2025 02:55:05.754] [main/DEBUG] [net.minecraftforge.fml.loading.moddiscovery.AbstractJarFileDependencyLocator/]: Failed to load resource META-INF/jarjar/metadata.json from server-1.20.1-20230612.114412-srg.jar, it does not contain dependency information.
[04Mar2025 02:55:05.754] [main/DEBUG] [net.minecraftforge.fml.loading.moddiscovery.AbstractJarFileDependencyLocator/]: Failed to load resource META-INF/jarjar/metadata.json from terramity-0.9.6.1-forge-1.20.1.jar, it does not contain dependency information.
[04Mar2025 02:55:05.754] [main/DEBUG] [net.minecraftforge.fml.loading.moddiscovery.AbstractJarFileDependencyLocator/]: Failed to load resource META-INF/jarjar/metadata.json from alexscaves-2.0.2.jar, it does not contain dependency information.
[04Mar2025 02:55:05.755] [main/DEBUG] [net.minecraftforge.fml.loading.moddiscovery.AbstractJarFileDependencyLocator/]: Failed to load resource META-INF/jarjar/metadata.json from simplyswords-forge-1.56.0-1.20.1.jar, it does not contain dependency information.
[04Mar2025 02:55:05.755] [main/DEBUG] [net.minecraftforge.fml.loading.moddiscovery.AbstractJarFileDependencyLocator/]: Failed to load resource META-INF/jarjar/metadata.json from TerraBlender-forge-1.20.1-3.0.1.7.jar, it does not contain dependency information.
[04Mar2025 02:55:05.755] [main/DEBUG] [net.minecraftforge.fml.loading.moddiscovery.AbstractJarFileDependencyLocator/]: Failed to load resource META-INF/jarjar/metadata.json from BiomesOPlenty-forge-1.20.1-19.0.0.94.jar, it does not contain dependency information.
[04Mar2025 02:55:05.755] [main/DEBUG] [net.minecraftforge.fml.loading.moddiscovery.AbstractJarFileDependencyLocator/]: Failed to load resource META-INF/jarjar/metadata.json from Botania-1.20.1-447-FORGE.jar, it does not contain dependency information.
[04Mar2025 02:55:05.755] [main/DEBUG] [net.minecraftforge.fml.loading.moddiscovery.AbstractJarFileDependencyLocator/]: Failed to load resource META-INF/jarjar/metadata.json from born_in_chaos_[Forge]1.20.1_1.6.3.jar, it does not contain dependency information.
[04Mar2025 02:55:05.755] [main/DEBUG] [net.minecraftforge.fml.loading.moddiscovery.AbstractJarFileDependencyLocator/]: Failed to load resource META-INF/jarjar/metadata.json from lionfishapi-2.4-Fix.jar, it does not contain dependency information.
[04Mar2025 02:55:05.755] [main/DEBUG] [net.minecraftforge.fml.loading.moddiscovery.AbstractJarFileDependencyLocator/]: Failed to load resource META-INF/jarjar/metadata.json from domum_ornamentum-1.20.1-1.0.284-snapshot-universal.jar, it does not contain dependency information.
[04Mar2025 02:55:05.756] [main/DEBUG] [net.minecraftforge.fml.loading.moddiscovery.AbstractJarFileDependencyLocator/]: Failed to load resource META-INF/jarjar/metadata.json from easy-villagers-forge-1.20.1-1.1.23.jar, it does not contain dependency information.
[04Mar2025 02:55:05.756] [main/DEBUG] [net.minecraftforge.fml.loading.moddiscovery.AbstractJarFileDependencyLocator/]: Failed to load resource META-INF/jarjar/metadata.json from L_Enders_Cataclysm-2.54- 1.20.1.jar, it does not contain dependency information.
[04Mar2025 02:55:05.756] [main/DEBUG] [net.minecraftforge.fml.loading.moddiscovery.AbstractJarFileDependencyLocator/]: Failed to load resource META-INF/jarjar/metadata.json from curios-forge-5.11.1+1.20.1.jar, it does not contain dependency information.
[04Mar2025 02:55:05.756] [main/DEBUG] [net.minecraftforge.fml.loading.moddiscovery.AbstractJarFileDependencyLocator/]: Failed to load resource META-INF/jarjar/metadata.json from Patchouli-1.20.1-84.1-FORGE.jar, it does not contain dependency information.
[04Mar2025 02:55:05.756] [main/DEBUG] [net.minecraftforge.fml.loading.moddiscovery.AbstractJarFileDependencyLocator/]: Failed to load resource META-INF/jarjar/metadata.json from blockui-1.20.1-1.0.156-RELEASE.jar, it does not contain dependency information.
[04Mar2025 02:55:05.756] [main/DEBUG] [net.minecraftforge.fml.loading.moddiscovery.AbstractJarFileDependencyLocator/]: Failed to load resource META-INF/jarjar/metadata.json from armourersworkshop-forge-1.20.1-3.2.0-beta.jar, it does not contain dependency information.
[04Mar2025 02:55:05.757] [main/DEBUG] [net.minecraftforge.fml.loading.moddiscovery.AbstractJarFileDependencyLocator/]: Failed to load resource META-INF/jarjar/metadata.json from Gobber2-Forge-1.20.1-2.8.9.jar, it does not contain dependency information.
[04Mar2025 02:55:05.757] [main/DEBUG] [net.minecraftforge.fml.loading.moddiscovery.AbstractJarFileDependencyLocator/]: Failed to load resource META-INF/jarjar/metadata.json from tombstone-1.20.1-8.9.0.jar, it does not contain dependency information.
[04Mar2025 02:55:05.757] [main/DEBUG] [net.minecraftforge.fml.loading.moddiscovery.AbstractJarFileDependencyLocator/]: Failed to load resource META-INF/jarjar/metadata.json from structurize-1.20.1-1.0.764-snapshot.jar, it does not contain dependency information.
[04Mar2025 02:55:05.757] [main/DEBUG] [net.minecraftforge.fml.loading.moddiscovery.AbstractJarFileDependencyLocator/]: Failed to load resource META-INF/jarjar/metadata.json from minecolonies-1.20.1-1.1.809-snapshot.jar, it does not contain dependency information.
[04Mar2025 02:55:05.757] [main/DEBUG] [net.minecraftforge.fml.loading.moddiscovery.AbstractJarFileDependencyLocator/]: Failed to load resource META-INF/jarjar/metadata.json from deeperdarker-forge-1.20.1-1.3.3.jar, it does not contain dependency information.
[04Mar2025 02:55:05.757] [main/DEBUG] [net.minecraftforge.fml.loading.moddiscovery.AbstractJarFileDependencyLocator/]: Failed to load resource META-INF/jarjar/metadata.json from architectury-9.2.14-forge.jar, it does not contain dependency information.
[04Mar2025 02:55:05.758] [main/DEBUG] [net.minecraftforge.fml.loading.moddiscovery.AbstractJarFileDependencyLocator/]: Failed to load resource META-INF/jarjar/metadata.json from lootr-forge-1.20-0.7.35.90.jar, it does not contain dependency information.
[04Mar2025 02:55:05.758] [main/DEBUG] [net.minecraftforge.fml.loading.moddiscovery.AbstractJarFileDependencyLocator/]: Failed to load resource META-INF/jarjar/metadata.json from occultism-1.20.1-1.141.2.jar, it does not contain dependency information.
[04Mar2025 02:55:05.758] [main/DEBUG] [net.minecraftforge.fml.loading.moddiscovery.AbstractJarFileDependencyLocator/]: Failed to load resource META-INF/jarjar/metadata.json from majruszs-enchantments-forge-1.20.1-1.10.8.jar, it does not contain dependency information.
[04Mar2025 02:55:05.758] [main/DEBUG] [net.minecraftforge.fml.loading.moddiscovery.AbstractJarFileDependencyLocator/]: Failed to load resource META-INF/jarjar/metadata.json from majrusz-library-forge-1.20.1-7.0.8.jar, it does not contain dependency information.
[04Mar2025 02:55:05.758] [main/DEBUG] [net.minecraftforge.fml.loading.moddiscovery.AbstractJarFileDependencyLocator/]: Failed to load resource META-INF/jarjar/metadata.json from mclanguage-1.20.1-47.3.7.jar, it does not contain dependency information.
[04Mar2025 02:55:05.758] [main/DEBUG] [net.minecraftforge.fml.loading.moddiscovery.AbstractJarFileDependencyLocator/]: Failed to load resource META-INF/jarjar/metadata.json from javafmllanguage-1.20.1-47.3.7.jar, it does not contain dependency information.
[04Mar2025 02:55:05.759] [main/DEBUG] [net.minecraftforge.fml.loading.moddiscovery.AbstractJarFileDependencyLocator/]: Failed to load resource META-INF/jarjar/metadata.json from fmlcore-1.20.1-47.3.7.jar, it does not contain dependency information.
[04Mar2025 02:55:05.759] [main/DEBUG] [net.minecraftforge.fml.loading.moddiscovery.AbstractJarFileDependencyLocator/]: Failed to load resource META-INF/jarjar/metadata.json from lowcodelanguage-1.20.1-47.3.7.jar, it does not contain dependency information.
[04Mar2025 02:55:05.824] [main/DEBUG] [net.minecraftforge.fml.loading.moddiscovery.ModFileParser/LOADING]: Considering mod file candidate 
[04Mar2025 02:55:05.825] [main/DEBUG] [net.minecraftforge.fml.loading.moddiscovery.ModFileInfo/LOADING]: Found valid mod file expandability-forge-9.0.4.jar with {expandability} mods - versions {9.0.4}
[04Mar2025 02:55:05.827] [main/DEBUG] [net.minecraftforge.fml.loading.moddiscovery.ModFileParser/LOADING]: Considering mod file candidate 
[04Mar2025 02:55:05.827] [main/DEBUG] [net.minecraftforge.fml.loading.moddiscovery.ModFileInfo/LOADING]: Found valid mod file mixinextras-forge-0.3.5.jar with {mixinextras} mods - versions {0.3.5}
[04Mar2025 02:55:05.837] [main/DEBUG] [net.minecraftforge.fml.loading.moddiscovery.ModFileParser/LOADING]: Considering mod file candidate 
[04Mar2025 02:55:05.838] [main/DEBUG] [net.minecraftforge.fml.loading.moddiscovery.ModFileInfo/LOADING]: Found valid mod file kuma-api-forge-20.1.9-SNAPSHOT.jar with {kuma_api} mods - versions {20.1.9-SNAPSHOT}
[04Mar2025 02:55:05.838] [main/DEBUG] [net.minecraftforge.fml.loading.moddiscovery.AbstractJarFileDependencyLocator/]: Failed to load resource META-INF/jarjar/metadata.json from mclib-20.jar, it does not contain dependency information.
[04Mar2025 02:55:05.838] [main/DEBUG] [net.minecraftforge.fml.loading.moddiscovery.AbstractJarFileDependencyLocator/]: Failed to load resource META-INF/jarjar/metadata.json from commonmark-0.24.0.jar, it does not contain dependency information.
[04Mar2025 02:55:05.838] [main/DEBUG] [net.minecraftforge.fml.loading.moddiscovery.AbstractJarFileDependencyLocator/]: Failed to load resource META-INF/jarjar/metadata.json from commonmark-ext-gfm-strikethrough-0.24.0.jar, it does not contain dependency information.
[04Mar2025 02:55:05.839] [main/DEBUG] [net.minecraftforge.fml.loading.moddiscovery.AbstractJarFileDependencyLocator/]: Failed to load resource META-INF/jarjar/metadata.json from commonmark-ext-ins-0.24.0.jar, it does not contain dependency information.
[04Mar2025 02:55:05.875] [main/DEBUG] [net.minecraftforge.fml.loading.moddiscovery.AbstractJarFileDependencyLocator/]: Failed to load resource META-INF/jarjar/metadata.json from snakeyaml-2.2.jar, it does not contain dependency information.
[04Mar2025 02:55:05.876] [main/DEBUG] [net.minecraftforge.fml.loading.moddiscovery.AbstractJarFileDependencyLocator/]: Failed to load resource META-INF/jarjar/metadata.json from kuma-api-forge-20.1.9-SNAPSHOT.jar, it does not contain dependency information.
[04Mar2025 02:55:05.876] [main/DEBUG] [net.minecraftforge.fml.loading.moddiscovery.AbstractJarFileDependencyLocator/]: Failed to load resource META-INF/jarjar/metadata.json from MixinExtras-0.1.1.jar, it does not contain dependency information.
[04Mar2025 02:55:05.876] [main/DEBUG] [net.minecraftforge.fml.loading.moddiscovery.AbstractJarFileDependencyLocator/]: Failed to load resource META-INF/jarjar/metadata.json from MixinExtras-0.3.5.jar, it does not contain dependency information.
[04Mar2025 02:55:05.917] [main/DEBUG] [net.minecraftforge.fml.loading.moddiscovery.ModFileParser/LOADING]: Considering mod file candidate 
[04Mar2025 02:55:05.918] [main/DEBUG] [net.minecraftforge.fml.loading.moddiscovery.ModFileInfo/LOADING]: Found valid mod file kuma-api-forge-20.1.9-SNAPSHOT.jar with {kuma_api} mods - versions {20.1.9-SNAPSHOT}
[04Mar2025 02:55:05.919] [main/DEBUG] [net.minecraftforge.fml.loading.moddiscovery.ModFileParser/LOADING]: Considering mod file candidate 
[04Mar2025 02:55:05.919] [main/DEBUG] [net.minecraftforge.fml.loading.moddiscovery.ModFileInfo/LOADING]: Found valid mod file expandability-forge-9.0.4.jar with {expandability} mods - versions {9.0.4}
[04Mar2025 02:55:05.942] [main/DEBUG] [net.minecraftforge.fml.loading.moddiscovery.ModFileParser/LOADING]: Considering mod file candidate 
[04Mar2025 02:55:05.943] [main/DEBUG] [net.minecraftforge.fml.loading.moddiscovery.ModFileInfo/LOADING]: Found valid mod file mixinextras-forge-0.3.5.jar with {mixinextras} mods - versions {0.3.5}
[04Mar2025 02:55:05.955] [main/INFO] [net.minecraftforge.fml.loading.moddiscovery.JarInJarDependencyLocator/]: Found 9 dependencies adding them to mods collection
[04Mar2025 02:55:05.961] [main/DEBUG] [net.minecraftforge.fml.loading.moddiscovery.ModFileParser/LOADING]: Considering mod file candidate /workspaces/panaserver2.0/servidor_minecraft/mods/SmartBrainLib-forge-1.20.1-1.15.jar
[04Mar2025 02:55:05.962] [main/DEBUG] [net.minecraftforge.fml.loading.moddiscovery.ModFileInfo/LOADING]: Found valid mod file SmartBrainLib-forge-1.20.1-1.15.jar with {smartbrainlib} mods - versions {1.15}
[04Mar2025 02:55:05.965] [main/DEBUG] [net.minecraftforge.fml.loading.moddiscovery.ModFile/LOADING]: Loading mod file /workspaces/panaserver2.0/servidor_minecraft/mods/SmartBrainLib-forge-1.20.1-1.15.jar with languages [LanguageSpec[languageName=javafml, acceptedVersions=[47,)]]
[04Mar2025 02:55:05.966] [main/DEBUG] [net.minecraftforge.fml.loading.moddiscovery.ModFileParser/LOADING]: Considering mod file candidate /workspaces/panaserver2.0/servidor_minecraft/mods/CyclopsCore-1.20.1-1.19.6.jar
[04Mar2025 02:55:05.966] [main/DEBUG] [net.minecraftforge.fml.loading.moddiscovery.ModFileInfo/LOADING]: Found valid mod file CyclopsCore-1.20.1-1.19.6.jar with {cyclopscore} mods - versions {1.19.6}
[04Mar2025 02:55:05.967] [main/DEBUG] [net.minecraftforge.fml.loading.moddiscovery.ModFile/LOADING]: Loading mod file /workspaces/panaserver2.0/servidor_minecraft/mods/CyclopsCore-1.20.1-1.19.6.jar with languages [LanguageSpec[languageName=javafml, acceptedVersions=[47,)]]
[04Mar2025 02:55:05.967] [main/DEBUG] [net.minecraftforge.fml.loading.moddiscovery.ModFileParser/LOADING]: Considering mod file candidate 
[04Mar2025 02:55:05.967] [main/DEBUG] [net.minecraftforge.fml.loading.moddiscovery.ModFileInfo/LOADING]: Found valid mod file kuma-api-forge-20.1.9-SNAPSHOT.jar with {kuma_api} mods - versions {20.1.9-SNAPSHOT}
[04Mar2025 02:55:05.967] [main/DEBUG] [net.minecraftforge.fml.loading.moddiscovery.ModFile/LOADING]: Loading mod file  with languages [LanguageSpec[languageName=javafml, acceptedVersions=[47,)]]
[04Mar2025 02:55:05.967] [main/DEBUG] [net.minecraftforge.fml.loading.moddiscovery.ModFileParser/LOADING]: Considering mod file candidate /workspaces/panaserver2.0/servidor_minecraft/mods/[1.20.1]illusion_onslaught-1.1.0.jar
[04Mar2025 02:55:05.968] [main/DEBUG] [net.minecraftforge.fml.loading.moddiscovery.ModFileInfo/LOADING]: Found valid mod file [1.20.1]illusion_onslaught-1.1.0.jar with {illusion_onslaught} mods - versions {1.1.0}
[04Mar2025 02:55:05.968] [main/DEBUG] [net.minecraftforge.fml.loading.moddiscovery.ModFile/LOADING]: Loading mod file /workspaces/panaserver2.0/servidor_minecraft/mods/[1.20.1]illusion_onslaught-1.1.0.jar with languages [LanguageSpec[languageName=javafml, acceptedVersions=[47,)]]
[04Mar2025 02:55:05.968] [main/DEBUG] [net.minecraftforge.fml.loading.moddiscovery.ModFileParser/LOADING]: Considering mod file candidate /workspaces/panaserver2.0/servidor_minecraft/mods/Cucumber-1.20.1-7.0.13.jar
[04Mar2025 02:55:05.969] [main/DEBUG] [net.minecraftforge.fml.loading.moddiscovery.ModFileInfo/LOADING]: Found valid mod file Cucumber-1.20.1-7.0.13.jar with {cucumber} mods - versions {7.0.13}
[04Mar2025 02:55:05.969] [main/DEBUG] [net.minecraftforge.fml.loading.moddiscovery.ModFile/LOADING]: Loading mod file /workspaces/panaserver2.0/servidor_minecraft/mods/Cucumber-1.20.1-7.0.13.jar with languages [LanguageSpec[languageName=javafml, acceptedVersions=[47,)]]
[04Mar2025 02:55:05.969] [main/DEBUG] [net.minecraftforge.fml.loading.moddiscovery.ModFileParser/LOADING]: Considering mod file candidate /workspaces/panaserver2.0/servidor_minecraft/mods/geckolib-forge-1.20.1-4.7.jar
[04Mar2025 02:55:05.970] [main/DEBUG] [net.minecraftforge.fml.loading.moddiscovery.ModFileInfo/LOADING]: Found valid mod file geckolib-forge-1.20.1-4.7.jar with {geckolib} mods - versions {4.7}
[04Mar2025 02:55:05.970] [main/DEBUG] [net.minecraftforge.fml.loading.moddiscovery.ModFile/LOADING]: Loading mod file /workspaces/panaserver2.0/servidor_minecraft/mods/geckolib-forge-1.20.1-4.7.jar with languages [LanguageSpec[languageName=javafml, acceptedVersions=[47,)]]
[04Mar2025 02:55:05.970] [main/DEBUG] [net.minecraftforge.fml.loading.moddiscovery.ModFileParser/LOADING]: Considering mod file candidate /workspaces/panaserver2.0/servidor_minecraft/mods/OctoLib-FORGE-0.4.2+1.20.1.jar
[04Mar2025 02:55:05.970] [main/DEBUG] [net.minecraftforge.fml.loading.moddiscovery.ModFileInfo/LOADING]: Found valid mod file OctoLib-FORGE-0.4.2+1.20.1.jar with {octolib} mods - versions {0.4.2}
[04Mar2025 02:55:05.970] [main/DEBUG] [net.minecraftforge.fml.loading.moddiscovery.ModFile/LOADING]: Loading mod file /workspaces/panaserver2.0/servidor_minecraft/mods/OctoLib-FORGE-0.4.2+1.20.1.jar with languages [LanguageSpec[languageName=javafml, acceptedVersions=[47,)]]
[04Mar2025 02:55:05.971] [main/DEBUG] [net.minecraftforge.fml.loading.moddiscovery.ModFileParser/LOADING]: Considering mod file candidate /workspaces/panaserver2.0/servidor_minecraft/mods/The_Graveyard_3.1_(FORGE)_for_1.20.1.jar
[04Mar2025 02:55:05.971] [main/DEBUG] [net.minecraftforge.fml.loading.moddiscovery.ModFileInfo/LOADING]: Found valid mod file The_Graveyard_3.1_(FORGE)_for_1.20.1.jar with {graveyard} mods - versions {3.1}
[04Mar2025 02:55:05.971] [main/DEBUG] [net.minecraftforge.fml.loading.moddiscovery.ModFile/LOADING]: Loading mod file /workspaces/panaserver2.0/servidor_minecraft/mods/The_Graveyard_3.1_(FORGE)_for_1.20.1.jar with languages [LanguageSpec[languageName=javafml, acceptedVersions=[37,)]]
[04Mar2025 02:55:05.971] [main/DEBUG] [net.minecraftforge.fml.loading.moddiscovery.ModFileParser/LOADING]: Considering mod file candidate /workspaces/panaserver2.0/servidor_minecraft/mods/caelus-forge-3.2.0+1.20.1.jar
[04Mar2025 02:55:05.972] [main/DEBUG] [net.minecraftforge.fml.loading.moddiscovery.ModFileInfo/LOADING]: Found valid mod file caelus-forge-3.2.0+1.20.1.jar with {caelus} mods - versions {3.2.0+1.20.1}
[04Mar2025 02:55:05.973] [main/DEBUG] [net.minecraftforge.fml.loading.moddiscovery.ModFile/LOADING]: Loading mod file /workspaces/panaserver2.0/servidor_minecraft/mods/caelus-forge-3.2.0+1.20.1.jar with languages [LanguageSpec[languageName=javafml, acceptedVersions=[46,)]]
[04Mar2025 02:55:05.973] [main/DEBUG] [net.minecraftforge.fml.loading.moddiscovery.ModFileParser/LOADING]: Considering mod file candidate /workspaces/panaserver2.0/servidor_minecraft/mods/waystones-forge-1.20.1-14.1.9.jar
[04Mar2025 02:55:05.973] [main/DEBUG] [net.minecraftforge.fml.loading.moddiscovery.ModFileInfo/LOADING]: Found valid mod file waystones-forge-1.20.1-14.1.9.jar with {waystones} mods - versions {14.1.9}
[04Mar2025 02:55:05.973] [main/DEBUG] [net.minecraftforge.fml.loading.moddiscovery.ModFile/LOADING]: Loading mod file /workspaces/panaserver2.0/servidor_minecraft/mods/waystones-forge-1.20.1-14.1.9.jar with languages [LanguageSpec[languageName=javafml, acceptedVersions=[46,)]]
[04Mar2025 02:55:05.974] [main/DEBUG] [net.minecraftforge.fml.loading.moddiscovery.ModFileParser/LOADING]: Considering mod file candidate /workspaces/panaserver2.0/servidor_minecraft/mods/epicfight-forge-20.9.7-1.20.1.jar
[04Mar2025 02:55:05.974] [main/DEBUG] [net.minecraftforge.fml.loading.moddiscovery.ModFileInfo/LOADING]: Found valid mod file epicfight-forge-20.9.7-1.20.1.jar with {epicfight} mods - versions {20.9.7}
[04Mar2025 02:55:05.974] [main/DEBUG] [net.minecraftforge.fml.loading.moddiscovery.ModFile/LOADING]: Loading mod file /workspaces/panaserver2.0/servidor_minecraft/mods/epicfight-forge-20.9.7-1.20.1.jar with languages [LanguageSpec[languageName=javafml, acceptedVersions=[47,)]]
[04Mar2025 02:55:05.974] [main/DEBUG] [net.minecraftforge.fml.loading.moddiscovery.ModFileParser/LOADING]: Considering mod file candidate /workspaces/panaserver2.0/servidor_minecraft/mods/rpgstats-1.0.3.jar
[04Mar2025 02:55:05.974] [main/DEBUG] [net.minecraftforge.fml.loading.moddiscovery.ModFileInfo/LOADING]: Found valid mod file rpgstats-1.0.3.jar with {rpgstats} mods - versions {1.0.3}
[04Mar2025 02:55:05.974] [main/DEBUG] [net.minecraftforge.fml.loading.moddiscovery.ModFile/LOADING]: Loading mod file /workspaces/panaserver2.0/servidor_minecraft/mods/rpgstats-1.0.3.jar with languages [LanguageSpec[languageName=javafml, acceptedVersions=[47,)]]
[04Mar2025 02:55:05.975] [main/DEBUG] [net.minecraftforge.fml.loading.moddiscovery.ModFileParser/LOADING]: Considering mod file candidate /workspaces/panaserver2.0/servidor_minecraft/mods/citadel-2.6.1-1.20.1.jar
[04Mar2025 02:55:05.976] [main/DEBUG] [net.minecraftforge.fml.loading.moddiscovery.ModFileInfo/LOADING]: Found valid mod file citadel-2.6.1-1.20.1.jar with {citadel} mods - versions {2.6.1}
[04Mar2025 02:55:05.976] [main/DEBUG] [net.minecraftforge.fml.loading.moddiscovery.ModFile/LOADING]: Loading mod file /workspaces/panaserver2.0/servidor_minecraft/mods/citadel-2.6.1-1.20.1.jar with languages [LanguageSpec[languageName=javafml, acceptedVersions=[47,)]]
[04Mar2025 02:55:05.976] [main/DEBUG] [net.minecraftforge.fml.loading.moddiscovery.ModFileParser/LOADING]: Considering mod file candidate /workspaces/panaserver2.0/servidor_minecraft/mods/artifacts-forge-9.5.13.jar
[04Mar2025 02:55:05.977] [main/DEBUG] [net.minecraftforge.fml.loading.moddiscovery.ModFileInfo/LOADING]: Found valid mod file artifacts-forge-9.5.13.jar with {artifacts} mods - versions {9.5.13}
[04Mar2025 02:55:05.977] [main/DEBUG] [net.minecraftforge.fml.loading.moddiscovery.ModFile/LOADING]: Loading mod file /workspaces/panaserver2.0/servidor_minecraft/mods/artifacts-forge-9.5.13.jar with languages [LanguageSpec[languageName=javafml, acceptedVersions=[47,)]]
[04Mar2025 02:55:05.977] [main/DEBUG] [net.minecraftforge.fml.loading.moddiscovery.ModFileParser/LOADING]: Considering mod file candidate /workspaces/panaserver2.0/servidor_minecraft/mods/EvilCraft-1.20.1-1.2.51.jar
[04Mar2025 02:55:05.978] [main/DEBUG] [net.minecraftforge.fml.loading.moddiscovery.ModFileInfo/LOADING]: Found valid mod file EvilCraft-1.20.1-1.2.51.jar with {evilcraft,evilcraftcompat} mods - versions {1.2.51,1.2.51}
[04Mar2025 02:55:05.978] [main/DEBUG] [net.minecraftforge.fml.loading.moddiscovery.ModFile/LOADING]: Loading mod file /workspaces/panaserver2.0/servidor_minecraft/mods/EvilCraft-1.20.1-1.2.51.jar with languages [LanguageSpec[languageName=javafml, acceptedVersions=[47,)]]
[04Mar2025 02:55:05.978] [main/DEBUG] [net.minecraftforge.fml.loading.moddiscovery.ModFileParser/LOADING]: Considering mod file candidate /workspaces/panaserver2.0/servidor_minecraft/mods/GlitchCore-forge-1.20.1-0.0.1.1.jar
[04Mar2025 02:55:05.978] [main/DEBUG] [net.minecraftforge.fml.loading.moddiscovery.ModFileInfo/LOADING]: Found valid mod file GlitchCore-forge-1.20.1-0.0.1.1.jar with {glitchcore} mods - versions {0.0.1.1}
[04Mar2025 02:55:05.978] [main/DEBUG] [net.minecraftforge.fml.loading.moddiscovery.ModFile/LOADING]: Loading mod file /workspaces/panaserver2.0/servidor_minecraft/mods/GlitchCore-forge-1.20.1-0.0.1.1.jar with languages [LanguageSpec[languageName=javafml, acceptedVersions=[47,)]]
[04Mar2025 02:55:05.979] [main/DEBUG] [net.minecraftforge.fml.loading.moddiscovery.ModFileParser/LOADING]: Considering mod file candidate /workspaces/panaserver2.0/servidor_minecraft/mods/relics-1.20.1-0.8.0.7.jar
[04Mar2025 02:55:05.981] [main/DEBUG] [net.minecraftforge.fml.loading.moddiscovery.ModFileInfo/LOADING]: Found valid mod file relics-1.20.1-0.8.0.7.jar with {relics} mods - versions {0.8.0.7}
[04Mar2025 02:55:05.981] [main/DEBUG] [net.minecraftforge.fml.loading.moddiscovery.ModFile/LOADING]: Loading mod file /workspaces/panaserver2.0/servidor_minecraft/mods/relics-1.20.1-0.8.0.7.jar with languages [LanguageSpec[languageName=javafml, acceptedVersions=[47,)]]
[04Mar2025 02:55:05.981] [main/DEBUG] [net.minecraftforge.fml.loading.moddiscovery.ModFileParser/LOADING]: Considering mod file candidate /workspaces/panaserver2.0/servidor_minecraft/mods/balm-forge-1.20.1-7.3.15-all.jar
[04Mar2025 02:55:05.982] [main/DEBUG] [net.minecraftforge.fml.loading.moddiscovery.ModFileInfo/LOADING]: Found valid mod file balm-forge-1.20.1-7.3.15-all.jar with {balm} mods - versions {7.3.15}
[04Mar2025 02:55:05.982] [main/DEBUG] [net.minecraftforge.fml.loading.moddiscovery.ModFile/LOADING]: Loading mod file /workspaces/panaserver2.0/servidor_minecraft/mods/balm-forge-1.20.1-7.3.15-all.jar with languages [LanguageSpec[languageName=javafml, acceptedVersions=[46,)]]
[04Mar2025 02:55:05.982] [main/DEBUG] [net.minecraftforge.fml.loading.moddiscovery.ModFileParser/LOADING]: Considering mod file candidate /workspaces/panaserver2.0/servidor_minecraft/mods/cloth-config-11.1.136-forge.jar
[04Mar2025 02:55:05.983] [main/DEBUG] [net.minecraftforge.fml.loading.moddiscovery.ModFileInfo/LOADING]: Found valid mod file cloth-config-11.1.136-forge.jar with {cloth_config} mods - versions {11.1.136}
[04Mar2025 02:55:05.983] [main/DEBUG] [net.minecraftforge.fml.loading.moddiscovery.ModFile/LOADING]: Loading mod file /workspaces/panaserver2.0/servidor_minecraft/mods/cloth-config-11.1.136-forge.jar with languages [LanguageSpec[languageName=javafml, acceptedVersions=[34,)]]
[04Mar2025 02:55:05.983] [main/DEBUG] [net.minecraftforge.fml.loading.moddiscovery.ModFileParser/LOADING]: Considering mod file candidate /workspaces/panaserver2.0/servidor_minecraft/libraries/net/minecraftforge/forge/1.20.1-47.3.7/forge-1.20.1-47.3.7-universal.jar
[04Mar2025 02:55:05.985] [main/DEBUG] [net.minecraftforge.fml.loading.moddiscovery.ModFileInfo/LOADING]: Found valid mod file forge-1.20.1-47.3.7-universal.jar with {forge} mods - versions {47.3.7}
[04Mar2025 02:55:05.986] [main/DEBUG] [net.minecraftforge.fml.loading.moddiscovery.ModFile/LOADING]: Loading mod file /workspaces/panaserver2.0/servidor_minecraft/libraries/net/minecraftforge/forge/1.20.1-47.3.7/forge-1.20.1-47.3.7-universal.jar with languages [LanguageSpec[languageName=javafml, acceptedVersions=[24,]]]
[04Mar2025 02:55:05.990] [main/DEBUG] [net.minecraftforge.fml.loading.moddiscovery.ModFileParser/LOADING]: Found coremod field_to_method with Javascript path coremods/field_to_method.js
[04Mar2025 02:55:05.990] [main/DEBUG] [net.minecraftforge.fml.loading.moddiscovery.ModFileParser/LOADING]: Found coremod field_to_instanceof with Javascript path coremods/field_to_instanceof.js
[04Mar2025 02:55:05.991] [main/DEBUG] [net.minecraftforge.fml.loading.moddiscovery.ModFileParser/LOADING]: Found coremod add_bouncer_method with Javascript path coremods/add_bouncer_method.js
[04Mar2025 02:55:05.991] [main/DEBUG] [net.minecraftforge.fml.loading.moddiscovery.ModFileParser/LOADING]: Found coremod method_redirector with Javascript path coremods/method_redirector.js
[04Mar2025 02:55:05.991] [main/DEBUG] [net.minecraftforge.fml.loading.moddiscovery.ModFile/LOADING]: Found coremod coremods/field_to_method.js
[04Mar2025 02:55:05.991] [main/DEBUG] [net.minecraftforge.fml.loading.moddiscovery.ModFile/LOADING]: Found coremod coremods/field_to_instanceof.js
[04Mar2025 02:55:05.991] [main/DEBUG] [net.minecraftforge.fml.loading.moddiscovery.ModFile/LOADING]: Found coremod coremods/add_bouncer_method.js
[04Mar2025 02:55:05.991] [main/DEBUG] [net.minecraftforge.fml.loading.moddiscovery.ModFile/LOADING]: Found coremod coremods/method_redirector.js
[04Mar2025 02:55:05.991] [main/DEBUG] [net.minecraftforge.fml.loading.moddiscovery.ModFileParser/LOADING]: Considering mod file candidate /workspaces/panaserver2.0/servidor_minecraft/mods/RPG_Style_more_Weapons_9.2_1.20.1.jar
[04Mar2025 02:55:05.992] [main/DEBUG] [net.minecraftforge.fml.loading.moddiscovery.ModFileInfo/LOADING]: Found valid mod file RPG_Style_more_Weapons_9.2_1.20.1.jar with {rpgsmw} mods - versions {9.21.20.1}
[04Mar2025 02:55:05.992] [main/DEBUG] [net.minecraftforge.fml.loading.moddiscovery.ModFile/LOADING]: Loading mod file /workspaces/panaserver2.0/servidor_minecraft/mods/RPG_Style_more_Weapons_9.2_1.20.1.jar with languages [LanguageSpec[languageName=javafml, acceptedVersions=[47,)]]
[04Mar2025 02:55:05.992] [main/DEBUG] [net.minecraftforge.fml.loading.moddiscovery.ModFileParser/LOADING]: Considering mod file candidate /workspaces/panaserver2.0/servidor_minecraft/mods/twilightforest-1.20.1-4.3.2508-universal.jar
[04Mar2025 02:55:05.993] [main/DEBUG] [net.minecraftforge.fml.loading.moddiscovery.ModFileInfo/LOADING]: Found valid mod file twilightforest-1.20.1-4.3.2508-universal.jar with {twilightforest} mods - versions {4.3.2508}
[04Mar2025 02:55:05.993] [main/DEBUG] [net.minecraftforge.fml.loading.moddiscovery.ModFile/LOADING]: Loading mod file /workspaces/panaserver2.0/servidor_minecraft/mods/twilightforest-1.20.1-4.3.2508-universal.jar with languages [LanguageSpec[languageName=javafml, acceptedVersions=[47,)]]
[04Mar2025 02:55:05.994] [main/DEBUG] [net.minecraftforge.fml.loading.moddiscovery.ModFileParser/LOADING]: Found coremod seed with Javascript path META-INF/asm/seed.js
[04Mar2025 02:55:05.994] [main/DEBUG] [net.minecraftforge.fml.loading.moddiscovery.ModFileParser/LOADING]: Found coremod maprendercontext with Javascript path META-INF/asm/maprendercontext.js
[04Mar2025 02:55:05.994] [main/DEBUG] [net.minecraftforge.fml.loading.moddiscovery.ModFileParser/LOADING]: Found coremod music with Javascript path META-INF/asm/music.js
[04Mar2025 02:55:05.994] [main/DEBUG] [net.minecraftforge.fml.loading.moddiscovery.ModFileParser/LOADING]: Found coremod multipart with Javascript path META-INF/asm/multipart.js
[04Mar2025 02:55:05.994] [main/DEBUG] [net.minecraftforge.fml.loading.moddiscovery.ModFileParser/LOADING]: Found coremod foliage with Javascript path META-INF/asm/foliage.js
[04Mar2025 02:55:05.994] [main/DEBUG] [net.minecraftforge.fml.loading.moddiscovery.ModFileParser/LOADING]: Found coremod mount with Javascript path META-INF/asm/mount.js
[04Mar2025 02:55:05.994] [main/DEBUG] [net.minecraftforge.fml.loading.moddiscovery.ModFileParser/LOADING]: Found coremod book with Javascript path META-INF/asm/book.js
[04Mar2025 02:55:05.994] [main/DEBUG] [net.minecraftforge.fml.loading.moddiscovery.ModFileParser/LOADING]: Found coremod conquered with Javascript path META-INF/asm/conquered.js
[04Mar2025 02:55:05.994] [main/DEBUG] [net.minecraftforge.fml.loading.moddiscovery.ModFileParser/LOADING]: Found coremod reach with Javascript path META-INF/asm/reach.js
[04Mar2025 02:55:05.994] [main/DEBUG] [net.minecraftforge.fml.loading.moddiscovery.ModFileParser/LOADING]: Found coremod shroom with Javascript path META-INF/asm/shroom.js
[04Mar2025 02:55:05.994] [main/DEBUG] [net.minecraftforge.fml.loading.moddiscovery.ModFileParser/LOADING]: Found coremod cloud with Javascript path META-INF/asm/cloud.js
[04Mar2025 02:55:05.994] [main/DEBUG] [net.minecraftforge.fml.loading.moddiscovery.ModFileParser/LOADING]: Found coremod lead with Javascript path META-INF/asm/lead.js
[04Mar2025 02:55:05.995] [main/DEBUG] [net.minecraftforge.fml.loading.moddiscovery.ModFile/LOADING]: Found coremod META-INF/asm/seed.js
[04Mar2025 02:55:05.995] [main/DEBUG] [net.minecraftforge.fml.loading.moddiscovery.ModFile/LOADING]: Found coremod META-INF/asm/maprendercontext.js
[04Mar2025 02:55:05.995] [main/DEBUG] [net.minecraftforge.fml.loading.moddiscovery.ModFile/LOADING]: Found coremod META-INF/asm/music.js
[04Mar2025 02:55:05.995] [main/DEBUG] [net.minecraftforge.fml.loading.moddiscovery.ModFile/LOADING]: Found coremod META-INF/asm/multipart.js
[04Mar2025 02:55:05.995] [main/DEBUG] [net.minecraftforge.fml.loading.moddiscovery.ModFile/LOADING]: Found coremod META-INF/asm/foliage.js
[04Mar2025 02:55:05.995] [main/DEBUG] [net.minecraftforge.fml.loading.moddiscovery.ModFile/LOADING]: Found coremod META-INF/asm/mount.js
[04Mar2025 02:55:05.995] [main/DEBUG] [net.minecraftforge.fml.loading.moddiscovery.ModFile/LOADING]: Found coremod META-INF/asm/book.js
[04Mar2025 02:55:05.995] [main/DEBUG] [net.minecraftforge.fml.loading.moddiscovery.ModFile/LOADING]: Found coremod META-INF/asm/conquered.js
[04Mar2025 02:55:05.995] [main/DEBUG] [net.minecraftforge.fml.loading.moddiscovery.ModFile/LOADING]: Found coremod META-INF/asm/reach.js
[04Mar2025 02:55:05.995] [main/DEBUG] [net.minecraftforge.fml.loading.moddiscovery.ModFile/LOADING]: Found coremod META-INF/asm/shroom.js
[04Mar2025 02:55:05.995] [main/DEBUG] [net.minecraftforge.fml.loading.moddiscovery.ModFile/LOADING]: Found coremod META-INF/asm/cloud.js
[04Mar2025 02:55:05.995] [main/DEBUG] [net.minecraftforge.fml.loading.moddiscovery.ModFile/LOADING]: Found coremod META-INF/asm/lead.js
[04Mar2025 02:55:05.995] [main/DEBUG] [net.minecraftforge.fml.loading.moddiscovery.ModFileParser/LOADING]: Considering mod file candidate /workspaces/panaserver2.0/servidor_minecraft/mods/MysticalAgriculture-1.20.1-7.0.16.jar
[04Mar2025 02:55:05.996] [main/DEBUG] [net.minecraftforge.fml.loading.moddiscovery.ModFileInfo/LOADING]: Found valid mod file MysticalAgriculture-1.20.1-7.0.16.jar with {mysticalagriculture} mods - versions {7.0.16}
[04Mar2025 02:55:05.996] [main/DEBUG] [net.minecraftforge.fml.loading.moddiscovery.ModFile/LOADING]: Loading mod file /workspaces/panaserver2.0/servidor_minecraft/mods/MysticalAgriculture-1.20.1-7.0.16.jar with languages [LanguageSpec[languageName=javafml, acceptedVersions=[47,)]]
[04Mar2025 02:55:05.996] [main/DEBUG] [net.minecraftforge.fml.loading.moddiscovery.ModFileParser/LOADING]: Considering mod file candidate /workspaces/panaserver2.0/servidor_minecraft/mods/DungeonsArise-1.20.1-2.1.57-release.jar
[04Mar2025 02:55:05.997] [main/DEBUG] [net.minecraftforge.fml.loading.moddiscovery.ModFileInfo/LOADING]: Found valid mod file DungeonsArise-1.20.1-2.1.57-release.jar with {dungeons_arise} mods - versions {2.1.57-1.20.1}
[04Mar2025 02:55:05.997] [main/DEBUG] [net.minecraftforge.fml.loading.moddiscovery.ModFile/LOADING]: Loading mod file /workspaces/panaserver2.0/servidor_minecraft/mods/DungeonsArise-1.20.1-2.1.57-release.jar with languages [LanguageSpec[languageName=javafml, acceptedVersions=[41,)]]
[04Mar2025 02:55:05.997] [main/DEBUG] [net.minecraftforge.fml.loading.moddiscovery.ModFileParser/LOADING]: Considering mod file candidate /workspaces/panaserver2.0/servidor_minecraft/mods/terramity-0.9.6.1-forge-1.20.1.jar
[04Mar2025 02:55:05.998] [main/DEBUG] [net.minecraftforge.fml.loading.moddiscovery.ModFileInfo/LOADING]: Found valid mod file terramity-0.9.6.1-forge-1.20.1.jar with {terramity} mods - versions {0.9.6.1}
[04Mar2025 02:55:05.999] [main/DEBUG] [net.minecraftforge.fml.loading.moddiscovery.ModFile/LOADING]: Loading mod file /workspaces/panaserver2.0/servidor_minecraft/mods/terramity-0.9.6.1-forge-1.20.1.jar with languages [LanguageSpec[languageName=javafml, acceptedVersions=[47,)]]
[04Mar2025 02:55:05.999] [main/DEBUG] [net.minecraftforge.fml.loading.moddiscovery.ModFileInfo/LOADING]: Found valid mod file server-1.20.1-20230612.114412-srg.jar with {minecraft} mods - versions {1.20.1}
[04Mar2025 02:55:06.000] [main/DEBUG] [net.minecraftforge.fml.loading.moddiscovery.ModFile/LOADING]: Loading mod file /workspaces/panaserver2.0/servidor_minecraft/libraries/net/minecraft/server/1.20.1-20230612.114412/server-1.20.1-20230612.114412-srg.jar with languages [LanguageSpec[languageName=minecraft, acceptedVersions=1]]
[04Mar2025 02:55:06.000] [main/DEBUG] [net.minecraftforge.fml.loading.moddiscovery.ModFileParser/LOADING]: Considering mod file candidate /workspaces/panaserver2.0/servidor_minecraft/mods/alexscaves-2.0.2.jar
[04Mar2025 02:55:06.002] [main/DEBUG] [net.minecraftforge.fml.loading.moddiscovery.ModFileInfo/LOADING]: Found valid mod file alexscaves-2.0.2.jar with {alexscaves} mods - versions {2.0.2}
[04Mar2025 02:55:06.002] [main/DEBUG] [net.minecraftforge.fml.loading.moddiscovery.ModFile/LOADING]: Loading mod file /workspaces/panaserver2.0/servidor_minecraft/mods/alexscaves-2.0.2.jar with languages [LanguageSpec[languageName=javafml, acceptedVersions=[46,)]]
[04Mar2025 02:55:06.002] [main/DEBUG] [net.minecraftforge.fml.loading.moddiscovery.ModFileParser/LOADING]: Considering mod file candidate /workspaces/panaserver2.0/servidor_minecraft/mods/simplyswords-forge-1.56.0-1.20.1.jar
[04Mar2025 02:55:06.003] [main/DEBUG] [net.minecraftforge.fml.loading.moddiscovery.ModFileInfo/LOADING]: Found valid mod file simplyswords-forge-1.56.0-1.20.1.jar with {simplyswords} mods - versions {1.56.0-1.20.1}
[04Mar2025 02:55:06.003] [main/DEBUG] [net.minecraftforge.fml.loading.moddiscovery.ModFile/LOADING]: Loading mod file /workspaces/panaserver2.0/servidor_minecraft/mods/simplyswords-forge-1.56.0-1.20.1.jar with languages [LanguageSpec[languageName=javafml, acceptedVersions=[41,)]]
[04Mar2025 02:55:06.003] [main/DEBUG] [net.minecraftforge.fml.loading.moddiscovery.ModFileParser/LOADING]: Considering mod file candidate /workspaces/panaserver2.0/servidor_minecraft/mods/TerraBlender-forge-1.20.1-3.0.1.7.jar
[04Mar2025 02:55:06.004] [main/DEBUG] [net.minecraftforge.fml.loading.moddiscovery.ModFileInfo/LOADING]: Found valid mod file TerraBlender-forge-1.20.1-3.0.1.7.jar with {terrablender} mods - versions {3.0.1.7}
[04Mar2025 02:55:06.004] [main/DEBUG] [net.minecraftforge.fml.loading.moddiscovery.ModFile/LOADING]: Loading mod file /workspaces/panaserver2.0/servidor_minecraft/mods/TerraBlender-forge-1.20.1-3.0.1.7.jar with languages [LanguageSpec[languageName=javafml, acceptedVersions=[47,)]]
[04Mar2025 02:55:06.004] [main/DEBUG] [net.minecraftforge.fml.loading.moddiscovery.ModFileParser/LOADING]: Considering mod file candidate /workspaces/panaserver2.0/servidor_minecraft/mods/BiomesOPlenty-forge-1.20.1-19.0.0.94.jar
[04Mar2025 02:55:06.006] [main/DEBUG] [net.minecraftforge.fml.loading.moddiscovery.ModFileInfo/LOADING]: Found valid mod file BiomesOPlenty-forge-1.20.1-19.0.0.94.jar with {biomesoplenty} mods - versions {19.0.0.94}
[04Mar2025 02:55:06.006] [main/DEBUG] [net.minecraftforge.fml.loading.moddiscovery.ModFile/LOADING]: Loading mod file /workspaces/panaserver2.0/servidor_minecraft/mods/BiomesOPlenty-forge-1.20.1-19.0.0.94.jar with languages [LanguageSpec[languageName=javafml, acceptedVersions=[47,)]]
[04Mar2025 02:55:06.006] [main/DEBUG] [net.minecraftforge.fml.loading.moddiscovery.ModFileParser/LOADING]: Considering mod file candidate /workspaces/panaserver2.0/servidor_minecraft/mods/Botania-1.20.1-447-FORGE.jar
[04Mar2025 02:55:06.007] [main/DEBUG] [net.minecraftforge.fml.loading.moddiscovery.ModFileInfo/LOADING]: Found valid mod file Botania-1.20.1-447-FORGE.jar with {botania} mods - versions {1.20.1-447-FORGE}
[04Mar2025 02:55:06.007] [main/DEBUG] [net.minecraftforge.fml.loading.moddiscovery.ModFile/LOADING]: Loading mod file /workspaces/panaserver2.0/servidor_minecraft/mods/Botania-1.20.1-447-FORGE.jar with languages [LanguageSpec[languageName=javafml, acceptedVersions=[47,)]]
[04Mar2025 02:55:06.007] [main/DEBUG] [net.minecraftforge.fml.loading.moddiscovery.ModFileParser/LOADING]: Considering mod file candidate /workspaces/panaserver2.0/servidor_minecraft/mods/born_in_chaos_[Forge]1.20.1_1.6.3.jar
[04Mar2025 02:55:06.008] [main/DEBUG] [net.minecraftforge.fml.loading.moddiscovery.ModFileInfo/LOADING]: Found valid mod file born_in_chaos_[Forge]1.20.1_1.6.3.jar with {born_in_chaos_v1} mods - versions {1.6.3}
[04Mar2025 02:55:06.008] [main/DEBUG] [net.minecraftforge.fml.loading.moddiscovery.ModFile/LOADING]: Loading mod file /workspaces/panaserver2.0/servidor_minecraft/mods/born_in_chaos_[Forge]1.20.1_1.6.3.jar with languages [LanguageSpec[languageName=javafml, acceptedVersions=[47,)]]
[04Mar2025 02:55:06.008] [main/DEBUG] [net.minecraftforge.fml.loading.moddiscovery.ModFileParser/LOADING]: Considering mod file candidate /workspaces/panaserver2.0/servidor_minecraft/mods/domum_ornamentum-1.20.1-1.0.284-snapshot-universal.jar
[04Mar2025 02:55:06.011] [main/DEBUG] [net.minecraftforge.fml.loading.moddiscovery.ModFileInfo/LOADING]: Found valid mod file domum_ornamentum-1.20.1-1.0.284-snapshot-universal.jar with {domum_ornamentum} mods - versions {1.20.1-1.0.284-snapshot}
[04Mar2025 02:55:06.011] [main/DEBUG] [net.minecraftforge.fml.loading.moddiscovery.ModFile/LOADING]: Loading mod file /workspaces/panaserver2.0/servidor_minecraft/mods/domum_ornamentum-1.20.1-1.0.284-snapshot-universal.jar with languages [LanguageSpec[languageName=javafml, acceptedVersions=[28,)]]
[04Mar2025 02:55:06.012] [main/DEBUG] [net.minecraftforge.fml.loading.moddiscovery.ModFileParser/LOADING]: Considering mod file candidate /workspaces/panaserver2.0/servidor_minecraft/mods/lionfishapi-2.4-Fix.jar
[04Mar2025 02:55:06.012] [main/DEBUG] [net.minecraftforge.fml.loading.moddiscovery.ModFileInfo/LOADING]: Found valid mod file lionfishapi-2.4-Fix.jar with {lionfishapi} mods - versions {2.4-Fix}
[04Mar2025 02:55:06.012] [main/DEBUG] [net.minecraftforge.fml.loading.moddiscovery.ModFile/LOADING]: Loading mod file /workspaces/panaserver2.0/servidor_minecraft/mods/lionfishapi-2.4-Fix.jar with languages [LanguageSpec[languageName=javafml, acceptedVersions=[47,)]]
[04Mar2025 02:55:06.012] [main/DEBUG] [net.minecraftforge.fml.loading.moddiscovery.ModFileParser/LOADING]: Considering mod file candidate /workspaces/panaserver2.0/servidor_minecraft/mods/easy-villagers-forge-1.20.1-1.1.23.jar
[04Mar2025 02:55:06.013] [main/DEBUG] [net.minecraftforge.fml.loading.moddiscovery.ModFileInfo/LOADING]: Found valid mod file easy-villagers-forge-1.20.1-1.1.23.jar with {easy_villagers} mods - versions {1.20.1-1.1.23}
[04Mar2025 02:55:06.013] [main/DEBUG] [net.minecraftforge.fml.loading.moddiscovery.ModFile/LOADING]: Loading mod file /workspaces/panaserver2.0/servidor_minecraft/mods/easy-villagers-forge-1.20.1-1.1.23.jar with languages [LanguageSpec[languageName=javafml, acceptedVersions=*]]
[04Mar2025 02:55:06.014] [main/DEBUG] [net.minecraftforge.fml.loading.moddiscovery.ModFileParser/LOADING]: Considering mod file candidate /workspaces/panaserver2.0/servidor_minecraft/mods/curios-forge-5.11.1+1.20.1.jar
[04Mar2025 02:55:06.014] [main/DEBUG] [net.minecraftforge.fml.loading.moddiscovery.ModFileInfo/LOADING]: Found valid mod file curios-forge-5.11.1+1.20.1.jar with {curios} mods - versions {5.11.1+1.20.1}
[04Mar2025 02:55:06.014] [main/DEBUG] [net.minecraftforge.fml.loading.moddiscovery.ModFile/LOADING]: Loading mod file /workspaces/panaserver2.0/servidor_minecraft/mods/curios-forge-5.11.1+1.20.1.jar with languages [LanguageSpec[languageName=javafml, acceptedVersions=[41,)]]
[04Mar2025 02:55:06.014] [main/DEBUG] [net.minecraftforge.fml.loading.moddiscovery.ModFileParser/LOADING]: Considering mod file candidate /workspaces/panaserver2.0/servidor_minecraft/mods/L_Enders_Cataclysm-2.54- 1.20.1.jar
[04Mar2025 02:55:06.015] [main/DEBUG] [net.minecraftforge.fml.loading.moddiscovery.ModFileInfo/LOADING]: Found valid mod file L_Enders_Cataclysm-2.54- 1.20.1.jar with {cataclysm} mods - versions {2.54}
[04Mar2025 02:55:06.015] [main/DEBUG] [net.minecraftforge.fml.loading.moddiscovery.ModFile/LOADING]: Loading mod file /workspaces/panaserver2.0/servidor_minecraft/mods/L_Enders_Cataclysm-2.54- 1.20.1.jar with languages [LanguageSpec[languageName=javafml, acceptedVersions=[36,)]]
[04Mar2025 02:55:06.016] [main/DEBUG] [net.minecraftforge.fml.loading.moddiscovery.ModFileParser/LOADING]: Considering mod file candidate /workspaces/panaserver2.0/servidor_minecraft/mods/blockui-1.20.1-1.0.156-RELEASE.jar
[04Mar2025 02:55:06.016] [main/DEBUG] [net.minecraftforge.fml.loading.moddiscovery.ModFileInfo/LOADING]: Found valid mod file blockui-1.20.1-1.0.156-RELEASE.jar with {blockui} mods - versions {1.20.1-1.0.156-RELEASE}
[04Mar2025 02:55:06.016] [main/DEBUG] [net.minecraftforge.fml.loading.moddiscovery.ModFile/LOADING]: Loading mod file /workspaces/panaserver2.0/servidor_minecraft/mods/blockui-1.20.1-1.0.156-RELEASE.jar with languages [LanguageSpec[languageName=javafml, acceptedVersions=[47,)]]
[04Mar2025 02:55:06.016] [main/DEBUG] [net.minecraftforge.fml.loading.moddiscovery.ModFileParser/LOADING]: Considering mod file candidate /workspaces/panaserver2.0/servidor_minecraft/mods/Patchouli-1.20.1-84.1-FORGE.jar
[04Mar2025 02:55:06.017] [main/DEBUG] [net.minecraftforge.fml.loading.moddiscovery.ModFileInfo/LOADING]: Found valid mod file Patchouli-1.20.1-84.1-FORGE.jar with {patchouli} mods - versions {1.20.1-84.1-FORGE}
[04Mar2025 02:55:06.017] [main/DEBUG] [net.minecraftforge.fml.loading.moddiscovery.ModFile/LOADING]: Loading mod file /workspaces/panaserver2.0/servidor_minecraft/mods/Patchouli-1.20.1-84.1-FORGE.jar with languages [LanguageSpec[languageName=javafml, acceptedVersions=[47,)]]
[04Mar2025 02:55:06.017] [main/DEBUG] [net.minecraftforge.fml.loading.moddiscovery.ModFileParser/LOADING]: Considering mod file candidate /workspaces/panaserver2.0/servidor_minecraft/mods/armourersworkshop-forge-1.20.1-3.2.0-beta.jar
[04Mar2025 02:55:06.017] [main/DEBUG] [net.minecraftforge.fml.loading.moddiscovery.ModFileInfo/LOADING]: Found valid mod file armourersworkshop-forge-1.20.1-3.2.0-beta.jar with {armourers_workshop} mods - versions {3.2.0-beta}
[04Mar2025 02:55:06.018] [main/DEBUG] [net.minecraftforge.fml.loading.moddiscovery.ModFile/LOADING]: Loading mod file /workspaces/panaserver2.0/servidor_minecraft/mods/armourersworkshop-forge-1.20.1-3.2.0-beta.jar with languages [LanguageSpec[languageName=javafml, acceptedVersions=[36,)]]
[04Mar2025 02:55:06.018] [main/DEBUG] [net.minecraftforge.fml.loading.moddiscovery.ModFileParser/LOADING]: Considering mod file candidate /workspaces/panaserver2.0/servidor_minecraft/mods/Gobber2-Forge-1.20.1-2.8.9.jar
[04Mar2025 02:55:06.018] [main/DEBUG] [net.minecraftforge.fml.loading.moddiscovery.ModFileInfo/LOADING]: Found valid mod file Gobber2-Forge-1.20.1-2.8.9.jar with {gobber2} mods - versions {2.8.9}
[04Mar2025 02:55:06.018] [main/DEBUG] [net.minecraftforge.fml.loading.moddiscovery.ModFile/LOADING]: Loading mod file /workspaces/panaserver2.0/servidor_minecraft/mods/Gobber2-Forge-1.20.1-2.8.9.jar with languages [LanguageSpec[languageName=javafml, acceptedVersions=[47,)]]
[04Mar2025 02:55:06.018] [main/DEBUG] [net.minecraftforge.fml.loading.moddiscovery.ModFileParser/LOADING]: Considering mod file candidate /workspaces/panaserver2.0/servidor_minecraft/mods/tombstone-1.20.1-8.9.0.jar
[04Mar2025 02:55:06.019] [main/DEBUG] [net.minecraftforge.fml.loading.moddiscovery.ModFileInfo/LOADING]: Found valid mod file tombstone-1.20.1-8.9.0.jar with {tombstone} mods - versions {8.9.0}
[04Mar2025 02:55:06.019] [main/DEBUG] [net.minecraftforge.fml.loading.moddiscovery.ModFile/LOADING]: Loading mod file /workspaces/panaserver2.0/servidor_minecraft/mods/tombstone-1.20.1-8.9.0.jar with languages [LanguageSpec[languageName=javafml, acceptedVersions=[46,)]]
[04Mar2025 02:55:06.019] [main/DEBUG] [net.minecraftforge.fml.loading.moddiscovery.ModFileParser/LOADING]: Considering mod file candidate /workspaces/panaserver2.0/servidor_minecraft/mods/structurize-1.20.1-1.0.764-snapshot.jar
[04Mar2025 02:55:06.020] [main/DEBUG] [net.minecraftforge.fml.loading.moddiscovery.ModFileInfo/LOADING]: Found valid mod file structurize-1.20.1-1.0.764-snapshot.jar with {structurize} mods - versions {1.20.1-1.0.764-snapshot}
[04Mar2025 02:55:06.020] [main/DEBUG] [net.minecraftforge.fml.loading.moddiscovery.ModFile/LOADING]: Loading mod file /workspaces/panaserver2.0/servidor_minecraft/mods/structurize-1.20.1-1.0.764-snapshot.jar with languages [LanguageSpec[languageName=javafml, acceptedVersions=[47,)]]
[04Mar2025 02:55:06.020] [main/DEBUG] [net.minecraftforge.fml.loading.moddiscovery.ModFileParser/LOADING]: Considering mod file candidate /workspaces/panaserver2.0/servidor_minecraft/mods/modonomicon-1.20.1-forge-1.77.6.jar
[04Mar2025 02:55:06.021] [main/DEBUG] [net.minecraftforge.fml.loading.moddiscovery.ModFileInfo/LOADING]: Found valid mod file modonomicon-1.20.1-forge-1.77.6.jar with {modonomicon} mods - versions {1.77.6}
[04Mar2025 02:55:06.021] [main/DEBUG] [net.minecraftforge.fml.loading.moddiscovery.ModFile/LOADING]: Loading mod file /workspaces/panaserver2.0/servidor_minecraft/mods/modonomicon-1.20.1-forge-1.77.6.jar with languages [LanguageSpec[languageName=javafml, acceptedVersions=[47,)]]
[04Mar2025 02:55:06.021] [main/DEBUG] [net.minecraftforge.fml.loading.moddiscovery.ModFileParser/LOADING]: Considering mod file candidate /workspaces/panaserver2.0/servidor_minecraft/mods/minecolonies-1.20.1-1.1.809-snapshot.jar
[04Mar2025 02:55:06.022] [main/DEBUG] [net.minecraftforge.fml.loading.moddiscovery.ModFileInfo/LOADING]: Found valid mod file minecolonies-1.20.1-1.1.809-snapshot.jar with {minecolonies} mods - versions {1.20.1-1.1.809-snapshot}
[04Mar2025 02:55:06.022] [main/DEBUG] [net.minecraftforge.fml.loading.moddiscovery.ModFile/LOADING]: Loading mod file /workspaces/panaserver2.0/servidor_minecraft/mods/minecolonies-1.20.1-1.1.809-snapshot.jar with languages [LanguageSpec[languageName=javafml, acceptedVersions=[45,)]]
[04Mar2025 02:55:06.022] [main/DEBUG] [net.minecraftforge.fml.loading.moddiscovery.ModFileParser/LOADING]: Considering mod file candidate /workspaces/panaserver2.0/servidor_minecraft/mods/architectury-9.2.14-forge.jar
[04Mar2025 02:55:06.022] [main/DEBUG] [net.minecraftforge.fml.loading.moddiscovery.ModFileInfo/LOADING]: Found valid mod file architectury-9.2.14-forge.jar with {architectury} mods - versions {9.2.14}
[04Mar2025 02:55:06.023] [main/DEBUG] [net.minecraftforge.fml.loading.moddiscovery.ModFile/LOADING]: Loading mod file /workspaces/panaserver2.0/servidor_minecraft/mods/architectury-9.2.14-forge.jar with languages [LanguageSpec[languageName=javafml, acceptedVersions=[46,)]]
[04Mar2025 02:55:06.023] [main/DEBUG] [net.minecraftforge.fml.loading.moddiscovery.ModFileParser/LOADING]: Considering mod file candidate /workspaces/panaserver2.0/servidor_minecraft/mods/deeperdarker-forge-1.20.1-1.3.3.jar
[04Mar2025 02:55:06.023] [main/DEBUG] [net.minecraftforge.fml.loading.moddiscovery.ModFileInfo/LOADING]: Found valid mod file deeperdarker-forge-1.20.1-1.3.3.jar with {deeperdarker} mods - versions {1.3.3}
[04Mar2025 02:55:06.023] [main/DEBUG] [net.minecraftforge.fml.loading.moddiscovery.ModFile/LOADING]: Loading mod file /workspaces/panaserver2.0/servidor_minecraft/mods/deeperdarker-forge-1.20.1-1.3.3.jar with languages [LanguageSpec[languageName=javafml, acceptedVersions=[47,)]]
[04Mar2025 02:55:06.023] [main/DEBUG] [net.minecraftforge.fml.loading.moddiscovery.ModFileParser/LOADING]: Considering mod file candidate /workspaces/panaserver2.0/servidor_minecraft/mods/lootr-forge-1.20-0.7.35.90.jar
[04Mar2025 02:55:06.024] [main/DEBUG] [net.minecraftforge.fml.loading.moddiscovery.ModFileInfo/LOADING]: Found valid mod file lootr-forge-1.20-0.7.35.90.jar with {lootr} mods - versions {0.7.35.90}
[04Mar2025 02:55:06.024] [main/DEBUG] [net.minecraftforge.fml.loading.moddiscovery.ModFile/LOADING]: Loading mod file /workspaces/panaserver2.0/servidor_minecraft/mods/lootr-forge-1.20-0.7.35.90.jar with languages [LanguageSpec[languageName=javafml, acceptedVersions=[44,)]]
[04Mar2025 02:55:06.024] [main/DEBUG] [net.minecraftforge.fml.loading.moddiscovery.ModFileParser/LOADING]: Considering mod file candidate /workspaces/panaserver2.0/servidor_minecraft/mods/occultism-1.20.1-1.141.2.jar
[04Mar2025 02:55:06.025] [main/DEBUG] [net.minecraftforge.fml.loading.moddiscovery.ModFileInfo/LOADING]: Found valid mod file occultism-1.20.1-1.141.2.jar with {occultism} mods - versions {1.141.2}
[04Mar2025 02:55:06.025] [main/DEBUG] [net.minecraftforge.fml.loading.moddiscovery.ModFile/LOADING]: Loading mod file /workspaces/panaserver2.0/servidor_minecraft/mods/occultism-1.20.1-1.141.2.jar with languages [LanguageSpec[languageName=javafml, acceptedVersions=[47,)]]
[04Mar2025 02:55:06.025] [main/DEBUG] [net.minecraftforge.fml.loading.moddiscovery.ModFileParser/LOADING]: Considering mod file candidate /workspaces/panaserver2.0/servidor_minecraft/mods/majruszs-enchantments-forge-1.20.1-1.10.8.jar
[04Mar2025 02:55:06.026] [main/DEBUG] [net.minecraftforge.fml.loading.moddiscovery.ModFileInfo/LOADING]: Found valid mod file majruszs-enchantments-forge-1.20.1-1.10.8.jar with {majruszsenchantments} mods - versions {1.10.8}
[04Mar2025 02:55:06.026] [main/DEBUG] [net.minecraftforge.fml.loading.moddiscovery.ModFile/LOADING]: Loading mod file /workspaces/panaserver2.0/servidor_minecraft/mods/majruszs-enchantments-forge-1.20.1-1.10.8.jar with languages [LanguageSpec[languageName=javafml, acceptedVersions=[47,)]]
[04Mar2025 02:55:06.026] [main/DEBUG] [net.minecraftforge.fml.loading.moddiscovery.ModFileParser/LOADING]: Considering mod file candidate 
[04Mar2025 02:55:06.028] [main/DEBUG] [net.minecraftforge.fml.loading.moddiscovery.ModFileInfo/LOADING]: Found valid mod file expandability-forge-9.0.4.jar with {expandability} mods - versions {9.0.4}
[04Mar2025 02:55:06.028] [main/DEBUG] [net.minecraftforge.fml.loading.moddiscovery.ModFile/LOADING]: Loading mod file  with languages [LanguageSpec[languageName=javafml, acceptedVersions=[46,)]]
[04Mar2025 02:55:06.028] [main/DEBUG] [net.minecraftforge.fml.loading.moddiscovery.ModFileParser/LOADING]: Considering mod file candidate /workspaces/panaserver2.0/servidor_minecraft/mods/majrusz-library-forge-1.20.1-7.0.8.jar
[04Mar2025 02:55:06.028] [main/DEBUG] [net.minecraftforge.fml.loading.moddiscovery.ModFileInfo/LOADING]: Found valid mod file majrusz-library-forge-1.20.1-7.0.8.jar with {majruszlibrary} mods - versions {7.0.8}
[04Mar2025 02:55:06.029] [main/DEBUG] [net.minecraftforge.fml.loading.moddiscovery.ModFile/LOADING]: Loading mod file /workspaces/panaserver2.0/servidor_minecraft/mods/majrusz-library-forge-1.20.1-7.0.8.jar with languages [LanguageSpec[languageName=javafml, acceptedVersions=[47,)]]
[04Mar2025 02:55:06.029] [main/DEBUG] [net.minecraftforge.fml.loading.moddiscovery.ModFile/LOADING]: Loading mod file  with languages []
[04Mar2025 02:55:06.029] [main/DEBUG] [net.minecraftforge.fml.loading.moddiscovery.ModFile/LOADING]: Loading mod file  with languages []
[04Mar2025 02:55:06.029] [main/DEBUG] [net.minecraftforge.fml.loading.moddiscovery.ModFileParser/LOADING]: Considering mod file candidate 
[04Mar2025 02:55:06.029] [main/DEBUG] [net.minecraftforge.fml.loading.moddiscovery.ModFileInfo/LOADING]: Found valid mod file mixinextras-forge-0.3.5.jar with {mixinextras} mods - versions {0.3.5}
[04Mar2025 02:55:06.029] [main/DEBUG] [net.minecraftforge.fml.loading.moddiscovery.ModFile/LOADING]: Loading mod file  with languages [LanguageSpec[languageName=javafml, acceptedVersions=*]]
[04Mar2025 02:55:06.030] [main/DEBUG] [net.minecraftforge.fml.loading.moddiscovery.ModFile/LOADING]: Loading mod file  with languages []
[04Mar2025 02:55:06.030] [main/DEBUG] [net.minecraftforge.fml.loading.moddiscovery.ModFile/LOADING]: Loading mod file  with languages []
[04Mar2025 02:55:06.030] [main/DEBUG] [net.minecraftforge.fml.loading.moddiscovery.ModFile/LOADING]: Loading mod file  with languages []
[04Mar2025 02:55:06.030] [main/DEBUG] [net.minecraftforge.fml.loading.moddiscovery.ModFile/LOADING]: Loading mod file  with languages []
[04Mar2025 02:55:06.030] [main/DEBUG] [net.minecraftforge.fml.loading.moddiscovery.ModFile/LOADING]: Loading mod file  with languages []
[04Mar2025 02:55:06.030] [main/DEBUG] [net.minecraftforge.fml.loading.moddiscovery.ModFile/LOADING]: Loading mod file  with languages []
[04Mar2025 02:55:06.030] [main/DEBUG] [net.minecraftforge.fml.loading.moddiscovery.ModFileParser/LOADING]: Considering mod file candidate 
[04Mar2025 02:55:06.031] [main/DEBUG] [net.minecraftforge.fml.loading.moddiscovery.ModFileInfo/LOADING]: Found valid mod file mixinextras-forge-0.3.5.jar with {mixinextras} mods - versions {0.3.5}
[04Mar2025 02:55:06.031] [main/DEBUG] [net.minecraftforge.fml.loading.moddiscovery.ModFile/LOADING]: Loading mod file  with languages [LanguageSpec[languageName=javafml, acceptedVersions=*]]
[04Mar2025 02:55:06.031] [main/DEBUG] [net.minecraftforge.fml.loading.moddiscovery.ModFile/LOADING]: Loading mod file  with languages []
[04Mar2025 02:55:06.031] [main/DEBUG] [net.minecraftforge.fml.loading.moddiscovery.ModFile/LOADING]: Loading mod file  with languages []
[04Mar2025 02:55:06.031] [main/DEBUG] [net.minecraftforge.fml.loading.moddiscovery.ModFile/LOADING]: Loading mod file  with languages []
[04Mar2025 02:55:06.031] [main/DEBUG] [net.minecraftforge.fml.loading.moddiscovery.ModFile/LOADING]: Loading mod file  with languages []
[04Mar2025 02:55:06.032] [main/DEBUG] [cpw.mods.modlauncher.TransformationServiceDecorator/MODLAUNCHER]: End scan trigger - transformation service fml
[04Mar2025 02:55:06.041] [main/DEBUG] [net.minecraftforge.fml.loading.LanguageLoadingProvider/CORE]: Found 3 language providers
[04Mar2025 02:55:06.042] [main/DEBUG] [net.minecraftforge.fml.loading.LanguageLoadingProvider/CORE]: Found language provider minecraft, version 1.0
[04Mar2025 02:55:06.042] [main/DEBUG] [net.minecraftforge.fml.loading.LanguageLoadingProvider/CORE]: Found language provider lowcodefml, version 47
[04Mar2025 02:55:06.042] [main/DEBUG] [net.minecraftforge.fml.loading.LanguageLoadingProvider/CORE]: Found language provider javafml, version 47
[04Mar2025 02:55:06.048] [main/DEBUG] [net.minecraftforge.fml.loading.UniqueModListBuilder/]: Found 2 mods for first modid mclib, selecting most recent based on version data
[04Mar2025 02:55:06.049] [main/DEBUG] [net.minecraftforge.fml.loading.UniqueModListBuilder/]: Selected file mclib-20.jar for modid mclib with version 0.0NONE
[04Mar2025 02:55:06.049] [main/DEBUG] [net.minecraftforge.fml.loading.UniqueModListBuilder/]: Found 2 mods for first modid org.commonmark.ext.gfm.strikethrough, selecting most recent based on version data
[04Mar2025 02:55:06.049] [main/DEBUG] [net.minecraftforge.fml.loading.UniqueModListBuilder/]: Selected file commonmark-ext-gfm-strikethrough-0.24.0.jar for modid org.commonmark.ext.gfm.strikethrough with version 0.0NONE
[04Mar2025 02:55:06.049] [main/DEBUG] [net.minecraftforge.fml.loading.UniqueModListBuilder/]: Found 2 mods for first modid mixinextras, selecting most recent based on version data
[04Mar2025 02:55:06.050] [main/DEBUG] [net.minecraftforge.fml.loading.UniqueModListBuilder/]: Selected file mixinextras-forge-0.3.5.jar for modid mixinextras with version 0.3.5
[04Mar2025 02:55:06.050] [main/DEBUG] [net.minecraftforge.fml.loading.UniqueModListBuilder/]: Found 2 mods for first modid org.commonmark, selecting most recent based on version data
[04Mar2025 02:55:06.050] [main/DEBUG] [net.minecraftforge.fml.loading.UniqueModListBuilder/]: Selected file commonmark-0.24.0.jar for modid org.commonmark with version 0.0NONE
[04Mar2025 02:55:06.050] [main/DEBUG] [net.minecraftforge.fml.loading.UniqueModListBuilder/]: Found 2 mods for first modid org.commonmark.ext.ins, selecting most recent based on version data
[04Mar2025 02:55:06.050] [main/DEBUG] [net.minecraftforge.fml.loading.UniqueModListBuilder/]: Selected file commonmark-ext-ins-0.24.0.jar for modid org.commonmark.ext.ins with version 0.0NONE
[04Mar2025 02:55:06.050] [main/DEBUG] [net.minecraftforge.fml.loading.UniqueModListBuilder/]: Found 2 mods for first modid org.yaml.snakeyaml, selecting most recent based on version data
[04Mar2025 02:55:06.052] [main/DEBUG] [net.minecraftforge.fml.loading.UniqueModListBuilder/]: Selected file snakeyaml-2.2.jar for modid org.yaml.snakeyaml with version 0.0NONE
[04Mar2025 02:55:06.053] [main/DEBUG] [net.minecraftforge.fml.loading.UniqueModListBuilder/]: Found 2 mods for first modid MixinExtras, selecting most recent based on version data
[04Mar2025 02:55:06.053] [main/DEBUG] [net.minecraftforge.fml.loading.UniqueModListBuilder/]: Selected file MixinExtras-0.3.5.jar for modid MixinExtras with version 0.0NONE
[04Mar2025 02:55:06.057] [main/DEBUG] [net.minecraftforge.fml.loading.ModSorter/]: Configured system mods: [minecraft, forge]
[04Mar2025 02:55:06.057] [main/DEBUG] [net.minecraftforge.fml.loading.ModSorter/]: Found system mod: minecraft
[04Mar2025 02:55:06.058] [main/DEBUG] [net.minecraftforge.fml.loading.ModSorter/]: Found system mod: forge
[04Mar2025 02:55:06.060] [main/DEBUG] [net.minecraftforge.fml.loading.ModSorter/LOADING]: Found 142 mod requirements (112 mandatory, 30 optional)
[04Mar2025 02:55:06.061] [main/DEBUG] [net.minecraftforge.fml.loading.ModSorter/LOADING]: Found 0 mod requirements missing (0 mandatory, 0 optional)
[04Mar2025 02:55:06.764] [main/DEBUG] [cpw.mods.modlauncher.TransformationServicesHandler/MODLAUNCHER]: Transformation services loading transformers
[04Mar2025 02:55:06.767] [main/DEBUG] [cpw.mods.modlauncher.TransformationServiceDecorator/MODLAUNCHER]: Initializing transformers for transformation service mixin
[04Mar2025 02:55:06.767] [main/DEBUG] [cpw.mods.modlauncher.TransformationServiceDecorator/MODLAUNCHER]: Initialized transformers for transformation service mixin
[04Mar2025 02:55:06.768] [main/DEBUG] [cpw.mods.modlauncher.TransformationServiceDecorator/MODLAUNCHER]: Initializing transformers for transformation service fml
[04Mar2025 02:55:06.768] [main/DEBUG] [net.minecraftforge.fml.loading.FMLServiceProvider/CORE]: Loading coremod transformers
[04Mar2025 02:55:06.768] [main/DEBUG] [net.minecraftforge.coremod.CoreModEngine/COREMOD]: Loading CoreMod from coremods/field_to_method.js
[04Mar2025 02:55:07.036] [main/DEBUG] [net.minecraftforge.coremod.CoreModEngine/COREMOD]: CoreMod loaded successfully
[04Mar2025 02:55:07.036] [main/DEBUG] [net.minecraftforge.coremod.CoreModEngine/COREMOD]: Loading CoreMod from coremods/field_to_instanceof.js
[04Mar2025 02:55:07.111] [main/DEBUG] [net.minecraftforge.coremod.CoreModEngine/COREMOD]: CoreMod loaded successfully
[04Mar2025 02:55:07.111] [main/DEBUG] [net.minecraftforge.coremod.CoreModEngine/COREMOD]: Loading CoreMod from coremods/add_bouncer_method.js
[04Mar2025 02:55:07.145] [main/DEBUG] [net.minecraftforge.coremod.CoreModEngine/COREMOD]: CoreMod loaded successfully
[04Mar2025 02:55:07.145] [main/DEBUG] [net.minecraftforge.coremod.CoreModEngine/COREMOD]: Loading CoreMod from coremods/method_redirector.js
[04Mar2025 02:55:07.246] [main/DEBUG] [net.minecraftforge.coremod.CoreModEngine/COREMOD]: CoreMod loaded successfully
[04Mar2025 02:55:07.246] [main/DEBUG] [net.minecraftforge.coremod.CoreModEngine/COREMOD]: Loading CoreMod from META-INF/asm/seed.js
[04Mar2025 02:55:07.274] [main/DEBUG] [net.minecraftforge.coremod.CoreModEngine/COREMOD]: CoreMod loaded successfully
[04Mar2025 02:55:07.274] [main/DEBUG] [net.minecraftforge.coremod.CoreModEngine/COREMOD]: Loading CoreMod from META-INF/asm/maprendercontext.js
[04Mar2025 02:55:07.320] [main/DEBUG] [net.minecraftforge.coremod.CoreModEngine/COREMOD]: CoreMod loaded successfully
[04Mar2025 02:55:07.320] [main/DEBUG] [net.minecraftforge.coremod.CoreModEngine/COREMOD]: Loading CoreMod from META-INF/asm/music.js
[04Mar2025 02:55:07.338] [main/DEBUG] [net.minecraftforge.coremod.CoreModEngine/COREMOD]: CoreMod loaded successfully
[04Mar2025 02:55:07.338] [main/DEBUG] [net.minecraftforge.coremod.CoreModEngine/COREMOD]: Loading CoreMod from META-INF/asm/multipart.js
[04Mar2025 02:55:07.369] [main/DEBUG] [net.minecraftforge.coremod.CoreModEngine/COREMOD]: CoreMod loaded successfully
[04Mar2025 02:55:07.370] [main/DEBUG] [net.minecraftforge.coremod.CoreModEngine/COREMOD]: Loading CoreMod from META-INF/asm/foliage.js
[04Mar2025 02:55:07.392] [main/DEBUG] [net.minecraftforge.coremod.CoreModEngine/COREMOD]: CoreMod loaded successfully
[04Mar2025 02:55:07.392] [main/DEBUG] [net.minecraftforge.coremod.CoreModEngine/COREMOD]: Loading CoreMod from META-INF/asm/mount.js
[04Mar2025 02:55:07.407] [main/DEBUG] [net.minecraftforge.coremod.CoreModEngine/COREMOD]: CoreMod loaded successfully
[04Mar2025 02:55:07.408] [main/DEBUG] [net.minecraftforge.coremod.CoreModEngine/COREMOD]: Loading CoreMod from META-INF/asm/book.js
[04Mar2025 02:55:07.420] [main/DEBUG] [net.minecraftforge.coremod.CoreModEngine/COREMOD]: CoreMod loaded successfully
[04Mar2025 02:55:07.420] [main/DEBUG] [net.minecraftforge.coremod.CoreModEngine/COREMOD]: Loading CoreMod from META-INF/asm/conquered.js
[04Mar2025 02:55:07.434] [main/DEBUG] [net.minecraftforge.coremod.CoreModEngine/COREMOD]: CoreMod loaded successfully
[04Mar2025 02:55:07.434] [main/DEBUG] [net.minecraftforge.coremod.CoreModEngine/COREMOD]: Loading CoreMod from META-INF/asm/reach.js
[04Mar2025 02:55:07.447] [main/DEBUG] [net.minecraftforge.coremod.CoreModEngine/COREMOD]: CoreMod loaded successfully
[04Mar2025 02:55:07.447] [main/DEBUG] [net.minecraftforge.coremod.CoreModEngine/COREMOD]: Loading CoreMod from META-INF/asm/shroom.js
[04Mar2025 02:55:07.469] [main/DEBUG] [net.minecraftforge.coremod.CoreModEngine/COREMOD]: CoreMod loaded successfully
[04Mar2025 02:55:07.469] [main/DEBUG] [net.minecraftforge.coremod.CoreModEngine/COREMOD]: Loading CoreMod from META-INF/asm/cloud.js
[04Mar2025 02:55:07.487] [main/DEBUG] [net.minecraftforge.coremod.CoreModEngine/COREMOD]: CoreMod loaded successfully
[04Mar2025 02:55:07.487] [main/DEBUG] [net.minecraftforge.coremod.CoreModEngine/COREMOD]: Loading CoreMod from META-INF/asm/lead.js
[04Mar2025 02:55:07.499] [main/DEBUG] [net.minecraftforge.coremod.CoreModEngine/COREMOD]: CoreMod loaded successfully
[04Mar2025 02:55:07.513] [main/DEBUG] [cpw.mods.modlauncher.TransformStore/MODLAUNCHER]: Adding transformer net.minecraftforge.coremod.transformer.CoreModClassTransformer@4751e8b9 to Target : CLASS {Lnet/minecraft/world/level/biome/Biome;} {} {V}
[04Mar2025 02:55:07.513] [main/DEBUG] [cpw.mods.modlauncher.TransformStore/MODLAUNCHER]: Adding transformer net.minecraftforge.coremod.transformer.CoreModClassTransformer@664632e9 to Target : CLASS {Lnet/minecraft/world/level/levelgen/structure/Structure;} {} {V}
[04Mar2025 02:55:07.514] [main/DEBUG] [cpw.mods.modlauncher.TransformStore/MODLAUNCHER]: Adding transformer net.minecraftforge.coremod.transformer.CoreModClassTransformer@494c8f29 to Target : CLASS {Lnet/minecraft/world/effect/MobEffectInstance;} {} {V}
[04Mar2025 02:55:07.514] [main/DEBUG] [cpw.mods.modlauncher.TransformStore/MODLAUNCHER]: Adding transformer net.minecraftforge.coremod.transformer.CoreModClassTransformer@4f379769 to Target : CLASS {Lnet/minecraft/world/level/block/LiquidBlock;} {} {V}
[04Mar2025 02:55:07.514] [main/DEBUG] [cpw.mods.modlauncher.TransformStore/MODLAUNCHER]: Adding transformer net.minecraftforge.coremod.transformer.CoreModClassTransformer@1c57f6b2 to Target : CLASS {Lnet/minecraft/world/item/BucketItem;} {} {V}
[04Mar2025 02:55:07.514] [main/DEBUG] [cpw.mods.modlauncher.TransformStore/MODLAUNCHER]: Adding transformer net.minecraftforge.coremod.transformer.CoreModClassTransformer@4b515eab to Target : CLASS {Lnet/minecraft/world/level/block/StairBlock;} {} {V}
[04Mar2025 02:55:07.514] [main/DEBUG] [cpw.mods.modlauncher.TransformStore/MODLAUNCHER]: Adding transformer net.minecraftforge.coremod.transformer.CoreModClassTransformer@66c9b52f to Target : CLASS {Lnet/minecraft/world/level/block/FlowerPotBlock;} {} {V}
[04Mar2025 02:55:07.514] [main/DEBUG] [cpw.mods.modlauncher.TransformStore/MODLAUNCHER]: Adding transformer net.minecraftforge.coremod.transformer.CoreModClassTransformer@1536ea40 to Target : CLASS {Lnet/minecraft/world/item/ItemStack;} {} {V}
[04Mar2025 02:55:07.514] [main/DEBUG] [cpw.mods.modlauncher.TransformStore/MODLAUNCHER]: Adding transformer net.minecraftforge.coremod.transformer.CoreModClassTransformer@36776c32 to Target : CLASS {Lnet/minecraft/network/play/client/CClientSettingsPacket;} {} {V}
[04Mar2025 02:55:07.514] [main/DEBUG] [cpw.mods.modlauncher.TransformStore/MODLAUNCHER]: Adding transformer net.minecraftforge.coremod.transformer.CoreModClassTransformer@7792d851 to Target : CLASS {Lnet/minecraft/world/level/NaturalSpawner;} {} {V}
[04Mar2025 02:55:07.514] [main/DEBUG] [cpw.mods.modlauncher.TransformStore/MODLAUNCHER]: Adding transformer net.minecraftforge.coremod.transformer.CoreModClassTransformer@7792d851 to Target : CLASS {Lnet/minecraft/world/entity/raid/Raid;} {} {V}
[04Mar2025 02:55:07.514] [main/DEBUG] [cpw.mods.modlauncher.TransformStore/MODLAUNCHER]: Adding transformer net.minecraftforge.coremod.transformer.CoreModClassTransformer@7792d851 to Target : CLASS {Lnet/minecraft/world/level/levelgen/structure/structures/SwampHutPiece;} {} {V}
[04Mar2025 02:55:07.514] [main/DEBUG] [cpw.mods.modlauncher.TransformStore/MODLAUNCHER]: Adding transformer net.minecraftforge.coremod.transformer.CoreModClassTransformer@7792d851 to Target : CLASS {Lnet/minecraft/world/entity/ai/village/VillageSiege;} {} {V}
[04Mar2025 02:55:07.515] [main/DEBUG] [cpw.mods.modlauncher.TransformStore/MODLAUNCHER]: Adding transformer net.minecraftforge.coremod.transformer.CoreModClassTransformer@7792d851 to Target : CLASS {Lnet/minecraft/world/entity/npc/Villager;} {} {V}
[04Mar2025 02:55:07.515] [main/DEBUG] [cpw.mods.modlauncher.TransformStore/MODLAUNCHER]: Adding transformer net.minecraftforge.coremod.transformer.CoreModClassTransformer@7792d851 to Target : CLASS {Lnet/minecraft/world/entity/monster/Spider;} {} {V}
[04Mar2025 02:55:07.515] [main/DEBUG] [cpw.mods.modlauncher.TransformStore/MODLAUNCHER]: Adding transformer net.minecraftforge.coremod.transformer.CoreModClassTransformer@7792d851 to Target : CLASS {Lnet/minecraft/world/level/levelgen/structure/structures/OceanRuinPieces$OceanRuinPiece;} {} {V}
[04Mar2025 02:55:07.515] [main/DEBUG] [cpw.mods.modlauncher.TransformStore/MODLAUNCHER]: Adding transformer net.minecraftforge.coremod.transformer.CoreModClassTransformer@7792d851 to Target : CLASS {Lnet/minecraft/world/entity/monster/Evoker$EvokerSummonSpellGoal;} {} {V}
[04Mar2025 02:55:07.515] [main/DEBUG] [cpw.mods.modlauncher.TransformStore/MODLAUNCHER]: Adding transformer net.minecraftforge.coremod.transformer.CoreModClassTransformer@7792d851 to Target : CLASS {Lnet/minecraft/world/level/levelgen/structure/structures/OceanMonumentPieces$OceanMonumentPiece;} {} {V}
[04Mar2025 02:55:07.515] [main/DEBUG] [cpw.mods.modlauncher.TransformStore/MODLAUNCHER]: Adding transformer net.minecraftforge.coremod.transformer.CoreModClassTransformer@7792d851 to Target : CLASS {Lnet/minecraft/server/commands/SummonCommand;} {} {V}
[04Mar2025 02:55:07.515] [main/DEBUG] [cpw.mods.modlauncher.TransformStore/MODLAUNCHER]: Adding transformer net.minecraftforge.coremod.transformer.CoreModClassTransformer@7792d851 to Target : CLASS {Lnet/minecraft/world/level/levelgen/PatrolSpawner;} {} {V}
[04Mar2025 02:55:07.515] [main/DEBUG] [cpw.mods.modlauncher.TransformStore/MODLAUNCHER]: Adding transformer net.minecraftforge.coremod.transformer.CoreModClassTransformer@7792d851 to Target : CLASS {Lnet/minecraft/world/level/levelgen/structure/structures/WoodlandMansionPieces$WoodlandMansionPiece;} {} {V}
[04Mar2025 02:55:07.515] [main/DEBUG] [cpw.mods.modlauncher.TransformStore/MODLAUNCHER]: Adding transformer net.minecraftforge.coremod.transformer.CoreModClassTransformer@7792d851 to Target : CLASS {Lnet/minecraft/world/entity/monster/Zombie;} {} {V}
[04Mar2025 02:55:07.515] [main/DEBUG] [cpw.mods.modlauncher.TransformStore/MODLAUNCHER]: Adding transformer net.minecraftforge.coremod.transformer.CoreModClassTransformer@7792d851 to Target : CLASS {Lnet/minecraft/world/entity/npc/CatSpawner;} {} {V}
[04Mar2025 02:55:07.515] [main/DEBUG] [cpw.mods.modlauncher.TransformStore/MODLAUNCHER]: Adding transformer net.minecraftforge.coremod.transformer.CoreModClassTransformer@7792d851 to Target : CLASS {Lnet/minecraft/world/level/levelgen/PhantomSpawner;} {} {V}
[04Mar2025 02:55:07.515] [main/DEBUG] [cpw.mods.modlauncher.TransformStore/MODLAUNCHER]: Adding transformer net.minecraftforge.coremod.transformer.CoreModClassTransformer@7792d851 to Target : CLASS {Lnet/minecraft/server/commands/RaidCommand;} {} {V}
[04Mar2025 02:55:07.515] [main/DEBUG] [cpw.mods.modlauncher.TransformStore/MODLAUNCHER]: Adding transformer net.minecraftforge.coremod.transformer.CoreModClassTransformer@7792d851 to Target : CLASS {Lnet/minecraft/world/entity/animal/frog/Tadpole;} {} {V}
[04Mar2025 02:55:07.516] [main/DEBUG] [cpw.mods.modlauncher.TransformStore/MODLAUNCHER]: Adding transformer net.minecraftforge.coremod.transformer.CoreModClassTransformer@7792d851 to Target : CLASS {Lnet/minecraft/world/entity/animal/horse/SkeletonTrapGoal;} {} {V}
[04Mar2025 02:55:07.516] [main/DEBUG] [cpw.mods.modlauncher.TransformStore/MODLAUNCHER]: Adding transformer net.minecraftforge.coremod.transformer.CoreModClassTransformer@7792d851 to Target : CLASS {Lnet/minecraft/world/entity/monster/ZombieVillager;} {} {V}
[04Mar2025 02:55:07.516] [main/DEBUG] [cpw.mods.modlauncher.TransformStore/MODLAUNCHER]: Adding transformer net.minecraftforge.coremod.transformer.CoreModClassTransformer@7792d851 to Target : CLASS {Lnet/minecraft/world/entity/monster/Strider;} {} {V}
[04Mar2025 02:55:07.516] [main/DEBUG] [cpw.mods.modlauncher.TransformStore/MODLAUNCHER]: Adding transformer net.minecraftforge.coremod.transformer.CoreModClassTransformer@7792d851 to Target : CLASS {Lnet/minecraft/world/level/levelgen/structure/templatesystem/StructureTemplate;} {} {V}
[04Mar2025 02:55:07.516] [main/DEBUG] [cpw.mods.modlauncher.TransformStore/MODLAUNCHER]: Adding transformer net.minecraftforge.coremod.transformer.CoreModClassTransformer@7792d851 to Target : CLASS {Lnet/minecraft/world/entity/EntityType;} {} {V}
[04Mar2025 02:55:07.516] [main/DEBUG] [cpw.mods.modlauncher.TransformStore/MODLAUNCHER]: Adding transformer net.minecraftforge.coremod.transformer.CoreModMethodTransformer@7e1ffe70 to Target : METHOD {Lnet/minecraft/world/level/levelgen/WorldOptions;} {<init>} {(JZZLjava/util/Optional;)V}
[04Mar2025 02:55:07.516] [main/DEBUG] [cpw.mods.modlauncher.TransformStore/MODLAUNCHER]: Adding transformer net.minecraftforge.coremod.transformer.CoreModMethodTransformer@73041b7d to Target : METHOD {Lnet/minecraft/client/gui/MapRenderer$MapInstance;} {m_93291_} {(Lcom/mojang/blaze3d/vertex/PoseStack;Lnet/minecraft/client/renderer/MultiBufferSource;ZI)V}
[04Mar2025 02:55:07.516] [main/DEBUG] [cpw.mods.modlauncher.TransformStore/MODLAUNCHER]: Adding transformer net.minecraftforge.coremod.transformer.CoreModMethodTransformer@1235151c to Target : METHOD {Lnet/minecraft/client/renderer/ItemInHandRenderer;} {m_109371_} {(Lnet/minecraft/client/player/AbstractClientPlayer;FFLnet/minecraft/world/InteractionHand;FLnet/minecraft/world/item/ItemStack;FLcom/mojang/blaze3d/vertex/PoseStack;Lnet/minecraft/client/renderer/MultiBufferSource;I)V}
[04Mar2025 02:55:07.516] [main/DEBUG] [cpw.mods.modlauncher.TransformStore/MODLAUNCHER]: Adding transformer net.minecraftforge.coremod.transformer.CoreModMethodTransformer@5a1f778 to Target : METHOD {Lnet/minecraft/world/entity/decoration/ItemFrame;} {m_218868_} {()Ljava/util/OptionalInt;}
[04Mar2025 02:55:07.516] [main/DEBUG] [cpw.mods.modlauncher.TransformStore/MODLAUNCHER]: Adding transformer net.minecraftforge.coremod.transformer.CoreModMethodTransformer@4cc65c2 to Target : METHOD {Lnet/minecraft/client/renderer/ItemInHandRenderer;} {m_109366_} {(Lcom/mojang/blaze3d/vertex/PoseStack;Lnet/minecraft/client/renderer/MultiBufferSource;ILnet/minecraft/world/item/ItemStack;)V}
[04Mar2025 02:55:07.517] [main/DEBUG] [cpw.mods.modlauncher.TransformStore/MODLAUNCHER]: Adding transformer net.minecraftforge.coremod.transformer.CoreModMethodTransformer@574059d5 to Target : METHOD {Lnet/minecraft/world/item/MapItem;} {m_7373_} {(Lnet/minecraft/world/item/ItemStack;Lnet/minecraft/world/level/Level;Ljava/util/List;Lnet/minecraft/world/item/TooltipFlag;)V}
[04Mar2025 02:55:07.517] [main/DEBUG] [cpw.mods.modlauncher.TransformStore/MODLAUNCHER]: Adding transformer net.minecraftforge.coremod.transformer.CoreModMethodTransformer@6d672bd4 to Target : METHOD {Lnet/minecraft/client/sounds/MusicManager;} {m_120183_} {()V}
[04Mar2025 02:55:07.517] [main/DEBUG] [cpw.mods.modlauncher.TransformStore/MODLAUNCHER]: Adding transformer net.minecraftforge.coremod.transformer.CoreModMethodTransformer@67770b37 to Target : METHOD {Lnet/minecraft/server/level/ServerEntity;} {m_8543_} {()V}
[04Mar2025 02:55:07.517] [main/DEBUG] [cpw.mods.modlauncher.TransformStore/MODLAUNCHER]: Adding transformer net.minecraftforge.coremod.transformer.CoreModMethodTransformer@72906e to Target : METHOD {Lnet/minecraft/client/renderer/entity/EntityRenderDispatcher;} {m_6213_} {(Lnet/minecraft/server/packs/resources/ResourceManager;)V}
[04Mar2025 02:55:07.517] [main/DEBUG] [cpw.mods.modlauncher.TransformStore/MODLAUNCHER]: Adding transformer net.minecraftforge.coremod.transformer.CoreModMethodTransformer@5529ff44 to Target : METHOD {Lnet/minecraft/client/renderer/entity/EntityRenderDispatcher;} {m_114382_} {(Lnet/minecraft/world/entity/Entity;)Lnet/minecraft/client/renderer/entity/EntityRenderer;}
[04Mar2025 02:55:07.517] [main/DEBUG] [cpw.mods.modlauncher.TransformStore/MODLAUNCHER]: Adding transformer net.minecraftforge.coremod.transformer.CoreModMethodTransformer@14447be to Target : METHOD {Lnet/minecraft/client/renderer/LevelRenderer;} {m_109599_} {(Lcom/mojang/blaze3d/vertex/PoseStack;FJZLnet/minecraft/client/Camera;Lnet/minecraft/client/renderer/GameRenderer;Lnet/minecraft/client/renderer/LightTexture;Lorg/joml/Matrix4f;)V}
[04Mar2025 02:55:07.517] [main/DEBUG] [cpw.mods.modlauncher.TransformStore/MODLAUNCHER]: Adding transformer net.minecraftforge.coremod.transformer.CoreModMethodTransformer@5eb5da12 to Target : METHOD {Lnet/minecraft/client/renderer/BiomeColors;} {m_108807_} {(Lnet/minecraft/world/level/biome/Biome;DD)I}
[04Mar2025 02:55:07.517] [main/DEBUG] [cpw.mods.modlauncher.TransformStore/MODLAUNCHER]: Adding transformer net.minecraftforge.coremod.transformer.CoreModMethodTransformer@4a50d04a to Target : METHOD {Lnet/minecraft/client/player/LocalPlayer;} {m_6083_} {()V}
[04Mar2025 02:55:07.517] [main/DEBUG] [cpw.mods.modlauncher.TransformStore/MODLAUNCHER]: Adding transformer net.minecraftforge.coremod.transformer.CoreModMethodTransformer@5099c59b to Target : METHOD {Lnet/minecraft/world/item/WrittenBookItem;} {m_7626_} {(Lnet/minecraft/world/item/ItemStack;)Lnet/minecraft/network/chat/Component;}
[04Mar2025 02:55:07.517] [main/DEBUG] [cpw.mods.modlauncher.TransformStore/MODLAUNCHER]: Adding transformer net.minecraftforge.coremod.transformer.CoreModMethodTransformer@73c31181 to Target : METHOD {Lnet/minecraft/world/level/levelgen/structure/StructureStart;} {m_226857_} {(Lnet/minecraft/world/level/levelgen/structure/pieces/StructurePieceSerializationContext;Lnet/minecraft/nbt/CompoundTag;J)Lnet/minecraft/world/level/levelgen/structure/StructureStart;}
[04Mar2025 02:55:07.518] [main/DEBUG] [cpw.mods.modlauncher.TransformStore/MODLAUNCHER]: Adding transformer net.minecraftforge.coremod.transformer.CoreModMethodTransformer@3d620a1 to Target : METHOD {Lnet/minecraft/world/item/Item;} {m_41435_} {(Lnet/minecraft/world/level/Level;Lnet/minecraft/world/entity/player/Player;Lnet/minecraft/world/level/ClipContext$Fluid;)Lnet/minecraft/world/phys/BlockHitResult;}
[04Mar2025 02:55:07.518] [main/DEBUG] [cpw.mods.modlauncher.TransformStore/MODLAUNCHER]: Adding transformer net.minecraftforge.coremod.transformer.CoreModMethodTransformer@4f486211 to Target : METHOD {Lnet/minecraft/world/level/block/MushroomBlock;} {m_7898_} {(Lnet/minecraft/world/level/block/state/BlockState;Lnet/minecraft/world/level/LevelReader;Lnet/minecraft/core/BlockPos;)Z}
[04Mar2025 02:55:07.518] [main/DEBUG] [cpw.mods.modlauncher.TransformStore/MODLAUNCHER]: Adding transformer net.minecraftforge.coremod.transformer.CoreModMethodTransformer@51e3d37e to Target : METHOD {Lnet/minecraft/world/level/Level;} {m_46758_} {(Lnet/minecraft/core/BlockPos;)Z}
[04Mar2025 02:55:07.518] [main/DEBUG] [cpw.mods.modlauncher.TransformStore/MODLAUNCHER]: Adding transformer net.minecraftforge.coremod.transformer.CoreModMethodTransformer@3a479fda to Target : METHOD {Lnet/minecraft/world/entity/decoration/LeashFenceKnotEntity;} {m_7088_} {()Z}
[04Mar2025 02:55:07.518] [main/DEBUG] [cpw.mods.modlauncher.TransformationServiceDecorator/MODLAUNCHER]: Initialized transformers for transformation service fml
[04Mar2025 02:55:09.379] [main/DEBUG] [mixin/]: Processing prepare() for PlatformAgent[MixinPlatformAgentDefault:ModLauncher Root Container(ModLauncher:4f56a0a2)]
[04Mar2025 02:55:09.379] [main/DEBUG] [mixin/]: Processing launch tasks for PlatformAgent[MixinPlatformAgentDefault:ModLauncher Root Container(ModLauncher:4f56a0a2)]
[04Mar2025 02:55:09.379] [main/DEBUG] [mixin/]: Adding mixin platform agents for container SecureJarResource(smartbrainlib)
[04Mar2025 02:55:09.379] [main/DEBUG] [mixin/]: Instancing new MixinPlatformAgentMinecraftForge for SecureJarResource(smartbrainlib)
[04Mar2025 02:55:09.379] [main/DEBUG] [mixin/]: MixinPlatformAgentMinecraftForge rejected container SecureJarResource(smartbrainlib)
[04Mar2025 02:55:09.379] [main/DEBUG] [mixin/]: Instancing new MixinPlatformAgentDefault for SecureJarResource(smartbrainlib)
[04Mar2025 02:55:09.380] [main/DEBUG] [mixin/]: MixinPlatformAgentDefault accepted container SecureJarResource(smartbrainlib)
[04Mar2025 02:55:09.380] [main/DEBUG] [mixin/]: Processing prepare() for PlatformAgent[MixinPlatformAgentDefault:SecureJarResource(smartbrainlib)]
[04Mar2025 02:55:09.380] [main/DEBUG] [mixin/]: Adding mixin platform agents for container SecureJarResource(cyclopscore)
[04Mar2025 02:55:09.380] [main/DEBUG] [mixin/]: Instancing new MixinPlatformAgentMinecraftForge for SecureJarResource(cyclopscore)
[04Mar2025 02:55:09.380] [main/DEBUG] [mixin/]: MixinPlatformAgentMinecraftForge rejected container SecureJarResource(cyclopscore)
[04Mar2025 02:55:09.380] [main/DEBUG] [mixin/]: Instancing new MixinPlatformAgentDefault for SecureJarResource(cyclopscore)
[04Mar2025 02:55:09.380] [main/DEBUG] [mixin/]: MixinPlatformAgentDefault accepted container SecureJarResource(cyclopscore)
[04Mar2025 02:55:09.380] [main/DEBUG] [mixin/]: Processing prepare() for PlatformAgent[MixinPlatformAgentDefault:SecureJarResource(cyclopscore)]
[04Mar2025 02:55:09.380] [main/DEBUG] [mixin/]: Adding mixin platform agents for container SecureJarResource(kuma_api)
[04Mar2025 02:55:09.380] [main/DEBUG] [mixin/]: Instancing new MixinPlatformAgentMinecraftForge for SecureJarResource(kuma_api)
[04Mar2025 02:55:09.380] [main/DEBUG] [mixin/]: MixinPlatformAgentMinecraftForge rejected container SecureJarResource(kuma_api)
[04Mar2025 02:55:09.380] [main/DEBUG] [mixin/]: Instancing new MixinPlatformAgentDefault for SecureJarResource(kuma_api)
[04Mar2025 02:55:09.380] [main/DEBUG] [mixin/]: MixinPlatformAgentDefault accepted container SecureJarResource(kuma_api)
[04Mar2025 02:55:09.381] [main/DEBUG] [mixin/]: Processing prepare() for PlatformAgent[MixinPlatformAgentDefault:SecureJarResource(kuma_api)]
[04Mar2025 02:55:09.381] [main/DEBUG] [mixin/]: Registering mixin config: kuma_api.mixins.json
[04Mar2025 02:55:09.400] [main/DEBUG] [mixin/]: Compatibility level JAVA_17 specified by kuma_api.mixins.json is higher than the maximum level supported by this version of mixin (JAVA_13).
[04Mar2025 02:55:09.405] [main/INFO] [mixin/]: Compatibility level set to JAVA_17
[04Mar2025 02:55:09.408] [main/DEBUG] [mixin/]: Registering mixin config: kuma_api.forge.mixins.json
[04Mar2025 02:55:09.412] [main/DEBUG] [mixin/]: Adding mixin platform agents for container SecureJarResource(cucumber)
[04Mar2025 02:55:09.412] [main/DEBUG] [mixin/]: Instancing new MixinPlatformAgentMinecraftForge for SecureJarResource(cucumber)
[04Mar2025 02:55:09.413] [main/DEBUG] [mixin/]: MixinPlatformAgentMinecraftForge rejected container SecureJarResource(cucumber)
[04Mar2025 02:55:09.413] [main/DEBUG] [mixin/]: Instancing new MixinPlatformAgentDefault for SecureJarResource(cucumber)
[04Mar2025 02:55:09.413] [main/DEBUG] [mixin/]: MixinPlatformAgentDefault accepted container SecureJarResource(cucumber)
[04Mar2025 02:55:09.413] [main/DEBUG] [mixin/]: Processing prepare() for PlatformAgent[MixinPlatformAgentDefault:SecureJarResource(cucumber)]
[04Mar2025 02:55:09.413] [main/DEBUG] [mixin/]: Registering mixin config: cucumber.mixins.json
[04Mar2025 02:55:09.419] [main/DEBUG] [mixin/]: Adding mixin platform agents for container SecureJarResource(illusion_onslaught)
[04Mar2025 02:55:09.419] [main/DEBUG] [mixin/]: Instancing new MixinPlatformAgentMinecraftForge for SecureJarResource(illusion_onslaught)
[04Mar2025 02:55:09.420] [main/DEBUG] [mixin/]: MixinPlatformAgentMinecraftForge rejected container SecureJarResource(illusion_onslaught)
[04Mar2025 02:55:09.420] [main/DEBUG] [mixin/]: Instancing new MixinPlatformAgentDefault for SecureJarResource(illusion_onslaught)
[04Mar2025 02:55:09.422] [main/DEBUG] [mixin/]: MixinPlatformAgentDefault accepted container SecureJarResource(illusion_onslaught)
[04Mar2025 02:55:09.422] [main/DEBUG] [mixin/]: Processing prepare() for PlatformAgent[MixinPlatformAgentDefault:SecureJarResource(illusion_onslaught)]
[04Mar2025 02:55:09.422] [main/DEBUG] [mixin/]: Adding mixin platform agents for container SecureJarResource(geckolib)
[04Mar2025 02:55:09.422] [main/DEBUG] [mixin/]: Instancing new MixinPlatformAgentMinecraftForge for SecureJarResource(geckolib)
[04Mar2025 02:55:09.422] [main/DEBUG] [mixin/]: MixinPlatformAgentMinecraftForge rejected container SecureJarResource(geckolib)
[04Mar2025 02:55:09.422] [main/DEBUG] [mixin/]: Instancing new MixinPlatformAgentDefault for SecureJarResource(geckolib)
[04Mar2025 02:55:09.422] [main/DEBUG] [mixin/]: MixinPlatformAgentDefault accepted container SecureJarResource(geckolib)
[04Mar2025 02:55:09.423] [main/DEBUG] [mixin/]: Processing prepare() for PlatformAgent[MixinPlatformAgentDefault:SecureJarResource(geckolib)]
[04Mar2025 02:55:09.423] [main/DEBUG] [mixin/]: Registering mixin config: geckolib.mixins.json
[04Mar2025 02:55:09.431] [main/DEBUG] [mixin/]: Adding mixin platform agents for container SecureJarResource(graveyard)
[04Mar2025 02:55:09.431] [main/DEBUG] [mixin/]: Instancing new MixinPlatformAgentMinecraftForge for SecureJarResource(graveyard)
[04Mar2025 02:55:09.431] [main/DEBUG] [mixin/]: MixinPlatformAgentMinecraftForge rejected container SecureJarResource(graveyard)
[04Mar2025 02:55:09.431] [main/DEBUG] [mixin/]: Instancing new MixinPlatformAgentDefault for SecureJarResource(graveyard)
[04Mar2025 02:55:09.431] [main/DEBUG] [mixin/]: MixinPlatformAgentDefault accepted container SecureJarResource(graveyard)
[04Mar2025 02:55:09.431] [main/DEBUG] [mixin/]: Processing prepare() for PlatformAgent[MixinPlatformAgentDefault:SecureJarResource(graveyard)]
[04Mar2025 02:55:09.431] [main/DEBUG] [mixin/]: Registering mixin config: graveyard-common.mixins.json
[04Mar2025 02:55:09.434] [main/DEBUG] [mixin/]: Registering mixin config: graveyard-forge.mixins.json
[04Mar2025 02:55:09.436] [main/DEBUG] [mixin/]: Adding mixin platform agents for container SecureJarResource(caelus)
[04Mar2025 02:55:09.436] [main/DEBUG] [mixin/]: Instancing new MixinPlatformAgentMinecraftForge for SecureJarResource(caelus)
[04Mar2025 02:55:09.436] [main/DEBUG] [mixin/]: MixinPlatformAgentMinecraftForge rejected container SecureJarResource(caelus)
[04Mar2025 02:55:09.436] [main/DEBUG] [mixin/]: Instancing new MixinPlatformAgentDefault for SecureJarResource(caelus)
[04Mar2025 02:55:09.436] [main/DEBUG] [mixin/]: MixinPlatformAgentDefault accepted container SecureJarResource(caelus)
[04Mar2025 02:55:09.436] [main/DEBUG] [mixin/]: Processing prepare() for PlatformAgent[MixinPlatformAgentDefault:SecureJarResource(caelus)]
[04Mar2025 02:55:09.436] [main/DEBUG] [mixin/]: Registering mixin config: caelus.mixins.json
[04Mar2025 02:55:09.438] [main/DEBUG] [mixin/]: Adding mixin platform agents for container SecureJarResource(waystones)
[04Mar2025 02:55:09.438] [main/DEBUG] [mixin/]: Instancing new MixinPlatformAgentMinecraftForge for SecureJarResource(waystones)
[04Mar2025 02:55:09.438] [main/DEBUG] [mixin/]: MixinPlatformAgentMinecraftForge rejected container SecureJarResource(waystones)
[04Mar2025 02:55:09.438] [main/DEBUG] [mixin/]: Instancing new MixinPlatformAgentDefault for SecureJarResource(waystones)
[04Mar2025 02:55:09.438] [main/DEBUG] [mixin/]: MixinPlatformAgentDefault accepted container SecureJarResource(waystones)
[04Mar2025 02:55:09.438] [main/DEBUG] [mixin/]: Processing prepare() for PlatformAgent[MixinPlatformAgentDefault:SecureJarResource(waystones)]
[04Mar2025 02:55:09.438] [main/DEBUG] [mixin/]: Registering mixin config: waystones.mixins.json
[04Mar2025 02:55:09.440] [main/DEBUG] [mixin/]: Adding mixin platform agents for container SecureJarResource(rpgstats)
[04Mar2025 02:55:09.440] [main/DEBUG] [mixin/]: Instancing new MixinPlatformAgentMinecraftForge for SecureJarResource(rpgstats)
[04Mar2025 02:55:09.440] [main/DEBUG] [mixin/]: MixinPlatformAgentMinecraftForge rejected container SecureJarResource(rpgstats)
[04Mar2025 02:55:09.440] [main/DEBUG] [mixin/]: Instancing new MixinPlatformAgentDefault for SecureJarResource(rpgstats)
[04Mar2025 02:55:09.440] [main/DEBUG] [mixin/]: MixinPlatformAgentDefault accepted container SecureJarResource(rpgstats)
[04Mar2025 02:55:09.440] [main/DEBUG] [mixin/]: Processing prepare() for PlatformAgent[MixinPlatformAgentDefault:SecureJarResource(rpgstats)]
[04Mar2025 02:55:09.440] [main/DEBUG] [mixin/]: Adding mixin platform agents for container SecureJarResource(epicfight)
[04Mar2025 02:55:09.440] [main/DEBUG] [mixin/]: Instancing new MixinPlatformAgentMinecraftForge for SecureJarResource(epicfight)
[04Mar2025 02:55:09.440] [main/DEBUG] [mixin/]: MixinPlatformAgentMinecraftForge rejected container SecureJarResource(epicfight)
[04Mar2025 02:55:09.440] [main/DEBUG] [mixin/]: Instancing new MixinPlatformAgentDefault for SecureJarResource(epicfight)
[04Mar2025 02:55:09.440] [main/DEBUG] [mixin/]: MixinPlatformAgentDefault accepted container SecureJarResource(epicfight)
[04Mar2025 02:55:09.441] [main/DEBUG] [mixin/]: Processing prepare() for PlatformAgent[MixinPlatformAgentDefault:SecureJarResource(epicfight)]
[04Mar2025 02:55:09.441] [main/DEBUG] [mixin/]: Registering mixin config: mixins.epicfight.json
[04Mar2025 02:55:09.443] [main/DEBUG] [mixin/]: Adding mixin platform agents for container SecureJarResource(citadel)
[04Mar2025 02:55:09.443] [main/DEBUG] [mixin/]: Instancing new MixinPlatformAgentMinecraftForge for SecureJarResource(citadel)
[04Mar2025 02:55:09.443] [main/DEBUG] [mixin/]: MixinPlatformAgentMinecraftForge rejected container SecureJarResource(citadel)
[04Mar2025 02:55:09.443] [main/DEBUG] [mixin/]: Instancing new MixinPlatformAgentDefault for SecureJarResource(citadel)
[04Mar2025 02:55:09.444] [main/DEBUG] [mixin/]: MixinPlatformAgentDefault accepted container SecureJarResource(citadel)
[04Mar2025 02:55:09.444] [main/DEBUG] [mixin/]: Processing prepare() for PlatformAgent[MixinPlatformAgentDefault:SecureJarResource(citadel)]
[04Mar2025 02:55:09.444] [main/DEBUG] [mixin/]: Registering mixin config: citadel.mixins.json
[04Mar2025 02:55:09.446] [main/DEBUG] [mixin/]: Adding mixin platform agents for container SecureJarResource(artifacts)
[04Mar2025 02:55:09.446] [main/DEBUG] [mixin/]: Instancing new MixinPlatformAgentMinecraftForge for SecureJarResource(artifacts)
[04Mar2025 02:55:09.446] [main/DEBUG] [mixin/]: MixinPlatformAgentMinecraftForge rejected container SecureJarResource(artifacts)
[04Mar2025 02:55:09.446] [main/DEBUG] [mixin/]: Instancing new MixinPlatformAgentDefault for SecureJarResource(artifacts)
[04Mar2025 02:55:09.446] [main/DEBUG] [mixin/]: MixinPlatformAgentDefault accepted container SecureJarResource(artifacts)
[04Mar2025 02:55:09.446] [main/DEBUG] [mixin/]: Processing prepare() for PlatformAgent[MixinPlatformAgentDefault:SecureJarResource(artifacts)]
[04Mar2025 02:55:09.447] [main/DEBUG] [mixin/]: Registering mixin config: mixins.artifacts.common.json
[04Mar2025 02:55:09.448] [main/DEBUG] [mixin/]: Registering mixin config: mixins.artifacts.forge.json
[04Mar2025 02:55:09.449] [main/DEBUG] [mixin/]: Adding mixin platform agents for container SecureJarResource(evilcraft)
[04Mar2025 02:55:09.449] [main/DEBUG] [mixin/]: Instancing new MixinPlatformAgentMinecraftForge for SecureJarResource(evilcraft)
[04Mar2025 02:55:09.450] [main/DEBUG] [mixin/]: MixinPlatformAgentMinecraftForge rejected container SecureJarResource(evilcraft)
[04Mar2025 02:55:09.450] [main/DEBUG] [mixin/]: Instancing new MixinPlatformAgentDefault for SecureJarResource(evilcraft)
[04Mar2025 02:55:09.450] [main/DEBUG] [mixin/]: MixinPlatformAgentDefault accepted container SecureJarResource(evilcraft)
[04Mar2025 02:55:09.450] [main/DEBUG] [mixin/]: Processing prepare() for PlatformAgent[MixinPlatformAgentDefault:SecureJarResource(evilcraft)]
[04Mar2025 02:55:09.450] [main/DEBUG] [mixin/]: Adding mixin platform agents for container SecureJarResource(mixinextras)
[04Mar2025 02:55:09.450] [main/DEBUG] [mixin/]: Instancing new MixinPlatformAgentMinecraftForge for SecureJarResource(mixinextras)
[04Mar2025 02:55:09.450] [main/DEBUG] [mixin/]: MixinPlatformAgentMinecraftForge rejected container SecureJarResource(mixinextras)
[04Mar2025 02:55:09.450] [main/DEBUG] [mixin/]: Instancing new MixinPlatformAgentDefault for SecureJarResource(mixinextras)
[04Mar2025 02:55:09.450] [main/DEBUG] [mixin/]: MixinPlatformAgentDefault accepted container SecureJarResource(mixinextras)
[04Mar2025 02:55:09.451] [main/DEBUG] [mixin/]: Processing prepare() for PlatformAgent[MixinPlatformAgentDefault:SecureJarResource(mixinextras)]
[04Mar2025 02:55:09.451] [main/DEBUG] [mixin/]: Registering mixin config: mixinextras.init.mixins.json
[04Mar2025 02:55:09.452] [main/DEBUG] [mixin/]: Adding mixin platform agents for container SecureJarResource(glitchcore)
[04Mar2025 02:55:09.452] [main/DEBUG] [mixin/]: Instancing new MixinPlatformAgentMinecraftForge for SecureJarResource(glitchcore)
[04Mar2025 02:55:09.452] [main/DEBUG] [mixin/]: MixinPlatformAgentMinecraftForge rejected container SecureJarResource(glitchcore)
[04Mar2025 02:55:09.452] [main/DEBUG] [mixin/]: Instancing new MixinPlatformAgentDefault for SecureJarResource(glitchcore)
[04Mar2025 02:55:09.452] [main/DEBUG] [mixin/]: MixinPlatformAgentDefault accepted container SecureJarResource(glitchcore)
[04Mar2025 02:55:09.452] [main/DEBUG] [mixin/]: Processing prepare() for PlatformAgent[MixinPlatformAgentDefault:SecureJarResource(glitchcore)]
[04Mar2025 02:55:09.452] [main/DEBUG] [mixin/]: Registering mixin config: glitchcore.mixins.json
[04Mar2025 02:55:09.454] [main/DEBUG] [mixin/]: Registering mixin config: glitchcore.forge.mixins.json
[04Mar2025 02:55:09.455] [main/DEBUG] [mixin/]: Adding mixin platform agents for container SecureJarResource(relics)
[04Mar2025 02:55:09.455] [main/DEBUG] [mixin/]: Instancing new MixinPlatformAgentMinecraftForge for SecureJarResource(relics)
[04Mar2025 02:55:09.455] [main/DEBUG] [mixin/]: MixinPlatformAgentMinecraftForge rejected container SecureJarResource(relics)
[04Mar2025 02:55:09.455] [main/DEBUG] [mixin/]: Instancing new MixinPlatformAgentDefault for SecureJarResource(relics)
[04Mar2025 02:55:09.455] [main/DEBUG] [mixin/]: MixinPlatformAgentDefault accepted container SecureJarResource(relics)
[04Mar2025 02:55:09.455] [main/DEBUG] [mixin/]: Processing prepare() for PlatformAgent[MixinPlatformAgentDefault:SecureJarResource(relics)]
[04Mar2025 02:55:09.455] [main/DEBUG] [mixin/]: Registering mixin config: relics.mixins.json
[04Mar2025 02:55:09.457] [main/DEBUG] [mixin/]: Compatibility level JAVA_8 specified by relics.mixins.json is lower than the default level supported by the current mixin service (JAVA_16).
[04Mar2025 02:55:09.457] [main/DEBUG] [mixin/]: Adding mixin platform agents for container SecureJarResource(balm)
[04Mar2025 02:55:09.457] [main/DEBUG] [mixin/]: Instancing new MixinPlatformAgentMinecraftForge for SecureJarResource(balm)
[04Mar2025 02:55:09.457] [main/DEBUG] [mixin/]: MixinPlatformAgentMinecraftForge rejected container SecureJarResource(balm)
[04Mar2025 02:55:09.457] [main/DEBUG] [mixin/]: Instancing new MixinPlatformAgentDefault for SecureJarResource(balm)
[04Mar2025 02:55:09.457] [main/DEBUG] [mixin/]: MixinPlatformAgentDefault accepted container SecureJarResource(balm)
[04Mar2025 02:55:09.458] [main/DEBUG] [mixin/]: Processing prepare() for PlatformAgent[MixinPlatformAgentDefault:SecureJarResource(balm)]
[04Mar2025 02:55:09.458] [main/DEBUG] [mixin/]: Registering mixin config: balm.mixins.json
[04Mar2025 02:55:09.459] [main/DEBUG] [mixin/]: Adding mixin platform agents for container SecureJarResource(cloth_config)
[04Mar2025 02:55:09.459] [main/DEBUG] [mixin/]: Instancing new MixinPlatformAgentMinecraftForge for SecureJarResource(cloth_config)
[04Mar2025 02:55:09.459] [main/DEBUG] [mixin/]: MixinPlatformAgentMinecraftForge rejected container SecureJarResource(cloth_config)
[04Mar2025 02:55:09.459] [main/DEBUG] [mixin/]: Instancing new MixinPlatformAgentDefault for SecureJarResource(cloth_config)
[04Mar2025 02:55:09.459] [main/DEBUG] [mixin/]: MixinPlatformAgentDefault accepted container SecureJarResource(cloth_config)
[04Mar2025 02:55:09.459] [main/DEBUG] [mixin/]: Processing prepare() for PlatformAgent[MixinPlatformAgentDefault:SecureJarResource(cloth_config)]
[04Mar2025 02:55:09.459] [main/DEBUG] [mixin/]: Adding mixin platform agents for container SecureJarResource(forge)
[04Mar2025 02:55:09.459] [main/DEBUG] [mixin/]: Instancing new MixinPlatformAgentMinecraftForge for SecureJarResource(forge)
[04Mar2025 02:55:09.459] [main/DEBUG] [mixin/]: MixinPlatformAgentMinecraftForge rejected container SecureJarResource(forge)
[04Mar2025 02:55:09.459] [main/DEBUG] [mixin/]: Instancing new MixinPlatformAgentDefault for SecureJarResource(forge)
[04Mar2025 02:55:09.459] [main/DEBUG] [mixin/]: MixinPlatformAgentDefault accepted container SecureJarResource(forge)
[04Mar2025 02:55:09.459] [main/DEBUG] [mixin/]: Processing prepare() for PlatformAgent[MixinPlatformAgentDefault:SecureJarResource(forge)]
[04Mar2025 02:55:09.460] [main/DEBUG] [mixin/]: Adding mixin platform agents for container SecureJarResource(twilightforest)
[04Mar2025 02:55:09.460] [main/DEBUG] [mixin/]: Instancing new MixinPlatformAgentMinecraftForge for SecureJarResource(twilightforest)
[04Mar2025 02:55:09.460] [main/DEBUG] [mixin/]: MixinPlatformAgentMinecraftForge rejected container SecureJarResource(twilightforest)
[04Mar2025 02:55:09.460] [main/DEBUG] [mixin/]: Instancing new MixinPlatformAgentDefault for SecureJarResource(twilightforest)
[04Mar2025 02:55:09.460] [main/DEBUG] [mixin/]: MixinPlatformAgentDefault accepted container SecureJarResource(twilightforest)
[04Mar2025 02:55:09.460] [main/DEBUG] [mixin/]: Processing prepare() for PlatformAgent[MixinPlatformAgentDefault:SecureJarResource(twilightforest)]
[04Mar2025 02:55:09.460] [main/DEBUG] [mixin/]: Adding mixin platform agents for container SecureJarResource(mysticalagriculture)
[04Mar2025 02:55:09.460] [main/DEBUG] [mixin/]: Instancing new MixinPlatformAgentMinecraftForge for SecureJarResource(mysticalagriculture)
[04Mar2025 02:55:09.460] [main/DEBUG] [mixin/]: MixinPlatformAgentMinecraftForge rejected container SecureJarResource(mysticalagriculture)
[04Mar2025 02:55:09.460] [main/DEBUG] [mixin/]: Instancing new MixinPlatformAgentDefault for SecureJarResource(mysticalagriculture)
[04Mar2025 02:55:09.460] [main/DEBUG] [mixin/]: MixinPlatformAgentDefault accepted container SecureJarResource(mysticalagriculture)
[04Mar2025 02:55:09.460] [main/DEBUG] [mixin/]: Processing prepare() for PlatformAgent[MixinPlatformAgentDefault:SecureJarResource(mysticalagriculture)]
[04Mar2025 02:55:09.460] [main/DEBUG] [mixin/]: Adding mixin platform agents for container SecureJarResource(dungeons_arise)
[04Mar2025 02:55:09.460] [main/DEBUG] [mixin/]: Instancing new MixinPlatformAgentMinecraftForge for SecureJarResource(dungeons_arise)
[04Mar2025 02:55:09.460] [main/DEBUG] [mixin/]: MixinPlatformAgentMinecraftForge rejected container SecureJarResource(dungeons_arise)
[04Mar2025 02:55:09.461] [main/DEBUG] [mixin/]: Instancing new MixinPlatformAgentDefault for SecureJarResource(dungeons_arise)
[04Mar2025 02:55:09.461] [main/DEBUG] [mixin/]: MixinPlatformAgentDefault accepted container SecureJarResource(dungeons_arise)
[04Mar2025 02:55:09.461] [main/DEBUG] [mixin/]: Processing prepare() for PlatformAgent[MixinPlatformAgentDefault:SecureJarResource(dungeons_arise)]
[04Mar2025 02:55:09.461] [main/DEBUG] [mixin/]: Adding mixin platform agents for container SecureJarResource(minecraft)
[04Mar2025 02:55:09.461] [main/DEBUG] [mixin/]: Instancing new MixinPlatformAgentMinecraftForge for SecureJarResource(minecraft)
[04Mar2025 02:55:09.461] [main/DEBUG] [mixin/]: MixinPlatformAgentMinecraftForge rejected container SecureJarResource(minecraft)
[04Mar2025 02:55:09.461] [main/DEBUG] [mixin/]: Instancing new MixinPlatformAgentDefault for SecureJarResource(minecraft)
[04Mar2025 02:55:09.461] [main/DEBUG] [mixin/]: MixinPlatformAgentDefault accepted container SecureJarResource(minecraft)
[04Mar2025 02:55:09.461] [main/DEBUG] [mixin/]: Processing prepare() for PlatformAgent[MixinPlatformAgentDefault:SecureJarResource(minecraft)]
[04Mar2025 02:55:09.461] [main/DEBUG] [mixin/]: Adding mixin platform agents for container SecureJarResource(rpgsmw)
[04Mar2025 02:55:09.461] [main/DEBUG] [mixin/]: Instancing new MixinPlatformAgentMinecraftForge for SecureJarResource(rpgsmw)
[04Mar2025 02:55:09.461] [main/DEBUG] [mixin/]: MixinPlatformAgentMinecraftForge rejected container SecureJarResource(rpgsmw)
[04Mar2025 02:55:09.461] [main/DEBUG] [mixin/]: Instancing new MixinPlatformAgentDefault for SecureJarResource(rpgsmw)
[04Mar2025 02:55:09.462] [main/DEBUG] [mixin/]: MixinPlatformAgentDefault accepted container SecureJarResource(rpgsmw)
[04Mar2025 02:55:09.462] [main/DEBUG] [mixin/]: Processing prepare() for PlatformAgent[MixinPlatformAgentDefault:SecureJarResource(rpgsmw)]
[04Mar2025 02:55:09.462] [main/DEBUG] [mixin/]: Adding mixin platform agents for container SecureJarResource(terramity)
[04Mar2025 02:55:09.462] [main/DEBUG] [mixin/]: Instancing new MixinPlatformAgentMinecraftForge for SecureJarResource(terramity)
[04Mar2025 02:55:09.462] [main/DEBUG] [mixin/]: MixinPlatformAgentMinecraftForge rejected container SecureJarResource(terramity)
[04Mar2025 02:55:09.462] [main/DEBUG] [mixin/]: Instancing new MixinPlatformAgentDefault for SecureJarResource(terramity)
[04Mar2025 02:55:09.462] [main/DEBUG] [mixin/]: MixinPlatformAgentDefault accepted container SecureJarResource(terramity)
[04Mar2025 02:55:09.462] [main/DEBUG] [mixin/]: Processing prepare() for PlatformAgent[MixinPlatformAgentDefault:SecureJarResource(terramity)]
[04Mar2025 02:55:09.462] [main/DEBUG] [mixin/]: Adding mixin platform agents for container SecureJarResource(alexscaves)
[04Mar2025 02:55:09.462] [main/DEBUG] [mixin/]: Instancing new MixinPlatformAgentMinecraftForge for SecureJarResource(alexscaves)
[04Mar2025 02:55:09.462] [main/DEBUG] [mixin/]: MixinPlatformAgentMinecraftForge rejected container SecureJarResource(alexscaves)
[04Mar2025 02:55:09.462] [main/DEBUG] [mixin/]: Instancing new MixinPlatformAgentDefault for SecureJarResource(alexscaves)
[04Mar2025 02:55:09.462] [main/DEBUG] [mixin/]: MixinPlatformAgentDefault accepted container SecureJarResource(alexscaves)
[04Mar2025 02:55:09.463] [main/DEBUG] [mixin/]: Processing prepare() for PlatformAgent[MixinPlatformAgentDefault:SecureJarResource(alexscaves)]
[04Mar2025 02:55:09.463] [main/DEBUG] [mixin/]: Registering mixin config: citadel.mixins.json
[04Mar2025 02:55:09.463] [main/DEBUG] [mixin/]: Registering mixin config: alexscaves.mixins.json
[04Mar2025 02:55:09.468] [main/DEBUG] [mixin/]: Adding mixin platform agents for container SecureJarResource(terrablender)
[04Mar2025 02:55:09.468] [main/DEBUG] [mixin/]: Instancing new MixinPlatformAgentMinecraftForge for SecureJarResource(terrablender)
[04Mar2025 02:55:09.468] [main/DEBUG] [mixin/]: MixinPlatformAgentMinecraftForge rejected container SecureJarResource(terrablender)
[04Mar2025 02:55:09.468] [main/DEBUG] [mixin/]: Instancing new MixinPlatformAgentDefault for SecureJarResource(terrablender)
[04Mar2025 02:55:09.468] [main/DEBUG] [mixin/]: MixinPlatformAgentDefault accepted container SecureJarResource(terrablender)
[04Mar2025 02:55:09.469] [main/DEBUG] [mixin/]: Processing prepare() for PlatformAgent[MixinPlatformAgentDefault:SecureJarResource(terrablender)]
[04Mar2025 02:55:09.469] [main/DEBUG] [mixin/]: Registering mixin config: terrablender.mixins.json
[04Mar2025 02:55:09.471] [main/DEBUG] [mixin/]: Registering mixin config: terrablender_forge.mixins.json
[04Mar2025 02:55:09.472] [main/DEBUG] [mixin/]: Adding mixin platform agents for container SecureJarResource(biomesoplenty)
[04Mar2025 02:55:09.473] [main/DEBUG] [mixin/]: Instancing new MixinPlatformAgentMinecraftForge for SecureJarResource(biomesoplenty)
[04Mar2025 02:55:09.473] [main/DEBUG] [mixin/]: MixinPlatformAgentMinecraftForge rejected container SecureJarResource(biomesoplenty)
[04Mar2025 02:55:09.473] [main/DEBUG] [mixin/]: Instancing new MixinPlatformAgentDefault for SecureJarResource(biomesoplenty)
[04Mar2025 02:55:09.473] [main/DEBUG] [mixin/]: MixinPlatformAgentDefault accepted container SecureJarResource(biomesoplenty)
[04Mar2025 02:55:09.473] [main/DEBUG] [mixin/]: Processing prepare() for PlatformAgent[MixinPlatformAgentDefault:SecureJarResource(biomesoplenty)]
[04Mar2025 02:55:09.473] [main/DEBUG] [mixin/]: Registering mixin config: biomesoplenty.mixins.json
[04Mar2025 02:55:09.474] [main/DEBUG] [mixin/]: Registering mixin config: biomesoplenty.forge.mixins.json
[04Mar2025 02:55:09.475] [main/DEBUG] [mixin/]: Adding mixin platform agents for container SecureJarResource(botania)
[04Mar2025 02:55:09.475] [main/DEBUG] [mixin/]: Instancing new MixinPlatformAgentMinecraftForge for SecureJarResource(botania)
[04Mar2025 02:55:09.475] [main/DEBUG] [mixin/]: MixinPlatformAgentMinecraftForge rejected container SecureJarResource(botania)
[04Mar2025 02:55:09.475] [main/DEBUG] [mixin/]: Instancing new MixinPlatformAgentDefault for SecureJarResource(botania)
[04Mar2025 02:55:09.475] [main/DEBUG] [mixin/]: MixinPlatformAgentDefault accepted container SecureJarResource(botania)
[04Mar2025 02:55:09.476] [main/DEBUG] [mixin/]: Processing prepare() for PlatformAgent[MixinPlatformAgentDefault:SecureJarResource(botania)]
[04Mar2025 02:55:09.476] [main/DEBUG] [mixin/]: Registering mixin config: botania_xplat.mixins.json
[04Mar2025 02:55:09.480] [main/DEBUG] [mixin/]: Registering mixin config: botania_forge.mixins.json
[04Mar2025 02:55:09.482] [main/DEBUG] [mixin/]: Adding mixin platform agents for container SecureJarResource(born_in_chaos_v1)
[04Mar2025 02:55:09.482] [main/DEBUG] [mixin/]: Instancing new MixinPlatformAgentMinecraftForge for SecureJarResource(born_in_chaos_v1)
[04Mar2025 02:55:09.482] [main/DEBUG] [mixin/]: MixinPlatformAgentMinecraftForge rejected container SecureJarResource(born_in_chaos_v1)
[04Mar2025 02:55:09.482] [main/DEBUG] [mixin/]: Instancing new MixinPlatformAgentDefault for SecureJarResource(born_in_chaos_v1)
[04Mar2025 02:55:09.482] [main/DEBUG] [mixin/]: MixinPlatformAgentDefault accepted container SecureJarResource(born_in_chaos_v1)
[04Mar2025 02:55:09.482] [main/DEBUG] [mixin/]: Processing prepare() for PlatformAgent[MixinPlatformAgentDefault:SecureJarResource(born_in_chaos_v1)]
[04Mar2025 02:55:09.482] [main/DEBUG] [mixin/]: Adding mixin platform agents for container SecureJarResource(lionfishapi)
[04Mar2025 02:55:09.482] [main/DEBUG] [mixin/]: Instancing new MixinPlatformAgentMinecraftForge for SecureJarResource(lionfishapi)
[04Mar2025 02:55:09.482] [main/DEBUG] [mixin/]: MixinPlatformAgentMinecraftForge rejected container SecureJarResource(lionfishapi)
[04Mar2025 02:55:09.482] [main/DEBUG] [mixin/]: Instancing new MixinPlatformAgentDefault for SecureJarResource(lionfishapi)
[04Mar2025 02:55:09.482] [main/DEBUG] [mixin/]: MixinPlatformAgentDefault accepted container SecureJarResource(lionfishapi)
[04Mar2025 02:55:09.482] [main/DEBUG] [mixin/]: Processing prepare() for PlatformAgent[MixinPlatformAgentDefault:SecureJarResource(lionfishapi)]
[04Mar2025 02:55:09.482] [main/DEBUG] [mixin/]: Registering mixin config: lionfishapi.mixins.json
[04Mar2025 02:55:09.484] [main/DEBUG] [mixin/]: Adding mixin platform agents for container SecureJarResource(domum_ornamentum)
[04Mar2025 02:55:09.485] [main/DEBUG] [mixin/]: Instancing new MixinPlatformAgentMinecraftForge for SecureJarResource(domum_ornamentum)
[04Mar2025 02:55:09.485] [main/DEBUG] [mixin/]: MixinPlatformAgentMinecraftForge rejected container SecureJarResource(domum_ornamentum)
[04Mar2025 02:55:09.485] [main/DEBUG] [mixin/]: Instancing new MixinPlatformAgentDefault for SecureJarResource(domum_ornamentum)
[04Mar2025 02:55:09.485] [main/DEBUG] [mixin/]: MixinPlatformAgentDefault accepted container SecureJarResource(domum_ornamentum)
[04Mar2025 02:55:09.485] [main/DEBUG] [mixin/]: Processing prepare() for PlatformAgent[MixinPlatformAgentDefault:SecureJarResource(domum_ornamentum)]
[04Mar2025 02:55:09.486] [main/DEBUG] [mixin/]: Adding mixin platform agents for container SecureJarResource(easy_villagers)
[04Mar2025 02:55:09.486] [main/DEBUG] [mixin/]: Instancing new MixinPlatformAgentMinecraftForge for SecureJarResource(easy_villagers)
[04Mar2025 02:55:09.486] [main/DEBUG] [mixin/]: MixinPlatformAgentMinecraftForge rejected container SecureJarResource(easy_villagers)
[04Mar2025 02:55:09.486] [main/DEBUG] [mixin/]: Instancing new MixinPlatformAgentDefault for SecureJarResource(easy_villagers)
[04Mar2025 02:55:09.486] [main/DEBUG] [mixin/]: MixinPlatformAgentDefault accepted container SecureJarResource(easy_villagers)
[04Mar2025 02:55:09.486] [main/DEBUG] [mixin/]: Processing prepare() for PlatformAgent[MixinPlatformAgentDefault:SecureJarResource(easy_villagers)]
[04Mar2025 02:55:09.486] [main/DEBUG] [mixin/]: Adding mixin platform agents for container SecureJarResource(cataclysm)
[04Mar2025 02:55:09.486] [main/DEBUG] [mixin/]: Instancing new MixinPlatformAgentMinecraftForge for SecureJarResource(cataclysm)
[04Mar2025 02:55:09.486] [main/DEBUG] [mixin/]: MixinPlatformAgentMinecraftForge rejected container SecureJarResource(cataclysm)
[04Mar2025 02:55:09.486] [main/DEBUG] [mixin/]: Instancing new MixinPlatformAgentDefault for SecureJarResource(cataclysm)
[04Mar2025 02:55:09.486] [main/DEBUG] [mixin/]: MixinPlatformAgentDefault accepted container SecureJarResource(cataclysm)
[04Mar2025 02:55:09.486] [main/DEBUG] [mixin/]: Processing prepare() for PlatformAgent[MixinPlatformAgentDefault:SecureJarResource(cataclysm)]
[04Mar2025 02:55:09.486] [main/DEBUG] [mixin/]: Registering mixin config: lionfishapi.mixins.json
[04Mar2025 02:55:09.486] [main/DEBUG] [mixin/]: Registering mixin config: cataclysm.mixins.json
[04Mar2025 02:55:09.488] [main/DEBUG] [mixin/]: Adding mixin platform agents for container SecureJarResource(curios)
[04Mar2025 02:55:09.488] [main/DEBUG] [mixin/]: Instancing new MixinPlatformAgentMinecraftForge for SecureJarResource(curios)
[04Mar2025 02:55:09.489] [main/DEBUG] [mixin/]: MixinPlatformAgentMinecraftForge rejected container SecureJarResource(curios)
[04Mar2025 02:55:09.489] [main/DEBUG] [mixin/]: Instancing new MixinPlatformAgentDefault for SecureJarResource(curios)
[04Mar2025 02:55:09.489] [main/DEBUG] [mixin/]: MixinPlatformAgentDefault accepted container SecureJarResource(curios)
[04Mar2025 02:55:09.489] [main/DEBUG] [mixin/]: Processing prepare() for PlatformAgent[MixinPlatformAgentDefault:SecureJarResource(curios)]
[04Mar2025 02:55:09.489] [main/DEBUG] [mixin/]: Registering mixin config: curios.mixins.json
[04Mar2025 02:55:09.490] [main/DEBUG] [mixin/]: Adding mixin platform agents for container SecureJarResource(patchouli)
[04Mar2025 02:55:09.490] [main/DEBUG] [mixin/]: Instancing new MixinPlatformAgentMinecraftForge for SecureJarResource(patchouli)
[04Mar2025 02:55:09.490] [main/DEBUG] [mixin/]: MixinPlatformAgentMinecraftForge rejected container SecureJarResource(patchouli)
[04Mar2025 02:55:09.490] [main/DEBUG] [mixin/]: Instancing new MixinPlatformAgentDefault for SecureJarResource(patchouli)
[04Mar2025 02:55:09.490] [main/DEBUG] [mixin/]: MixinPlatformAgentDefault accepted container SecureJarResource(patchouli)
[04Mar2025 02:55:09.490] [main/DEBUG] [mixin/]: Processing prepare() for PlatformAgent[MixinPlatformAgentDefault:SecureJarResource(patchouli)]
[04Mar2025 02:55:09.490] [main/DEBUG] [mixin/]: Registering mixin config: patchouli_xplat.mixins.json
[04Mar2025 02:55:09.491] [main/DEBUG] [mixin/]: Adding mixin platform agents for container SecureJarResource(blockui)
[04Mar2025 02:55:09.491] [main/DEBUG] [mixin/]: Instancing new MixinPlatformAgentMinecraftForge for SecureJarResource(blockui)
[04Mar2025 02:55:09.491] [main/DEBUG] [mixin/]: MixinPlatformAgentMinecraftForge rejected container SecureJarResource(blockui)
[04Mar2025 02:55:09.491] [main/DEBUG] [mixin/]: Instancing new MixinPlatformAgentDefault for SecureJarResource(blockui)
[04Mar2025 02:55:09.491] [main/DEBUG] [mixin/]: MixinPlatformAgentDefault accepted container SecureJarResource(blockui)
[04Mar2025 02:55:09.491] [main/DEBUG] [mixin/]: Processing prepare() for PlatformAgent[MixinPlatformAgentDefault:SecureJarResource(blockui)]
[04Mar2025 02:55:09.491] [main/DEBUG] [mixin/]: Adding mixin platform agents for container SecureJarResource(armourers_workshop)
[04Mar2025 02:55:09.492] [main/DEBUG] [mixin/]: Instancing new MixinPlatformAgentMinecraftForge for SecureJarResource(armourers_workshop)
[04Mar2025 02:55:09.492] [main/DEBUG] [mixin/]: MixinPlatformAgentMinecraftForge rejected container SecureJarResource(armourers_workshop)
[04Mar2025 02:55:09.492] [main/DEBUG] [mixin/]: Instancing new MixinPlatformAgentDefault for SecureJarResource(armourers_workshop)
[04Mar2025 02:55:09.492] [main/DEBUG] [mixin/]: MixinPlatformAgentDefault accepted container SecureJarResource(armourers_workshop)
[04Mar2025 02:55:09.492] [main/DEBUG] [mixin/]: Processing prepare() for PlatformAgent[MixinPlatformAgentDefault:SecureJarResource(armourers_workshop)]
[04Mar2025 02:55:09.492] [main/DEBUG] [mixin/]: Registering mixin config: armourersworkshop-mixins.json
[04Mar2025 02:55:09.493] [main/DEBUG] [mixin/]: Compatibility level JAVA_16 specified by armourersworkshop-mixins.json is higher than the maximum level supported by this version of mixin (JAVA_13).
[04Mar2025 02:55:09.493] [main/DEBUG] [mixin/]: Registering mixin config: armourersworkshop-forge-mixins.json
[04Mar2025 02:55:09.494] [main/DEBUG] [mixin/]: Compatibility level JAVA_16 specified by armourersworkshop-forge-mixins.json is higher than the maximum level supported by this version of mixin (JAVA_13).
[04Mar2025 02:55:09.495] [main/DEBUG] [mixin/]: Registering mixin config: armourersworkshop-compatibility-mixins.json
[04Mar2025 02:55:09.496] [main/DEBUG] [mixin/]: Compatibility level JAVA_16 specified by armourersworkshop-compatibility-mixins.json is higher than the maximum level supported by this version of mixin (JAVA_13).
[04Mar2025 02:55:09.496] [main/DEBUG] [mixin/]: Registering mixin config: armourersworkshop-compatibility-forge-mixins.json
[04Mar2025 02:55:09.497] [main/DEBUG] [mixin/]: Compatibility level JAVA_16 specified by armourersworkshop-compatibility-forge-mixins.json is higher than the maximum level supported by this version of mixin (JAVA_13).
[04Mar2025 02:55:09.498] [main/DEBUG] [mixin/]: Adding mixin platform agents for container SecureJarResource(gobber2)
[04Mar2025 02:55:09.498] [main/DEBUG] [mixin/]: Instancing new MixinPlatformAgentMinecraftForge for SecureJarResource(gobber2)
[04Mar2025 02:55:09.498] [main/DEBUG] [mixin/]: MixinPlatformAgentMinecraftForge rejected container SecureJarResource(gobber2)
[04Mar2025 02:55:09.498] [main/DEBUG] [mixin/]: Instancing new MixinPlatformAgentDefault for SecureJarResource(gobber2)
[04Mar2025 02:55:09.498] [main/DEBUG] [mixin/]: MixinPlatformAgentDefault accepted container SecureJarResource(gobber2)
[04Mar2025 02:55:09.498] [main/DEBUG] [mixin/]: Processing prepare() for PlatformAgent[MixinPlatformAgentDefault:SecureJarResource(gobber2)]
[04Mar2025 02:55:09.498] [main/DEBUG] [mixin/]: Adding mixin platform agents for container SecureJarResource(tombstone)
[04Mar2025 02:55:09.498] [main/DEBUG] [mixin/]: Instancing new MixinPlatformAgentMinecraftForge for SecureJarResource(tombstone)
[04Mar2025 02:55:09.498] [main/DEBUG] [mixin/]: MixinPlatformAgentMinecraftForge rejected container SecureJarResource(tombstone)
[04Mar2025 02:55:09.498] [main/DEBUG] [mixin/]: Instancing new MixinPlatformAgentDefault for SecureJarResource(tombstone)
[04Mar2025 02:55:09.498] [main/DEBUG] [mixin/]: MixinPlatformAgentDefault accepted container SecureJarResource(tombstone)
[04Mar2025 02:55:09.498] [main/DEBUG] [mixin/]: Processing prepare() for PlatformAgent[MixinPlatformAgentDefault:SecureJarResource(tombstone)]
[04Mar2025 02:55:09.498] [main/DEBUG] [mixin/]: Registering mixin config: tombstone.mixins.json
[04Mar2025 02:55:09.500] [main/DEBUG] [mixin/]: Adding mixin platform agents for container SecureJarResource(structurize)
[04Mar2025 02:55:09.500] [main/DEBUG] [mixin/]: Instancing new MixinPlatformAgentMinecraftForge for SecureJarResource(structurize)
[04Mar2025 02:55:09.500] [main/DEBUG] [mixin/]: MixinPlatformAgentMinecraftForge rejected container SecureJarResource(structurize)
[04Mar2025 02:55:09.500] [main/DEBUG] [mixin/]: Instancing new MixinPlatformAgentDefault for SecureJarResource(structurize)
[04Mar2025 02:55:09.500] [main/DEBUG] [mixin/]: MixinPlatformAgentDefault accepted container SecureJarResource(structurize)
[04Mar2025 02:55:09.500] [main/DEBUG] [mixin/]: Processing prepare() for PlatformAgent[MixinPlatformAgentDefault:SecureJarResource(structurize)]
[04Mar2025 02:55:09.500] [main/DEBUG] [mixin/]: Adding mixin platform agents for container SecureJarResource(modonomicon)
[04Mar2025 02:55:09.500] [main/DEBUG] [mixin/]: Instancing new MixinPlatformAgentMinecraftForge for SecureJarResource(modonomicon)
[04Mar2025 02:55:09.500] [main/DEBUG] [mixin/]: MixinPlatformAgentMinecraftForge rejected container SecureJarResource(modonomicon)
[04Mar2025 02:55:09.500] [main/DEBUG] [mixin/]: Instancing new MixinPlatformAgentDefault for SecureJarResource(modonomicon)
[04Mar2025 02:55:09.500] [main/DEBUG] [mixin/]: MixinPlatformAgentDefault accepted container SecureJarResource(modonomicon)
[04Mar2025 02:55:09.500] [main/DEBUG] [mixin/]: Processing prepare() for PlatformAgent[MixinPlatformAgentDefault:SecureJarResource(modonomicon)]
[04Mar2025 02:55:09.500] [main/DEBUG] [mixin/]: Registering mixin config: modonomicon.mixins.json
[04Mar2025 02:55:09.501] [main/DEBUG] [mixin/]: Registering mixin config: modonomicon.forge.mixins.json
[04Mar2025 02:55:09.502] [main/DEBUG] [mixin/]: Adding mixin platform agents for container SecureJarResource(minecolonies)
[04Mar2025 02:55:09.502] [main/DEBUG] [mixin/]: Instancing new MixinPlatformAgentMinecraftForge for SecureJarResource(minecolonies)
[04Mar2025 02:55:09.502] [main/DEBUG] [mixin/]: MixinPlatformAgentMinecraftForge rejected container SecureJarResource(minecolonies)
[04Mar2025 02:55:09.503] [main/DEBUG] [mixin/]: Instancing new MixinPlatformAgentDefault for SecureJarResource(minecolonies)
[04Mar2025 02:55:09.503] [main/DEBUG] [mixin/]: MixinPlatformAgentDefault accepted container SecureJarResource(minecolonies)
[04Mar2025 02:55:09.503] [main/DEBUG] [mixin/]: Processing prepare() for PlatformAgent[MixinPlatformAgentDefault:SecureJarResource(minecolonies)]
[04Mar2025 02:55:09.503] [main/DEBUG] [mixin/]: Adding mixin platform agents for container SecureJarResource(deeperdarker)
[04Mar2025 02:55:09.503] [main/DEBUG] [mixin/]: Instancing new MixinPlatformAgentMinecraftForge for SecureJarResource(deeperdarker)
[04Mar2025 02:55:09.503] [main/DEBUG] [mixin/]: MixinPlatformAgentMinecraftForge rejected container SecureJarResource(deeperdarker)
[04Mar2025 02:55:09.503] [main/DEBUG] [mixin/]: Instancing new MixinPlatformAgentDefault for SecureJarResource(deeperdarker)
[04Mar2025 02:55:09.503] [main/DEBUG] [mixin/]: MixinPlatformAgentDefault accepted container SecureJarResource(deeperdarker)
[04Mar2025 02:55:09.503] [main/DEBUG] [mixin/]: Processing prepare() for PlatformAgent[MixinPlatformAgentDefault:SecureJarResource(deeperdarker)]
[04Mar2025 02:55:09.503] [main/DEBUG] [mixin/]: Registering mixin config: mixins.deeperdarker.json
[04Mar2025 02:55:09.504] [main/DEBUG] [mixin/]: Adding mixin platform agents for container SecureJarResource(architectury)
[04Mar2025 02:55:09.504] [main/DEBUG] [mixin/]: Instancing new MixinPlatformAgentMinecraftForge for SecureJarResource(architectury)
[04Mar2025 02:55:09.504] [main/DEBUG] [mixin/]: MixinPlatformAgentMinecraftForge rejected container SecureJarResource(architectury)
[04Mar2025 02:55:09.504] [main/DEBUG] [mixin/]: Instancing new MixinPlatformAgentDefault for SecureJarResource(architectury)
[04Mar2025 02:55:09.504] [main/DEBUG] [mixin/]: MixinPlatformAgentDefault accepted container SecureJarResource(architectury)
[04Mar2025 02:55:09.504] [main/DEBUG] [mixin/]: Processing prepare() for PlatformAgent[MixinPlatformAgentDefault:SecureJarResource(architectury)]
[04Mar2025 02:55:09.504] [main/DEBUG] [mixin/]: Registering mixin config: architectury.mixins.json
[04Mar2025 02:55:09.506] [main/DEBUG] [mixin/]: Compatibility level JAVA_16 specified by architectury.mixins.json is higher than the maximum level supported by this version of mixin (JAVA_13).
[04Mar2025 02:55:09.506] [main/DEBUG] [mixin/]: Registering mixin config: architectury-common.mixins.json
[04Mar2025 02:55:09.507] [main/DEBUG] [mixin/]: Compatibility level JAVA_16 specified by architectury-common.mixins.json is higher than the maximum level supported by this version of mixin (JAVA_13).
[04Mar2025 02:55:09.507] [main/DEBUG] [mixin/]: Adding mixin platform agents for container SecureJarResource(octolib)
[04Mar2025 02:55:09.507] [main/DEBUG] [mixin/]: Instancing new MixinPlatformAgentMinecraftForge for SecureJarResource(octolib)
[04Mar2025 02:55:09.507] [main/DEBUG] [mixin/]: MixinPlatformAgentMinecraftForge rejected container SecureJarResource(octolib)
[04Mar2025 02:55:09.507] [main/DEBUG] [mixin/]: Instancing new MixinPlatformAgentDefault for SecureJarResource(octolib)
[04Mar2025 02:55:09.507] [main/DEBUG] [mixin/]: MixinPlatformAgentDefault accepted container SecureJarResource(octolib)
[04Mar2025 02:55:09.507] [main/DEBUG] [mixin/]: Processing prepare() for PlatformAgent[MixinPlatformAgentDefault:SecureJarResource(octolib)]
[04Mar2025 02:55:09.507] [main/DEBUG] [mixin/]: Adding mixin platform agents for container SecureJarResource(simplyswords)
[04Mar2025 02:55:09.508] [main/DEBUG] [mixin/]: Instancing new MixinPlatformAgentMinecraftForge for SecureJarResource(simplyswords)
[04Mar2025 02:55:09.512] [main/DEBUG] [mixin/]: MixinPlatformAgentMinecraftForge rejected container SecureJarResource(simplyswords)
[04Mar2025 02:55:09.512] [main/DEBUG] [mixin/]: Instancing new MixinPlatformAgentDefault for SecureJarResource(simplyswords)
[04Mar2025 02:55:09.512] [main/DEBUG] [mixin/]: MixinPlatformAgentDefault accepted container SecureJarResource(simplyswords)
[04Mar2025 02:55:09.512] [main/DEBUG] [mixin/]: Processing prepare() for PlatformAgent[MixinPlatformAgentDefault:SecureJarResource(simplyswords)]
[04Mar2025 02:55:09.512] [main/DEBUG] [mixin/]: Registering mixin config: simplyswords-common.mixins.json
[04Mar2025 02:55:09.519] [main/DEBUG] [mixin/]: Registering mixin config: simplyswords.mixins.json
[04Mar2025 02:55:09.521] [main/DEBUG] [mixin/]: Adding mixin platform agents for container SecureJarResource(lootr)
[04Mar2025 02:55:09.521] [main/DEBUG] [mixin/]: Instancing new MixinPlatformAgentMinecraftForge for SecureJarResource(lootr)
[04Mar2025 02:55:09.521] [main/DEBUG] [mixin/]: MixinPlatformAgentMinecraftForge rejected container SecureJarResource(lootr)
[04Mar2025 02:55:09.521] [main/DEBUG] [mixin/]: Instancing new MixinPlatformAgentDefault for SecureJarResource(lootr)
[04Mar2025 02:55:09.521] [main/DEBUG] [mixin/]: MixinPlatformAgentDefault accepted container SecureJarResource(lootr)
[04Mar2025 02:55:09.521] [main/DEBUG] [mixin/]: Processing prepare() for PlatformAgent[MixinPlatformAgentDefault:SecureJarResource(lootr)]
[04Mar2025 02:55:09.521] [main/DEBUG] [mixin/]: Registering mixin config: lootr.mixins.json
[04Mar2025 02:55:09.524] [main/DEBUG] [mixin/]: Adding mixin platform agents for container SecureJarResource(occultism)
[04Mar2025 02:55:09.524] [main/DEBUG] [mixin/]: Instancing new MixinPlatformAgentMinecraftForge for SecureJarResource(occultism)
[04Mar2025 02:55:09.524] [main/DEBUG] [mixin/]: MixinPlatformAgentMinecraftForge rejected container SecureJarResource(occultism)
[04Mar2025 02:55:09.524] [main/DEBUG] [mixin/]: Instancing new MixinPlatformAgentDefault for SecureJarResource(occultism)
[04Mar2025 02:55:09.524] [main/DEBUG] [mixin/]: MixinPlatformAgentDefault accepted container SecureJarResource(occultism)
[04Mar2025 02:55:09.524] [main/DEBUG] [mixin/]: Processing prepare() for PlatformAgent[MixinPlatformAgentDefault:SecureJarResource(occultism)]
[04Mar2025 02:55:09.524] [main/DEBUG] [mixin/]: Adding mixin platform agents for container SecureJarResource(majruszsenchantments)
[04Mar2025 02:55:09.524] [main/DEBUG] [mixin/]: Instancing new MixinPlatformAgentMinecraftForge for SecureJarResource(majruszsenchantments)
[04Mar2025 02:55:09.524] [main/DEBUG] [mixin/]: MixinPlatformAgentMinecraftForge rejected container SecureJarResource(majruszsenchantments)
[04Mar2025 02:55:09.524] [main/DEBUG] [mixin/]: Instancing new MixinPlatformAgentDefault for SecureJarResource(majruszsenchantments)
[04Mar2025 02:55:09.524] [main/DEBUG] [mixin/]: MixinPlatformAgentDefault accepted container SecureJarResource(majruszsenchantments)
[04Mar2025 02:55:09.524] [main/DEBUG] [mixin/]: Processing prepare() for PlatformAgent[MixinPlatformAgentDefault:SecureJarResource(majruszsenchantments)]
[04Mar2025 02:55:09.524] [main/DEBUG] [mixin/]: Registering mixin config: majruszsenchantments-common.mixins.json
[04Mar2025 02:55:09.525] [main/DEBUG] [mixin/]: Adding mixin platform agents for container SecureJarResource(expandability)
[04Mar2025 02:55:09.525] [main/DEBUG] [mixin/]: Instancing new MixinPlatformAgentMinecraftForge for SecureJarResource(expandability)
[04Mar2025 02:55:09.525] [main/DEBUG] [mixin/]: MixinPlatformAgentMinecraftForge rejected container SecureJarResource(expandability)
[04Mar2025 02:55:09.526] [main/DEBUG] [mixin/]: Instancing new MixinPlatformAgentDefault for SecureJarResource(expandability)
[04Mar2025 02:55:09.526] [main/DEBUG] [mixin/]: MixinPlatformAgentDefault accepted container SecureJarResource(expandability)
[04Mar2025 02:55:09.526] [main/DEBUG] [mixin/]: Processing prepare() for PlatformAgent[MixinPlatformAgentDefault:SecureJarResource(expandability)]
[04Mar2025 02:55:09.526] [main/DEBUG] [mixin/]: Registering mixin config: expandability.mixins.json
[04Mar2025 02:55:09.527] [main/DEBUG] [mixin/]: Registering mixin config: expandability-common.mixins.json
[04Mar2025 02:55:09.528] [main/DEBUG] [mixin/]: Adding mixin platform agents for container SecureJarResource(majruszlibrary)
[04Mar2025 02:55:09.528] [main/DEBUG] [mixin/]: Instancing new MixinPlatformAgentMinecraftForge for SecureJarResource(majruszlibrary)
[04Mar2025 02:55:09.528] [main/DEBUG] [mixin/]: MixinPlatformAgentMinecraftForge rejected container SecureJarResource(majruszlibrary)
[04Mar2025 02:55:09.528] [main/DEBUG] [mixin/]: Instancing new MixinPlatformAgentDefault for SecureJarResource(majruszlibrary)
[04Mar2025 02:55:09.528] [main/DEBUG] [mixin/]: MixinPlatformAgentDefault accepted container SecureJarResource(majruszlibrary)
[04Mar2025 02:55:09.529] [main/DEBUG] [mixin/]: Processing prepare() for PlatformAgent[MixinPlatformAgentDefault:SecureJarResource(majruszlibrary)]
[04Mar2025 02:55:09.529] [main/DEBUG] [mixin/]: Registering mixin config: majruszlibrary-common.mixins.json
[04Mar2025 02:55:09.530] [main/DEBUG] [mixin/]: Registering mixin config: majruszlibrary-forge.mixins.json
[04Mar2025 02:55:09.531] [main/DEBUG] [mixin/]: Adding mixin platform agents for container SecureJarResource(mclib)
[04Mar2025 02:55:09.531] [main/DEBUG] [mixin/]: Instancing new MixinPlatformAgentMinecraftForge for SecureJarResource(mclib)
[04Mar2025 02:55:09.531] [main/DEBUG] [mixin/]: MixinPlatformAgentMinecraftForge rejected container SecureJarResource(mclib)
[04Mar2025 02:55:09.531] [main/DEBUG] [mixin/]: Instancing new MixinPlatformAgentDefault for SecureJarResource(mclib)
[04Mar2025 02:55:09.531] [main/DEBUG] [mixin/]: MixinPlatformAgentDefault accepted container SecureJarResource(mclib)
[04Mar2025 02:55:09.531] [main/DEBUG] [mixin/]: Processing prepare() for PlatformAgent[MixinPlatformAgentDefault:SecureJarResource(mclib)]
[04Mar2025 02:55:09.531] [main/DEBUG] [mixin/]: Adding mixin platform agents for container SecureJarResource(org.commonmark.ext.gfm.strikethrough)
[04Mar2025 02:55:09.531] [main/DEBUG] [mixin/]: Instancing new MixinPlatformAgentMinecraftForge for SecureJarResource(org.commonmark.ext.gfm.strikethrough)
[04Mar2025 02:55:09.531] [main/DEBUG] [mixin/]: MixinPlatformAgentMinecraftForge rejected container SecureJarResource(org.commonmark.ext.gfm.strikethrough)
[04Mar2025 02:55:09.531] [main/DEBUG] [mixin/]: Instancing new MixinPlatformAgentDefault for SecureJarResource(org.commonmark.ext.gfm.strikethrough)
[04Mar2025 02:55:09.531] [main/DEBUG] [mixin/]: MixinPlatformAgentDefault accepted container SecureJarResource(org.commonmark.ext.gfm.strikethrough)
[04Mar2025 02:55:09.531] [main/DEBUG] [mixin/]: Processing prepare() for PlatformAgent[MixinPlatformAgentDefault:SecureJarResource(org.commonmark.ext.gfm.strikethrough)]
[04Mar2025 02:55:09.532] [main/DEBUG] [mixin/]: Adding mixin platform agents for container SecureJarResource(org.commonmark)
[04Mar2025 02:55:09.532] [main/DEBUG] [mixin/]: Instancing new MixinPlatformAgentMinecraftForge for SecureJarResource(org.commonmark)
[04Mar2025 02:55:09.532] [main/DEBUG] [mixin/]: MixinPlatformAgentMinecraftForge rejected container SecureJarResource(org.commonmark)
[04Mar2025 02:55:09.532] [main/DEBUG] [mixin/]: Instancing new MixinPlatformAgentDefault for SecureJarResource(org.commonmark)
[04Mar2025 02:55:09.532] [main/DEBUG] [mixin/]: MixinPlatformAgentDefault accepted container SecureJarResource(org.commonmark)
[04Mar2025 02:55:09.532] [main/DEBUG] [mixin/]: Processing prepare() for PlatformAgent[MixinPlatformAgentDefault:SecureJarResource(org.commonmark)]
[04Mar2025 02:55:09.532] [main/DEBUG] [mixin/]: Adding mixin platform agents for container SecureJarResource(org.commonmark.ext.ins)
[04Mar2025 02:55:09.532] [main/DEBUG] [mixin/]: Instancing new MixinPlatformAgentMinecraftForge for SecureJarResource(org.commonmark.ext.ins)
[04Mar2025 02:55:09.532] [main/DEBUG] [mixin/]: MixinPlatformAgentMinecraftForge rejected container SecureJarResource(org.commonmark.ext.ins)
[04Mar2025 02:55:09.532] [main/DEBUG] [mixin/]: Instancing new MixinPlatformAgentDefault for SecureJarResource(org.commonmark.ext.ins)
[04Mar2025 02:55:09.532] [main/DEBUG] [mixin/]: MixinPlatformAgentDefault accepted container SecureJarResource(org.commonmark.ext.ins)
[04Mar2025 02:55:09.532] [main/DEBUG] [mixin/]: Processing prepare() for PlatformAgent[MixinPlatformAgentDefault:SecureJarResource(org.commonmark.ext.ins)]
[04Mar2025 02:55:09.532] [main/DEBUG] [mixin/]: Adding mixin platform agents for container SecureJarResource(org.yaml.snakeyaml)
[04Mar2025 02:55:09.532] [main/DEBUG] [mixin/]: Instancing new MixinPlatformAgentMinecraftForge for SecureJarResource(org.yaml.snakeyaml)
[04Mar2025 02:55:09.532] [main/DEBUG] [mixin/]: MixinPlatformAgentMinecraftForge rejected container SecureJarResource(org.yaml.snakeyaml)
[04Mar2025 02:55:09.532] [main/DEBUG] [mixin/]: Instancing new MixinPlatformAgentDefault for SecureJarResource(org.yaml.snakeyaml)
[04Mar2025 02:55:09.532] [main/DEBUG] [mixin/]: MixinPlatformAgentDefault accepted container SecureJarResource(org.yaml.snakeyaml)
[04Mar2025 02:55:09.532] [main/DEBUG] [mixin/]: Processing prepare() for PlatformAgent[MixinPlatformAgentDefault:SecureJarResource(org.yaml.snakeyaml)]
[04Mar2025 02:55:09.532] [main/DEBUG] [mixin/]: Adding mixin platform agents for container SecureJarResource(MixinExtras)
[04Mar2025 02:55:09.532] [main/DEBUG] [mixin/]: Instancing new MixinPlatformAgentMinecraftForge for SecureJarResource(MixinExtras)
[04Mar2025 02:55:09.532] [main/DEBUG] [mixin/]: MixinPlatformAgentMinecraftForge rejected container SecureJarResource(MixinExtras)
[04Mar2025 02:55:09.532] [main/DEBUG] [mixin/]: Instancing new MixinPlatformAgentDefault for SecureJarResource(MixinExtras)
[04Mar2025 02:55:09.533] [main/DEBUG] [mixin/]: MixinPlatformAgentDefault accepted container SecureJarResource(MixinExtras)
[04Mar2025 02:55:09.533] [main/DEBUG] [mixin/]: Processing prepare() for PlatformAgent[MixinPlatformAgentDefault:SecureJarResource(MixinExtras)]
[04Mar2025 02:55:09.533] [main/DEBUG] [mixin/]: inject() running with 60 agents
[04Mar2025 02:55:09.533] [main/DEBUG] [mixin/]: Processing inject() for PlatformAgent[MixinPlatformAgentDefault:ModLauncher Root Container(ModLauncher:4f56a0a2)]
[04Mar2025 02:55:09.533] [main/DEBUG] [mixin/]: Processing inject() for PlatformAgent[MixinPlatformAgentDefault:SecureJarResource(smartbrainlib)]
[04Mar2025 02:55:09.533] [main/DEBUG] [mixin/]: Processing inject() for PlatformAgent[MixinPlatformAgentDefault:SecureJarResource(cyclopscore)]
[04Mar2025 02:55:09.533] [main/DEBUG] [mixin/]: Processing inject() for PlatformAgent[MixinPlatformAgentDefault:SecureJarResource(kuma_api)]
[04Mar2025 02:55:09.533] [main/DEBUG] [mixin/]: Processing inject() for PlatformAgent[MixinPlatformAgentDefault:SecureJarResource(cucumber)]
[04Mar2025 02:55:09.533] [main/DEBUG] [mixin/]: Processing inject() for PlatformAgent[MixinPlatformAgentDefault:SecureJarResource(illusion_onslaught)]
[04Mar2025 02:55:09.533] [main/DEBUG] [mixin/]: Processing inject() for PlatformAgent[MixinPlatformAgentDefault:SecureJarResource(geckolib)]
[04Mar2025 02:55:09.533] [main/DEBUG] [mixin/]: Processing inject() for PlatformAgent[MixinPlatformAgentDefault:SecureJarResource(graveyard)]
[04Mar2025 02:55:09.533] [main/DEBUG] [mixin/]: Processing inject() for PlatformAgent[MixinPlatformAgentDefault:SecureJarResource(caelus)]
[04Mar2025 02:55:09.533] [main/DEBUG] [mixin/]: Processing inject() for PlatformAgent[MixinPlatformAgentDefault:SecureJarResource(waystones)]
[04Mar2025 02:55:09.533] [main/DEBUG] [mixin/]: Processing inject() for PlatformAgent[MixinPlatformAgentDefault:SecureJarResource(rpgstats)]
[04Mar2025 02:55:09.533] [main/DEBUG] [mixin/]: Processing inject() for PlatformAgent[MixinPlatformAgentDefault:SecureJarResource(epicfight)]
[04Mar2025 02:55:09.533] [main/DEBUG] [mixin/]: Processing inject() for PlatformAgent[MixinPlatformAgentDefault:SecureJarResource(citadel)]
[04Mar2025 02:55:09.533] [main/DEBUG] [mixin/]: Processing inject() for PlatformAgent[MixinPlatformAgentDefault:SecureJarResource(artifacts)]
[04Mar2025 02:55:09.533] [main/DEBUG] [mixin/]: Processing inject() for PlatformAgent[MixinPlatformAgentDefault:SecureJarResource(evilcraft)]
[04Mar2025 02:55:09.533] [main/DEBUG] [mixin/]: Processing inject() for PlatformAgent[MixinPlatformAgentDefault:SecureJarResource(mixinextras)]
[04Mar2025 02:55:09.533] [main/DEBUG] [mixin/]: Processing inject() for PlatformAgent[MixinPlatformAgentDefault:SecureJarResource(glitchcore)]
[04Mar2025 02:55:09.533] [main/DEBUG] [mixin/]: Processing inject() for PlatformAgent[MixinPlatformAgentDefault:SecureJarResource(relics)]
[04Mar2025 02:55:09.533] [main/DEBUG] [mixin/]: Processing inject() for PlatformAgent[MixinPlatformAgentDefault:SecureJarResource(balm)]
[04Mar2025 02:55:09.533] [main/DEBUG] [mixin/]: Processing inject() for PlatformAgent[MixinPlatformAgentDefault:SecureJarResource(cloth_config)]
[04Mar2025 02:55:09.533] [main/DEBUG] [mixin/]: Processing inject() for PlatformAgent[MixinPlatformAgentDefault:SecureJarResource(forge)]
[04Mar2025 02:55:09.533] [main/DEBUG] [mixin/]: Processing inject() for PlatformAgent[MixinPlatformAgentDefault:SecureJarResource(twilightforest)]
[04Mar2025 02:55:09.533] [main/DEBUG] [mixin/]: Processing inject() for PlatformAgent[MixinPlatformAgentDefault:SecureJarResource(mysticalagriculture)]
[04Mar2025 02:55:09.533] [main/DEBUG] [mixin/]: Processing inject() for PlatformAgent[MixinPlatformAgentDefault:SecureJarResource(dungeons_arise)]
[04Mar2025 02:55:09.533] [main/DEBUG] [mixin/]: Processing inject() for PlatformAgent[MixinPlatformAgentDefault:SecureJarResource(minecraft)]
[04Mar2025 02:55:09.533] [main/DEBUG] [mixin/]: Processing inject() for PlatformAgent[MixinPlatformAgentDefault:SecureJarResource(rpgsmw)]
[04Mar2025 02:55:09.534] [main/DEBUG] [mixin/]: Processing inject() for PlatformAgent[MixinPlatformAgentDefault:SecureJarResource(terramity)]
[04Mar2025 02:55:09.534] [main/DEBUG] [mixin/]: Processing inject() for PlatformAgent[MixinPlatformAgentDefault:SecureJarResource(alexscaves)]
[04Mar2025 02:55:09.534] [main/DEBUG] [mixin/]: Processing inject() for PlatformAgent[MixinPlatformAgentDefault:SecureJarResource(terrablender)]
[04Mar2025 02:55:09.534] [main/DEBUG] [mixin/]: Processing inject() for PlatformAgent[MixinPlatformAgentDefault:SecureJarResource(biomesoplenty)]
[04Mar2025 02:55:09.534] [main/DEBUG] [mixin/]: Processing inject() for PlatformAgent[MixinPlatformAgentDefault:SecureJarResource(botania)]
[04Mar2025 02:55:09.534] [main/DEBUG] [mixin/]: Processing inject() for PlatformAgent[MixinPlatformAgentDefault:SecureJarResource(born_in_chaos_v1)]
[04Mar2025 02:55:09.534] [main/DEBUG] [mixin/]: Processing inject() for PlatformAgent[MixinPlatformAgentDefault:SecureJarResource(lionfishapi)]
[04Mar2025 02:55:09.534] [main/DEBUG] [mixin/]: Processing inject() for PlatformAgent[MixinPlatformAgentDefault:SecureJarResource(domum_ornamentum)]
[04Mar2025 02:55:09.534] [main/DEBUG] [mixin/]: Processing inject() for PlatformAgent[MixinPlatformAgentDefault:SecureJarResource(easy_villagers)]
[04Mar2025 02:55:09.534] [main/DEBUG] [mixin/]: Processing inject() for PlatformAgent[MixinPlatformAgentDefault:SecureJarResource(cataclysm)]
[04Mar2025 02:55:09.534] [main/DEBUG] [mixin/]: Processing inject() for PlatformAgent[MixinPlatformAgentDefault:SecureJarResource(curios)]
[04Mar2025 02:55:09.534] [main/DEBUG] [mixin/]: Processing inject() for PlatformAgent[MixinPlatformAgentDefault:SecureJarResource(patchouli)]
[04Mar2025 02:55:09.534] [main/DEBUG] [mixin/]: Processing inject() for PlatformAgent[MixinPlatformAgentDefault:SecureJarResource(blockui)]
[04Mar2025 02:55:09.534] [main/DEBUG] [mixin/]: Processing inject() for PlatformAgent[MixinPlatformAgentDefault:SecureJarResource(armourers_workshop)]
[04Mar2025 02:55:09.534] [main/DEBUG] [mixin/]: Processing inject() for PlatformAgent[MixinPlatformAgentDefault:SecureJarResource(gobber2)]
[04Mar2025 02:55:09.534] [main/DEBUG] [mixin/]: Processing inject() for PlatformAgent[MixinPlatformAgentDefault:SecureJarResource(tombstone)]
[04Mar2025 02:55:09.534] [main/DEBUG] [mixin/]: Processing inject() for PlatformAgent[MixinPlatformAgentDefault:SecureJarResource(structurize)]
[04Mar2025 02:55:09.534] [main/DEBUG] [mixin/]: Processing inject() for PlatformAgent[MixinPlatformAgentDefault:SecureJarResource(modonomicon)]
[04Mar2025 02:55:09.534] [main/DEBUG] [mixin/]: Processing inject() for PlatformAgent[MixinPlatformAgentDefault:SecureJarResource(minecolonies)]
[04Mar2025 02:55:09.534] [main/DEBUG] [mixin/]: Processing inject() for PlatformAgent[MixinPlatformAgentDefault:SecureJarResource(deeperdarker)]
[04Mar2025 02:55:09.534] [main/DEBUG] [mixin/]: Processing inject() for PlatformAgent[MixinPlatformAgentDefault:SecureJarResource(architectury)]
[04Mar2025 02:55:09.534] [main/DEBUG] [mixin/]: Processing inject() for PlatformAgent[MixinPlatformAgentDefault:SecureJarResource(octolib)]
[04Mar2025 02:55:09.534] [main/DEBUG] [mixin/]: Processing inject() for PlatformAgent[MixinPlatformAgentDefault:SecureJarResource(simplyswords)]
[04Mar2025 02:55:09.534] [main/DEBUG] [mixin/]: Processing inject() for PlatformAgent[MixinPlatformAgentDefault:SecureJarResource(lootr)]
[04Mar2025 02:55:09.534] [main/DEBUG] [mixin/]: Processing inject() for PlatformAgent[MixinPlatformAgentDefault:SecureJarResource(occultism)]
[04Mar2025 02:55:09.534] [main/DEBUG] [mixin/]: Processing inject() for PlatformAgent[MixinPlatformAgentDefault:SecureJarResource(majruszsenchantments)]
[04Mar2025 02:55:09.534] [main/DEBUG] [mixin/]: Processing inject() for PlatformAgent[MixinPlatformAgentDefault:SecureJarResource(expandability)]
[04Mar2025 02:55:09.534] [main/DEBUG] [mixin/]: Processing inject() for PlatformAgent[MixinPlatformAgentDefault:SecureJarResource(majruszlibrary)]
[04Mar2025 02:55:09.534] [main/DEBUG] [mixin/]: Processing inject() for PlatformAgent[MixinPlatformAgentDefault:SecureJarResource(mclib)]
[04Mar2025 02:55:09.535] [main/DEBUG] [mixin/]: Processing inject() for PlatformAgent[MixinPlatformAgentDefault:SecureJarResource(org.commonmark.ext.gfm.strikethrough)]
[04Mar2025 02:55:09.535] [main/DEBUG] [mixin/]: Processing inject() for PlatformAgent[MixinPlatformAgentDefault:SecureJarResource(org.commonmark)]
[04Mar2025 02:55:09.535] [main/DEBUG] [mixin/]: Processing inject() for PlatformAgent[MixinPlatformAgentDefault:SecureJarResource(org.commonmark.ext.ins)]
[04Mar2025 02:55:09.535] [main/DEBUG] [mixin/]: Processing inject() for PlatformAgent[MixinPlatformAgentDefault:SecureJarResource(org.yaml.snakeyaml)]
[04Mar2025 02:55:09.535] [main/DEBUG] [mixin/]: Processing inject() for PlatformAgent[MixinPlatformAgentDefault:SecureJarResource(MixinExtras)]
[04Mar2025 02:55:09.535] [main/INFO] [cpw.mods.modlauncher.LaunchServiceHandler/MODLAUNCHER]: Launching target 'forgeserver' with arguments [nogui]
[04Mar2025 02:55:09.570] [main/DEBUG] [mixin/]: Error cleaning class output directory: .mixin.out
[04Mar2025 02:55:09.571] [main/DEBUG] [mixin/]: Preparing mixins for MixinEnvironment[DEFAULT]
[04Mar2025 02:55:09.571] [main/DEBUG] [mixin/]: Selecting config kuma_api.mixins.json
[04Mar2025 02:55:09.580] [main/DEBUG] [mixin/]: Selecting config kuma_api.forge.mixins.json
[04Mar2025 02:55:09.581] [main/DEBUG] [mixin/]: Selecting config cucumber.mixins.json
[04Mar2025 02:55:09.583] [main/DEBUG] [mixin/]: Selecting config geckolib.mixins.json
[04Mar2025 02:55:09.584] [main/DEBUG] [mixin/]: Selecting config graveyard-common.mixins.json
[04Mar2025 02:55:09.589] [main/DEBUG] [mixin/]: Selecting config graveyard-forge.mixins.json
[04Mar2025 02:55:09.591] [main/WARN] [mixin/]: Reference map 'graveyard-FORGE-forge-refmap.json' for graveyard-forge.mixins.json could not be read. If this is a development environment you can ignore this message
[04Mar2025 02:55:09.591] [main/DEBUG] [mixin/]: Selecting config caelus.mixins.json
[04Mar2025 02:55:09.593] [main/DEBUG] [mixin/]: Selecting config waystones.mixins.json
[04Mar2025 02:55:09.594] [main/DEBUG] [mixin/]: Selecting config mixins.epicfight.json
[04Mar2025 02:55:09.596] [main/DEBUG] [mixin/]: Selecting config citadel.mixins.json
[04Mar2025 02:55:09.598] [main/DEBUG] [mixin/]: Selecting config mixins.artifacts.common.json
[04Mar2025 02:55:09.600] [main/DEBUG] [mixin/]: Selecting config mixins.artifacts.forge.json
[04Mar2025 02:55:09.601] [main/DEBUG] [mixin/]: Selecting config mixinextras.init.mixins.json
[04Mar2025 02:55:09.663] [main/DEBUG] [MixinExtras|Service/]: com.llamalad7.mixinextras.service.MixinExtrasServiceImpl(version=0.3.5) is taking over from null
[04Mar2025 02:55:09.709] [main/DEBUG] [mixin/]: Registering new injector for @Inject with org.spongepowered.asm.mixin.injection.struct.CallbackInjectionInfo
[04Mar2025 02:55:09.710] [main/DEBUG] [mixin/]: Registering new injector for @ModifyArg with org.spongepowered.asm.mixin.injection.struct.ModifyArgInjectionInfo
[04Mar2025 02:55:09.714] [main/DEBUG] [mixin/]: Registering new injector for @ModifyArgs with org.spongepowered.asm.mixin.injection.struct.ModifyArgsInjectionInfo
[04Mar2025 02:55:09.718] [main/DEBUG] [mixin/]: Registering new injector for @Redirect with org.spongepowered.asm.mixin.injection.struct.RedirectInjectionInfo
[04Mar2025 02:55:09.719] [main/DEBUG] [mixin/]: Registering new injector for @ModifyVariable with org.spongepowered.asm.mixin.injection.struct.ModifyVariableInjectionInfo
[04Mar2025 02:55:09.723] [main/DEBUG] [mixin/]: Registering new injector for @ModifyConstant with org.spongepowered.asm.mixin.injection.struct.ModifyConstantInjectionInfo
[04Mar2025 02:55:09.749] [main/DEBUG] [mixin/]: Selecting config glitchcore.mixins.json
[04Mar2025 02:55:09.750] [main/DEBUG] [mixin/]: Selecting config glitchcore.forge.mixins.json
[04Mar2025 02:55:09.751] [main/DEBUG] [mixin/]: Selecting config relics.mixins.json
[04Mar2025 02:55:09.753] [main/DEBUG] [mixin/]: Selecting config balm.mixins.json
[04Mar2025 02:55:09.756] [main/DEBUG] [mixin/]: Selecting config alexscaves.mixins.json
[04Mar2025 02:55:09.760] [main/DEBUG] [mixin/]: Selecting config terrablender.mixins.json
[04Mar2025 02:55:09.762] [main/DEBUG] [mixin/]: Selecting config terrablender_forge.mixins.json
[04Mar2025 02:55:09.763] [main/DEBUG] [mixin/]: Selecting config biomesoplenty.mixins.json
[04Mar2025 02:55:09.765] [main/DEBUG] [mixin/]: Selecting config biomesoplenty.forge.mixins.json
[04Mar2025 02:55:09.766] [main/DEBUG] [mixin/]: Selecting config botania_xplat.mixins.json
[04Mar2025 02:55:09.769] [main/DEBUG] [mixin/]: Selecting config botania_forge.mixins.json
[04Mar2025 02:55:09.772] [main/DEBUG] [mixin/]: Selecting config lionfishapi.mixins.json
[04Mar2025 02:55:09.774] [main/DEBUG] [mixin/]: Selecting config cataclysm.mixins.json
[04Mar2025 02:55:09.776] [main/DEBUG] [mixin/]: Selecting config curios.mixins.json
[04Mar2025 02:55:09.778] [main/DEBUG] [mixin/]: Selecting config patchouli_xplat.mixins.json
[04Mar2025 02:55:09.779] [main/DEBUG] [mixin/]: Selecting config armourersworkshop-mixins.json
[04Mar2025 02:55:09.782] [main/DEBUG] [mixin/]: Selecting config armourersworkshop-forge-mixins.json
[04Mar2025 02:55:09.784] [main/DEBUG] [mixin/]: Selecting config armourersworkshop-compatibility-mixins.json
[04Mar2025 02:55:09.786] [main/DEBUG] [mixin/]: Selecting config armourersworkshop-compatibility-forge-mixins.json
[04Mar2025 02:55:09.787] [main/DEBUG] [mixin/]: Selecting config tombstone.mixins.json
[04Mar2025 02:55:09.789] [main/DEBUG] [mixin/]: Selecting config modonomicon.mixins.json
[04Mar2025 02:55:09.791] [main/WARN] [mixin/]: Reference map 'modonomicon.refmap.json' for modonomicon.mixins.json could not be read. If this is a development environment you can ignore this message
[04Mar2025 02:55:09.791] [main/DEBUG] [mixin/]: Selecting config modonomicon.forge.mixins.json
[04Mar2025 02:55:09.793] [main/WARN] [mixin/]: Reference map 'modonomicon.refmap.json' for modonomicon.forge.mixins.json could not be read. If this is a development environment you can ignore this message
[04Mar2025 02:55:09.793] [main/DEBUG] [mixin/]: Selecting config mixins.deeperdarker.json
[04Mar2025 02:55:09.794] [main/DEBUG] [mixin/]: Selecting config architectury.mixins.json
[04Mar2025 02:55:09.796] [main/DEBUG] [mixin/]: Selecting config architectury-common.mixins.json
[04Mar2025 02:55:09.799] [main/DEBUG] [mixin/]: Selecting config simplyswords-common.mixins.json
[04Mar2025 02:55:09.804] [main/DEBUG] [mixin/]: Selecting config simplyswords.mixins.json
[04Mar2025 02:55:09.806] [main/WARN] [mixin/]: Reference map 'simplyswords-forge-refmap.json' for simplyswords.mixins.json could not be read. If this is a development environment you can ignore this message
[04Mar2025 02:55:09.806] [main/DEBUG] [mixin/]: Selecting config lootr.mixins.json
[04Mar2025 02:55:09.807] [main/DEBUG] [mixin/]: Selecting config majruszsenchantments-common.mixins.json
[04Mar2025 02:55:09.808] [main/DEBUG] [mixin/]: Selecting config expandability.mixins.json
[04Mar2025 02:55:09.811] [main/DEBUG] [mixin/]: Selecting config expandability-common.mixins.json
[04Mar2025 02:55:09.815] [main/DEBUG] [mixin/]: Selecting config majruszlibrary-common.mixins.json
[04Mar2025 02:55:09.821] [main/DEBUG] [mixin/]: Selecting config majruszlibrary-forge.mixins.json
[04Mar2025 02:55:09.823] [main/DEBUG] [mixin/]: Preparing kuma_api.mixins.json (1)
[04Mar2025 02:55:09.824] [main/DEBUG] [mixin/]: Preparing kuma_api.forge.mixins.json (0)
[04Mar2025 02:55:09.824] [main/DEBUG] [mixin/]: Preparing cucumber.mixins.json (1)
[04Mar2025 02:55:09.871] [main/DEBUG] [mixin/]: Preparing geckolib.mixins.json (1)
[04Mar2025 02:55:09.871] [main/DEBUG] [mixin/]: Preparing graveyard-common.mixins.json (11)
[04Mar2025 02:55:09.956] [main/DEBUG] [net.minecraftforge.coremod.transformer.CoreModBaseTransformer/COREMOD]: Transforming net/minecraft/world/entity/npc/Villager
[04Mar2025 02:55:10.473] [main/DEBUG] [mixin/]: Preparing graveyard-forge.mixins.json (0)
[04Mar2025 02:55:10.473] [main/DEBUG] [mixin/]: Preparing caelus.mixins.json (4)
[04Mar2025 02:55:10.507] [main/DEBUG] [mixin/]: Preparing waystones.mixins.json (3)
[04Mar2025 02:55:10.515] [main/DEBUG] [mixin/]: Preparing mixins.epicfight.json (25)
[04Mar2025 02:55:10.553] [main/DEBUG] [mixin/]: Preparing citadel.mixins.json (15)
[04Mar2025 02:55:10.574] [main/DEBUG] [net.minecraftforge.coremod.transformer.CoreModBaseTransformer/COREMOD]: Transforming m_46758_ with desc (Lnet/minecraft/core/BlockPos;)Z
[04Mar2025 02:55:10.667] [main/DEBUG] [mixin/]: Preparing mixins.artifacts.common.json (20)
[04Mar2025 02:55:10.723] [main/DEBUG] [net.minecraftforge.coremod.transformer.CoreModBaseTransformer/COREMOD]: Transforming net/minecraft/world/level/NaturalSpawner
[04Mar2025 02:55:10.991] [main/DEBUG] [mixin/]: Preparing mixins.artifacts.forge.json (3)
[04Mar2025 02:55:11.005] [main/DEBUG] [mixin/]: Preparing mixinextras.init.mixins.json (0)
[04Mar2025 02:55:11.006] [main/DEBUG] [mixin/]: Preparing glitchcore.mixins.json (4)
[04Mar2025 02:55:11.016] [main/DEBUG] [net.minecraftforge.coremod.transformer.CoreModBaseTransformer/COREMOD]: Transforming net/minecraft/world/item/ItemStack
[04Mar2025 02:55:11.042] [main/DEBUG] [mixin/]: Preparing glitchcore.forge.mixins.json (7)
[04Mar2025 02:55:11.055] [main/DEBUG] [mixin/]: Preparing relics.mixins.json (15)
[04Mar2025 02:55:11.075] [main/DEBUG] [net.minecraftforge.coremod.transformer.CoreModBaseTransformer/COREMOD]: Transforming m_41435_ with desc (Lnet/minecraft/world/level/Level;Lnet/minecraft/world/entity/player/Player;Lnet/minecraft/world/level/ClipContext$Fluid;)Lnet/minecraft/world/phys/BlockHitResult;
[04Mar2025 02:55:11.105] [main/ERROR] [net.minecraftforge.fml.loading.RuntimeDistCleaner/DISTXFORM]: Attempted to load class net/minecraft/client/gui/screens/Screen for invalid dist DEDICATED_SERVER
[04Mar2025 02:55:11.107] [main/WARN] [mixin/]: Error loading class: net/minecraft/client/gui/screens/Screen (java.lang.RuntimeException: Attempted to load class net/minecraft/client/gui/screens/Screen for invalid dist DEDICATED_SERVER)
[04Mar2025 02:55:11.108] [main/WARN] [mixin/]: @Mixin target net.minecraft.client.gui.screens.Screen was not found relics.mixins.json:ScreenMixin
[04Mar2025 02:55:11.108] [main/DEBUG] [mixin/]: Preparing balm.mixins.json (17)
[04Mar2025 02:55:11.130] [main/DEBUG] [mixin/]: Preparing alexscaves.mixins.json (52)
[04Mar2025 02:55:11.211] [main/DEBUG] [net.minecraftforge.coremod.transformer.CoreModBaseTransformer/COREMOD]: Transforming net/minecraft/world/level/levelgen/structure/structures/SwampHutPiece
[04Mar2025 02:55:11.249] [main/DEBUG] [mixin/]: Preparing terrablender.mixins.json (7)
[04Mar2025 02:55:11.265] [main/DEBUG] [mixin/]: Preparing terrablender_forge.mixins.json (0)
[04Mar2025 02:55:11.265] [main/DEBUG] [mixin/]: Preparing biomesoplenty.mixins.json (0)
[04Mar2025 02:55:11.265] [main/DEBUG] [mixin/]: Preparing biomesoplenty.forge.mixins.json (2)
[04Mar2025 02:55:11.268] [main/DEBUG] [mixin/]: Preparing botania_xplat.mixins.json (73)
[04Mar2025 02:55:11.307] [main/DEBUG] [net.minecraftforge.coremod.transformer.CoreModBaseTransformer/COREMOD]: Transforming net/minecraft/world/level/biome/Biome
[04Mar2025 02:55:11.373] [main/DEBUG] [mixin/]: Preparing botania_forge.mixins.json (6)
[04Mar2025 02:55:11.375] [main/DEBUG] [mixin/]: Preparing lionfishapi.mixins.json (2)
[04Mar2025 02:55:11.375] [main/DEBUG] [mixin/]: Preparing cataclysm.mixins.json (21)
[04Mar2025 02:55:11.391] [main/DEBUG] [net.minecraftforge.coremod.transformer.CoreModBaseTransformer/COREMOD]: Transforming net/minecraft/world/level/levelgen/structure/templatesystem/StructureTemplate
[04Mar2025 02:55:11.814] [main/DEBUG] [mixin/]: Preparing curios.mixins.json (13)
[04Mar2025 02:55:11.822] [main/DEBUG] [mixin/]: Preparing patchouli_xplat.mixins.json (10)
[04Mar2025 02:55:11.824] [main/DEBUG] [mixin/]: Preparing armourersworkshop-mixins.json (4)
[04Mar2025 02:55:11.828] [main/DEBUG] [mixin/]: Preparing armourersworkshop-forge-mixins.json (7)
[04Mar2025 02:55:11.832] [main/DEBUG] [mixin/]: Preparing armourersworkshop-compatibility-mixins.json (42)
[04Mar2025 02:55:11.845] [main/DEBUG] [mixin/]: Preparing armourersworkshop-compatibility-forge-mixins.json (12)
[04Mar2025 02:55:11.858] [main/DEBUG] [mixin/]: Preparing tombstone.mixins.json (26)
[04Mar2025 02:55:11.913] [main/DEBUG] [mixin/]: Preparing modonomicon.mixins.json (0)
[04Mar2025 02:55:11.913] [main/DEBUG] [mixin/]: Preparing modonomicon.forge.mixins.json (0)
[04Mar2025 02:55:11.913] [main/DEBUG] [mixin/]: Preparing mixins.deeperdarker.json (8)
[04Mar2025 02:55:11.976] [main/WARN] [mixin/]: Error loading class: net/minecraft/client/renderer/entity/PhantomRenderer (java.lang.ClassNotFoundException: net.minecraft.client.renderer.entity.PhantomRenderer)
[04Mar2025 02:55:11.976] [main/WARN] [mixin/]: @Mixin target net.minecraft.client.renderer.entity.PhantomRenderer was not found mixins.deeperdarker.json:PhantomRendererMixin
[04Mar2025 02:55:11.985] [main/DEBUG] [mixin/]: Preparing architectury.mixins.json (9)
[04Mar2025 02:55:12.003] [main/DEBUG] [mixin/]: Preparing architectury-common.mixins.json (10)
[04Mar2025 02:55:12.010] [main/DEBUG] [net.minecraftforge.coremod.transformer.CoreModBaseTransformer/COREMOD]: Transforming net/minecraft/world/item/BucketItem
[04Mar2025 02:55:12.019] [main/DEBUG] [net.minecraftforge.coremod.transformer.CoreModBaseTransformer/COREMOD]: Transforming net/minecraft/world/entity/EntityType
[04Mar2025 02:55:12.099] [main/DEBUG] [net.minecraftforge.coremod.transformer.CoreModBaseTransformer/COREMOD]: Transforming net/minecraft/world/level/block/LiquidBlock
[04Mar2025 02:55:12.106] [main/DEBUG] [mixin/]: Preparing simplyswords-common.mixins.json (2)
[04Mar2025 02:55:12.112] [main/DEBUG] [mixin/]: Preparing simplyswords.mixins.json (0)
[04Mar2025 02:55:12.112] [main/DEBUG] [mixin/]: Preparing lootr.mixins.json (6)
[04Mar2025 02:55:12.118] [main/DEBUG] [mixin/]: Preparing majruszsenchantments-common.mixins.json (4)
[04Mar2025 02:55:12.119] [main/DEBUG] [mixin/]: Preparing expandability.mixins.json (4)
[04Mar2025 02:55:12.120] [main/DEBUG] [mixin/]: Preparing expandability-common.mixins.json (9)
[04Mar2025 02:55:12.125] [main/DEBUG] [mixin/]: Preparing majruszlibrary-common.mixins.json (58)
[04Mar2025 02:55:12.173] [main/DEBUG] [net.minecraftforge.coremod.transformer.CoreModBaseTransformer/COREMOD]: Transforming net/minecraft/world/level/levelgen/PhantomSpawner
[04Mar2025 02:55:12.188] [main/DEBUG] [net.minecraftforge.coremod.transformer.CoreModBaseTransformer/COREMOD]: Transforming net/minecraft/world/entity/raid/Raid
[04Mar2025 02:55:12.291] [main/DEBUG] [mixin/]: Preparing majruszlibrary-forge.mixins.json (4)
[04Mar2025 02:55:12.296] [main/WARN] [mixin/]: Error loading class: com/teammetallurgy/aquaculture/entity/AquaFishingBobberEntity (java.lang.ClassNotFoundException: com.teammetallurgy.aquaculture.entity.AquaFishingBobberEntity)
[04Mar2025 02:55:12.298] [main/DEBUG] [mixin/]: Skipping virtual target com.teammetallurgy.aquaculture.entity.AquaFishingBobberEntity for majruszlibrary-forge.mixins.json:MixinAquaFishingBobberEntity
[04Mar2025 02:55:12.387] [main/DEBUG] [mixin/]: Inner class glitchcore/forge/mixin/impl/MixinPacketHandler$1 in glitchcore/forge/mixin/impl/MixinPacketHandler on glitchcore/network/PacketHandler gets unique name glitchcore/network/PacketHandler$Anonymous$359b7b75bbc740af8fcef3a5774ec10a
[04Mar2025 02:55:12.481] [main/DEBUG] [mixin/]: Inner class com/majruszlibrary/mixin/MixinEntity$1 in com/majruszlibrary/mixin/MixinEntity on net/minecraft/world/entity/Entity gets unique name net/minecraft/world/entity/Entity$Anonymous$77578a0cddc04ef8bf6da300c0e8e626
[04Mar2025 02:55:12.481] [main/DEBUG] [mixin/]: Inner class com/majruszlibrary/mixin/MixinEntity$Config in com/majruszlibrary/mixin/MixinEntity on net/minecraft/world/entity/Entity gets unique name net/minecraft/world/entity/Entity$Config$a2344d6068f146e0a21a42d061792035
[04Mar2025 02:55:12.493] [main/DEBUG] [mixin/]: Prepared 330 mixins in 2.921 sec (8.9ms avg) (0ms load, 0ms transform, 0ms plugin)
[04Mar2025 02:55:12.510] [main/INFO] [MixinExtras|Service/]: Initializing MixinExtras via com.llamalad7.mixinextras.service.MixinExtrasServiceImpl(version=0.3.5).
[04Mar2025 02:55:12.513] [main/DEBUG] [mixin/]: Registering new injector for @SugarWrapper with com.llamalad7.mixinextras.sugar.impl.SugarWrapperInjectionInfo
[04Mar2025 02:55:12.513] [main/DEBUG] [mixin/]: Registering new injector for @FactoryRedirectWrapper with com.llamalad7.mixinextras.wrapper.factory.FactoryRedirectWrapperInjectionInfo
[04Mar2025 02:55:12.522] [main/DEBUG] [mixin/]: Mixing MinecraftServerMixin from citadel.mixins.json into net.minecraft.server.MinecraftServer
[04Mar2025 02:55:12.541] [main/DEBUG] [mixin/]: Mixing MinecraftServerMixin from balm.mixins.json into net.minecraft.server.MinecraftServer
[04Mar2025 02:55:12.541] [main/DEBUG] [mixin/]: Renaming synthetic method lambda$reloadResources$0(Ljava/lang/Void;)V to md376fdc$lambda$reloadResources$0$0 in balm.mixins.json:MinecraftServerMixin
[04Mar2025 02:55:12.548] [main/DEBUG] [mixin/]: Mixing MixinMinecraftServer from majruszlibrary-common.mixins.json into net.minecraft.server.MinecraftServer
[04Mar2025 02:55:12.548] [main/DEBUG] [mixin/]: Renaming synthetic method lambda$loadLevel$2(Lit/unimi/dsi/fastutil/ints/Int2ObjectMap;Ljava/lang/Integer;Ljava/util/List;)V to md376fdc$lambda$loadLevel$2$1 in majruszlibrary-common.mixins.json:MixinMinecraftServer
[04Mar2025 02:55:12.551] [main/DEBUG] [mixin/]: Renaming synthetic method lambda$loadLevel$1(I)[Lnet/minecraft/world/entity/npc/VillagerTrades$ItemListing; to md376fdc$lambda$loadLevel$1$2 in majruszlibrary-common.mixins.json:MixinMinecraftServer
[04Mar2025 02:55:12.551] [main/DEBUG] [mixin/]: Renaming synthetic method lambda$loadLevel$0(Lit/unimi/dsi/fastutil/ints/Int2ObjectMap;Ljava/lang/Integer;[Lnet/minecraft/world/entity/npc/VillagerTrades$ItemListing;)V to md376fdc$lambda$loadLevel$0$3 in majruszlibrary-common.mixins.json:MixinMinecraftServer
[04Mar2025 02:55:12.788] [main/DEBUG] [mixin/]: Mixing MixinDedicatedServer from majruszlibrary-common.mixins.json into net.minecraft.server.dedicated.DedicatedServer
[04Mar2025 02:55:12.789] [main/DEBUG] [mixin/]: Mixing DedicatedServerMixin from tombstone.mixins.json into net.minecraft.server.dedicated.DedicatedServer
[04Mar2025 02:55:12.850] [main/DEBUG] [io.netty.util.internal.logging.InternalLoggerFactory/]: Using SLF4J as the default logging framework
[04Mar2025 02:55:12.854] [main/DEBUG] [io.netty.util.ResourceLeakDetector/]: -Dio.netty.leakDetection.level: simple
[04Mar2025 02:55:12.855] [main/DEBUG] [io.netty.util.ResourceLeakDetector/]: -Dio.netty.leakDetection.targetRecords: 4
[04Mar2025 02:55:13.090] [main/DEBUG] [oshi.util.FileUtil/]: No oshi.properties file found from ClassLoader cpw.mods.modlauncher.TransformingClassLoader@766a52f5
[04Mar2025 02:55:13.093] [main/DEBUG] [oshi.util.FileUtil/]: No oshi.properties file found from ClassLoader jdk.internal.loader.ClassLoaders$AppClassLoader@76ed5528
[04Mar2025 02:55:13.179] [main/DEBUG] [oshi.util.FileUtil/]: Reading file /proc/self/auxv
[04Mar2025 02:55:13.179] [main/DEBUG] [oshi.util.FileUtil/]: Reading file /proc/self/auxv
[04Mar2025 02:55:13.185] [main/DEBUG] [oshi.util.FileUtil/]: Reading file /proc/stat
[04Mar2025 02:55:13.206] [main/DEBUG] [oshi.util.FileUtil/]: Reading file /sys/devices/system/cpu/cpu0/topology/core_id
[04Mar2025 02:55:13.207] [main/DEBUG] [oshi.util.FileUtil/]: Reading file /sys/devices/system/cpu/cpu0/topology/core_id
[04Mar2025 02:55:13.207] [main/DEBUG] [oshi.util.FileUtil/]: Reading file /sys/devices/system/cpu/cpu0/topology/physical_package_id
[04Mar2025 02:55:13.207] [main/DEBUG] [oshi.util.FileUtil/]: Reading file /sys/devices/system/cpu/cpu0/topology/physical_package_id
[04Mar2025 02:55:13.207] [main/DEBUG] [oshi.util.FileUtil/]: Reading file /sys/devices/system/cpu/cpu0/cpu_capacity
[04Mar2025 02:55:13.208] [main/DEBUG] [oshi.util.FileUtil/]: Reading file /sys/devices/system/cpu/cpu1/topology/core_id
[04Mar2025 02:55:13.208] [main/DEBUG] [oshi.util.FileUtil/]: Reading file /sys/devices/system/cpu/cpu1/topology/core_id
[04Mar2025 02:55:13.209] [main/DEBUG] [oshi.util.FileUtil/]: Reading file /sys/devices/system/cpu/cpu1/topology/physical_package_id
[04Mar2025 02:55:13.209] [main/DEBUG] [oshi.util.FileUtil/]: Reading file /sys/devices/system/cpu/cpu1/topology/physical_package_id
[04Mar2025 02:55:13.209] [main/DEBUG] [oshi.util.FileUtil/]: Reading file /sys/devices/system/cpu/cpu1/cpu_capacity
[04Mar2025 02:55:13.209] [main/DEBUG] [oshi.util.FileUtil/]: Reading file /sys/devices/system/cpu/cpu2/topology/core_id
[04Mar2025 02:55:13.209] [main/DEBUG] [oshi.util.FileUtil/]: Reading file /sys/devices/system/cpu/cpu2/topology/core_id
[04Mar2025 02:55:13.210] [main/DEBUG] [oshi.util.FileUtil/]: Reading file /sys/devices/system/cpu/cpu2/topology/physical_package_id
[04Mar2025 02:55:13.210] [main/DEBUG] [oshi.util.FileUtil/]: Reading file /sys/devices/system/cpu/cpu2/topology/physical_package_id
[04Mar2025 02:55:13.210] [main/DEBUG] [oshi.util.FileUtil/]: Reading file /sys/devices/system/cpu/cpu2/cpu_capacity
[04Mar2025 02:55:13.210] [main/DEBUG] [oshi.util.FileUtil/]: Reading file /sys/devices/system/cpu/cpu3/topology/core_id
[04Mar2025 02:55:13.210] [main/DEBUG] [oshi.util.FileUtil/]: Reading file /sys/devices/system/cpu/cpu3/topology/core_id
[04Mar2025 02:55:13.211] [main/DEBUG] [oshi.util.FileUtil/]: Reading file /sys/devices/system/cpu/cpu3/topology/physical_package_id
[04Mar2025 02:55:13.211] [main/DEBUG] [oshi.util.FileUtil/]: Reading file /sys/devices/system/cpu/cpu3/topology/physical_package_id
[04Mar2025 02:55:13.211] [main/DEBUG] [oshi.util.FileUtil/]: Reading file /sys/devices/system/cpu/cpu3/cpu_capacity
[04Mar2025 02:55:13.213] [main/DEBUG] [oshi.util.FileUtil/]: Reading file /proc/cpuinfo
[04Mar2025 02:55:13.226] [main/DEBUG] [oshi.util.FileUtil/]: Reading file /proc/self/auxv
[04Mar2025 02:55:13.229] [main/DEBUG] [oshi.util.FileUtil/]: No oshi.architecture.properties file found from ClassLoader cpw.mods.modlauncher.TransformingClassLoader@766a52f5
[04Mar2025 02:55:13.229] [main/DEBUG] [oshi.util.FileUtil/]: No oshi.architecture.properties file found from ClassLoader jdk.internal.loader.ClassLoaders$AppClassLoader@76ed5528
[04Mar2025 02:55:13.261] [main/DEBUG] [oshi.util.FileUtil/]: Reading file /proc/meminfo
[04Mar2025 02:55:13.262] [main/DEBUG] [oshi.util.FileUtil/]: Reading file /proc/meminfo
[04Mar2025 02:55:13.306] [main/DEBUG] [mixin/]: Mixing MixinBuiltInRegistries from terrablender.mixins.json into net.minecraft.core.registries.BuiltInRegistries
[04Mar2025 02:55:13.307] [main/DEBUG] [mixin/]: Renaming synthetic method lambda$registerSimple$0(Lnet/minecraft/core/registries/BuiltInRegistries$RegistryBootstrap;Lnet/minecraft/core/Registry;)Ljava/lang/Object; to md376fdc$lambda$registerSimple$0$0 in terrablender.mixins.json:MixinBuiltInRegistries
[04Mar2025 02:55:13.317] [main/DEBUG] [mixin/]: Mixing BuiltInRegistriesForgeAccessor from botania_forge.mixins.json into net.minecraft.core.registries.BuiltInRegistries
[04Mar2025 02:55:13.318] [main/DEBUG] [mixin/]: Renaming @Invoker method callRegisterDefaulted(Lnet/minecraft/resources/ResourceKey;Ljava/lang/String;Lnet/minecraft/core/registries/BuiltInRegistries$RegistryBootstrap;)Lnet/minecraft/core/DefaultedRegistry; to callRegisterDefaulted_$md$376fdc$1 in botania_forge.mixins.json:BuiltInRegistriesForgeAccessor
[04Mar2025 02:55:13.376] [main/DEBUG] [mixin/]: Mixing inject.MixinGameEvent from architectury-common.mixins.json into net.minecraft.world.level.gameevent.GameEvent
[04Mar2025 02:55:13.406] [main/DEBUG] [mixin/]: Mixing inject.MixinBlock from architectury-common.mixins.json into net.minecraft.world.level.block.Block
[04Mar2025 02:55:13.425] [main/DEBUG] [mixin/]: Mixing fluidcollision.BlockStateBaseMixin from expandability-common.mixins.json into net.minecraft.world.level.block.state.BlockBehaviour$BlockStateBase
[04Mar2025 02:55:13.461] [main/DEBUG] [mixin/]: Mixing item.umbrella.EntityMixin from mixins.artifacts.common.json into net.minecraft.world.entity.Entity
[04Mar2025 02:55:13.463] [main/DEBUG] [mixin/]: Mixing item.wearable.aquadashers.EntityMixin from mixins.artifacts.common.json into net.minecraft.world.entity.Entity
[04Mar2025 02:55:13.487] [main/DEBUG] [mixin/]: Mixing EntityMixin from relics.mixins.json into net.minecraft.world.entity.Entity
[04Mar2025 02:55:13.487] [main/DEBUG] [mixin/]: relics.mixins.json:EntityMixin: Class version 61 required is higher than the class version supported by the current version of Mixin (JAVA_8 supports class version 52)
[04Mar2025 02:55:13.511] [main/DEBUG] [mixin/]: Mixing EntityMixin from balm.mixins.json into net.minecraft.world.entity.Entity
[04Mar2025 02:55:13.516] [main/DEBUG] [mixin/]: Mixing EntityMixin from alexscaves.mixins.json into net.minecraft.world.entity.Entity
[04Mar2025 02:55:13.599] [main/DEBUG] [mixin/]: Mixing EntityAccessor from botania_xplat.mixins.json into net.minecraft.world.entity.Entity
[04Mar2025 02:55:13.600] [main/DEBUG] [mixin/]: Mixing EntityMixin from botania_xplat.mixins.json into net.minecraft.world.entity.Entity
[04Mar2025 02:55:13.618] [main/DEBUG] [mixin/]: Mixing EntityMixin from lionfishapi.mixins.json into net.minecraft.world.entity.Entity
[04Mar2025 02:55:13.635] [main/DEBUG] [mixin/]: Mixing AccessorEntity from curios.mixins.json into net.minecraft.world.entity.Entity
[04Mar2025 02:55:13.635] [main/DEBUG] [mixin/]: Mixing CommonDataAttachMixin from armourersworkshop-mixins.json into net.minecraft.world.entity.Entity
[04Mar2025 02:55:13.636] [main/DEBUG] [mixin/]: armourersworkshop-mixins.json:CommonDataAttachMixin: Class version 61 required is higher than the class version supported by the current version of Mixin (JAVA_16 supports class version 60)
[04Mar2025 02:55:13.644] [main/DEBUG] [mixin/]: Mixing EntityJSMixin from armourersworkshop-compatibility-mixins.json into net.minecraft.world.entity.Entity
[04Mar2025 02:55:13.645] [main/DEBUG] [mixin/]: armourersworkshop-compatibility-mixins.json:EntityJSMixin: Class version 61 required is higher than the class version supported by the current version of Mixin (JAVA_16 supports class version 60)
[04Mar2025 02:55:13.652] [main/DEBUG] [mixin/]: Mixing EntityActionTrackerMixin from armourersworkshop-compatibility-mixins.json into net.minecraft.world.entity.Entity
[04Mar2025 02:55:13.652] [main/DEBUG] [mixin/]: armourersworkshop-compatibility-mixins.json:EntityActionTrackerMixin: Class version 61 required is higher than the class version supported by the current version of Mixin (JAVA_16 supports class version 60)
[04Mar2025 02:55:13.661] [main/DEBUG] [mixin/]: Mixing VehicleEntityBreakMixin from armourersworkshop-compatibility-mixins.json into net.minecraft.world.entity.Entity
[04Mar2025 02:55:13.661] [main/DEBUG] [mixin/]: armourersworkshop-compatibility-mixins.json:VehicleEntityBreakMixin: Class version 61 required is higher than the class version supported by the current version of Mixin (JAVA_16 supports class version 60)
[04Mar2025 02:55:13.662] [main/DEBUG] [mixin/]: Renaming synthetic method lambda$aw2$spawnAtLocation$0(Ljava/lang/Object;)V to md376fdc$lambda$aw2$spawnAtLocation$0$0 in armourersworkshop-compatibility-mixins.json:VehicleEntityBreakMixin
[04Mar2025 02:55:13.669] [main/DEBUG] [mixin/]: Mixing EntityMixin from tombstone.mixins.json into net.minecraft.world.entity.Entity
[04Mar2025 02:55:13.679] [main/DEBUG] [mixin/]: Mixing swimming.EntityMixin from expandability.mixins.json into net.minecraft.world.entity.Entity
[04Mar2025 02:55:13.688] [main/DEBUG] [mixin/]: Mixing swimming.EntityMixin from expandability-common.mixins.json into net.minecraft.world.entity.Entity
[04Mar2025 02:55:13.715] [main/DEBUG] [mixin/]: Mixing MixinEntity from majruszlibrary-common.mixins.json into net.minecraft.world.entity.Entity
[04Mar2025 02:55:13.996] [main/DEBUG] [mixin/]: Mixing MixinLivingEntity from caelus.mixins.json into net.minecraft.world.entity.LivingEntity
[04Mar2025 02:55:13.999] [main/DEBUG] [mixin/]: Mixing MixinLivingEntity from mixins.epicfight.json into net.minecraft.world.entity.LivingEntity
[04Mar2025 02:55:14.024] [main/DEBUG] [mixin/]: Mixing LivingEntityMixin from citadel.mixins.json into net.minecraft.world.entity.LivingEntity
[04Mar2025 02:55:14.029] [main/DEBUG] [mixin/]: Mixing accessors.LivingEntityAccessor from mixins.artifacts.common.json into net.minecraft.world.entity.LivingEntity
[04Mar2025 02:55:14.030] [main/DEBUG] [mixin/]: Mixing item.hurtsound.LivingEntityMixin from mixins.artifacts.common.json into net.minecraft.world.entity.LivingEntity
[04Mar2025 02:55:14.032] [main/DEBUG] [mixin/]: Mixing item.wearable.chorustotem.LivingEntityMixin from mixins.artifacts.common.json into net.minecraft.world.entity.LivingEntity
[04Mar2025 02:55:14.058] [main/DEBUG] [mixin/]: Mixing item.wearable.snowshoes.LivingEntityMixin from mixins.artifacts.forge.json into net.minecraft.world.entity.LivingEntity
[04Mar2025 02:55:14.062] [main/DEBUG] [mixin/]: Mixing LivingEntityMixin from relics.mixins.json into net.minecraft.world.entity.LivingEntity
[04Mar2025 02:55:14.063] [main/DEBUG] [mixin/]: relics.mixins.json:LivingEntityMixin: Class version 61 required is higher than the class version supported by the current version of Mixin (JAVA_8 supports class version 52)
[04Mar2025 02:55:14.068] [main/DEBUG] [mixin/]: Mixing LivingEntityMixin from alexscaves.mixins.json into net.minecraft.world.entity.LivingEntity
[04Mar2025 02:55:14.078] [main/DEBUG] [net.minecraftforge.coremod.transformer.CoreModBaseTransformer/COREMOD]: Transforming net/minecraft/world/effect/MobEffectInstance
[04Mar2025 02:55:14.099] [main/DEBUG] [mixin/]: Mixing LivingEntityAccessor from botania_xplat.mixins.json into net.minecraft.world.entity.LivingEntity
[04Mar2025 02:55:14.100] [main/DEBUG] [mixin/]: Mixing LivingEntityMixin from cataclysm.mixins.json into net.minecraft.world.entity.LivingEntity
[04Mar2025 02:55:14.103] [main/DEBUG] [mixin/]: Mixing MixinLivingEntity from curios.mixins.json into net.minecraft.world.entity.LivingEntity
[04Mar2025 02:55:14.105] [main/DEBUG] [mixin/]: Mixing LivingEntityMixin from tombstone.mixins.json into net.minecraft.world.entity.LivingEntity
[04Mar2025 02:55:14.107] [main/DEBUG] [mixin/]: Mixing LivingEntityMixin from simplyswords-common.mixins.json into net.minecraft.world.entity.LivingEntity
[04Mar2025 02:55:14.131] [main/DEBUG] [mixin/]: Mixing swimming.LivingEntityMixin from expandability.mixins.json into net.minecraft.world.entity.LivingEntity
[04Mar2025 02:55:14.133] [main/DEBUG] [mixin/]: Mixing swimming.LivingEntityMixin from expandability-common.mixins.json into net.minecraft.world.entity.LivingEntity
[04Mar2025 02:55:14.137] [main/DEBUG] [mixin/]: Mixing MixinLivingEntity from majruszlibrary-common.mixins.json into net.minecraft.world.entity.LivingEntity
[04Mar2025 02:55:14.385] [main/DEBUG] [net.minecraftforge.coremod.transformer.CoreModBaseTransformer/COREMOD]: Transforming m_46758_ with desc (Lnet/minecraft/core/BlockPos;)Z
[04Mar2025 02:55:14.424] [main/DEBUG] [net.minecraftforge.coremod.transformer.CoreModBaseTransformer/COREMOD]: Transforming m_46758_ with desc (Lnet/minecraft/core/BlockPos;)Z
[04Mar2025 02:55:14.427] [main/DEBUG] [mixin/]: Mixing LevelMixin from citadel.mixins.json into net.minecraft.world.level.Level
[04Mar2025 02:55:14.429] [main/DEBUG] [mixin/]: Mixing LevelAccessor from botania_xplat.mixins.json into net.minecraft.world.level.Level
[04Mar2025 02:55:14.453] [main/DEBUG] [mixin/]: Mixing ServerLevelMixin from citadel.mixins.json into net.minecraft.server.level.ServerLevel
[04Mar2025 02:55:14.455] [main/DEBUG] [mixin/]: Mixing MixinServerLevel from glitchcore.mixins.json into net.minecraft.server.level.ServerLevel
[04Mar2025 02:55:14.459] [main/DEBUG] [mixin/]: Mixing ServerLevelMixin from botania_xplat.mixins.json into net.minecraft.server.level.ServerLevel
[04Mar2025 02:55:14.462] [main/DEBUG] [mixin/]: Mixing VehicleEntityPlaceMixin$ServerLevelPatch from armourersworkshop-compatibility-mixins.json into net.minecraft.server.level.ServerLevel
[04Mar2025 02:55:14.462] [main/DEBUG] [mixin/]: armourersworkshop-compatibility-mixins.json:VehicleEntityPlaceMixin$ServerLevelPatch: Class version 61 required is higher than the class version supported by the current version of Mixin (JAVA_16 supports class version 60)
[04Mar2025 02:55:14.463] [main/DEBUG] [mixin/]: Mixing IMixinServerLevel from majruszlibrary-common.mixins.json into net.minecraft.server.level.ServerLevel
[04Mar2025 02:55:14.463] [main/DEBUG] [mixin/]: Mixing MixinServerLevel from majruszlibrary-common.mixins.json into net.minecraft.server.level.ServerLevel
[04Mar2025 02:55:14.502] [main/DEBUG] [mixin/]: Mixing ItemEntityAccessor from botania_xplat.mixins.json into net.minecraft.world.entity.item.ItemEntity
[04Mar2025 02:55:14.505] [main/DEBUG] [mixin/]: Mixing ItemEntityMixin from botania_xplat.mixins.json into net.minecraft.world.entity.item.ItemEntity
[04Mar2025 02:55:14.512] [main/DEBUG] [mixin/]: Mixing ItemMixin from cataclysm.mixins.json into net.minecraft.world.entity.item.ItemEntity
[04Mar2025 02:55:14.528] [main/DEBUG] [mixin/]: Mixing MixinPlayer from mixins.epicfight.json into net.minecraft.world.entity.player.Player
[04Mar2025 02:55:14.535] [main/DEBUG] [mixin/]: Mixing PlayerMixin from alexscaves.mixins.json into net.minecraft.world.entity.player.Player
[04Mar2025 02:55:14.542] [main/DEBUG] [mixin/]: Mixing PlayerMixin from botania_xplat.mixins.json into net.minecraft.world.entity.player.Player
[04Mar2025 02:55:14.548] [main/DEBUG] [mixin/]: Mixing swimming.PlayerMixin from expandability-common.mixins.json into net.minecraft.world.entity.player.Player
[04Mar2025 02:55:14.549] [main/DEBUG] [mixin/]: Mixing MixinPlayer from majruszlibrary-common.mixins.json into net.minecraft.world.entity.player.Player
[04Mar2025 02:55:14.650] [main/DEBUG] [mixin/]: Mixing inject.MixinFluid from architectury-common.mixins.json into net.minecraft.world.level.material.Fluid
[04Mar2025 02:55:14.656] [main/DEBUG] [net.minecraftforge.coremod.transformer.CoreModBaseTransformer/COREMOD]: Transforming m_41435_ with desc (Lnet/minecraft/world/level/Level;Lnet/minecraft/world/entity/player/Player;Lnet/minecraft/world/level/ClipContext$Fluid;)Lnet/minecraft/world/phys/BlockHitResult;
[04Mar2025 02:55:14.657] [main/DEBUG] [mixin/]: Mixing ItemMixin from relics.mixins.json into net.minecraft.world.item.Item
[04Mar2025 02:55:14.657] [main/DEBUG] [mixin/]: relics.mixins.json:ItemMixin: Class version 61 required is higher than the class version supported by the current version of Mixin (JAVA_8 supports class version 52)
[04Mar2025 02:55:14.663] [main/DEBUG] [mixin/]: Mixing ItemMixin from botania_xplat.mixins.json into net.minecraft.world.item.Item
[04Mar2025 02:55:14.664] [main/DEBUG] [mixin/]: Mixing CommonDataAttachMixin from armourersworkshop-mixins.json into net.minecraft.world.item.Item
[04Mar2025 02:55:14.664] [main/DEBUG] [mixin/]: armourersworkshop-mixins.json:CommonDataAttachMixin: Class version 61 required is higher than the class version supported by the current version of Mixin (JAVA_16 supports class version 60)
[04Mar2025 02:55:14.667] [main/DEBUG] [mixin/]: Mixing ItemMixin from tombstone.mixins.json into net.minecraft.world.item.Item
[04Mar2025 02:55:14.667] [main/DEBUG] [mixin/]: Renaming synthetic method lambda$methodIsFoil$1(Lnet/minecraft/world/item/ItemStack;Lovh/corail/tombstone/api/capability/ISoulConsumer;)Ljava/lang/Boolean; to md376fdc$lambda$methodIsFoil$1$0 in tombstone.mixins.json:ItemMixin
[04Mar2025 02:55:14.667] [main/DEBUG] [mixin/]: Renaming synthetic method lambda$methodGetName$0(Lnet/minecraft/world/item/ItemStack;Lovh/corail/tombstone/api/capability/ISoulConsumer;)Ljava/lang/Boolean; to md376fdc$lambda$methodGetName$0$1 in tombstone.mixins.json:ItemMixin
[04Mar2025 02:55:14.690] [main/DEBUG] [mixin/]: Mixing inject.MixinItem from architectury-common.mixins.json into net.minecraft.world.item.Item
[04Mar2025 02:55:14.693] [main/DEBUG] [mixin/]: Mixing MixinItem from majruszsenchantments-common.mixins.json into net.minecraft.world.item.Item
[04Mar2025 02:55:14.694] [main/DEBUG] [mixin/]: Mixing MixinItem from majruszlibrary-common.mixins.json into net.minecraft.world.item.Item
[04Mar2025 02:55:14.720] [main/DEBUG] [net.minecraftforge.coremod.transformer.CoreModBaseTransformer/COREMOD]: Transforming net/minecraft/world/entity/EntityType
[04Mar2025 02:55:14.850] [main/DEBUG] [mixin/]: Mixing inject.MixinEntityType from architectury-common.mixins.json into net.minecraft.world.entity.EntityType
[04Mar2025 02:55:14.867] [main/DEBUG] [mixin/]: Mixing IMixinEnchantment from majruszlibrary-common.mixins.json into net.minecraft.world.item.enchantment.Enchantment
[04Mar2025 02:55:14.867] [main/DEBUG] [mixin/]: Mixing MixinEnchantment from majruszlibrary-forge.mixins.json into net.minecraft.world.item.enchantment.Enchantment
[04Mar2025 02:55:14.879] [main/DEBUG] [mixin/]: Mixing ChunkStatusMixin from alexscaves.mixins.json into net.minecraft.world.level.chunk.ChunkStatus
[04Mar2025 02:55:14.892] [main/DEBUG] [mixin/]: Mixing IMixinArgumentTypeInfos from majruszlibrary-common.mixins.json into net.minecraft.commands.synchronization.ArgumentTypeInfos
[04Mar2025 02:55:14.893] [main/DEBUG] [mixin/]: Renaming @Accessor method getByClass()Ljava/util/Map; to getByClass_$md$376fdc$0 in majruszlibrary-common.mixins.json:IMixinArgumentTypeInfos
[04Mar2025 02:55:14.898] [main/DEBUG] [mixin/]: Mixing MixinPoiTypes from lootr.mixins.json into net.minecraft.world.entity.ai.village.poi.PoiTypes
[04Mar2025 02:55:14.903] [main/DEBUG] [mixin/]: Mixing MixinPoiType from lootr.mixins.json into net.minecraft.world.entity.ai.village.poi.PoiType
[04Mar2025 02:55:14.924] [main/DEBUG] [mixin/]: Mixing TrunkPlacerTypeInvoker from graveyard-common.mixins.json into net.minecraft.world.level.levelgen.feature.trunkplacers.TrunkPlacerType
[04Mar2025 02:55:14.924] [main/DEBUG] [mixin/]: Renaming @Invoker method callRegister(Ljava/lang/String;Lcom/mojang/serialization/Codec;)Lnet/minecraft/world/level/levelgen/feature/trunkplacers/TrunkPlacerType; to callRegister_$md$376fdc$0 in graveyard-common.mixins.json:TrunkPlacerTypeInvoker
[04Mar2025 02:55:14.944] [main/DEBUG] [mixin/]: Mixing MixinCreativeModeTab from majruszlibrary-common.mixins.json into net.minecraft.world.item.CreativeModeTab
[04Mar2025 02:55:14.953] [main/DEBUG] [mixin/]: Mixing FireBlockAccessor from botania_xplat.mixins.json into net.minecraft.world.level.block.FireBlock
[04Mar2025 02:55:15.204] [main/DEBUG] [mixin/]: Mixing PlantBlockMixin from graveyard-common.mixins.json into net.minecraft.world.level.block.BushBlock
[04Mar2025 02:55:15.206] [main/DEBUG] [mixin/]: Mixing BushBlockMixin from botania_xplat.mixins.json into net.minecraft.world.level.block.BushBlock
[04Mar2025 02:55:15.218] [main/DEBUG] [net.minecraftforge.coremod.transformer.CoreModBaseTransformer/COREMOD]: Transforming net/minecraft/world/level/block/LiquidBlock
[04Mar2025 02:55:15.219] [main/DEBUG] [mixin/]: Mixing inject.MixinLiquidBlock from architectury-common.mixins.json into net.minecraft.world.level.block.LiquidBlock
[04Mar2025 02:55:15.239] [main/DEBUG] [mixin/]: Mixing DispenserBlockAccessor from botania_xplat.mixins.json into net.minecraft.world.level.block.DispenserBlock
[04Mar2025 02:55:15.239] [main/DEBUG] [mixin/]: Renaming @Accessor method getDispenserRegistry()Ljava/util/Map; to getDispenserRegistry_$md$376fdc$0 in botania_xplat.mixins.json:DispenserBlockAccessor
[04Mar2025 02:55:15.251] [main/DEBUG] [mixin/]: Mixing PistonBaseBlockMixin from botania_xplat.mixins.json into net.minecraft.world.level.block.piston.PistonBaseBlock
[04Mar2025 02:55:15.254] [main/DEBUG] [mixin/]: Mixing PistonBaseBlockAccessor from botania_xplat.mixins.json into net.minecraft.world.level.block.piston.PistonBaseBlock
[04Mar2025 02:55:15.272] [main/DEBUG] [net.minecraftforge.coremod.transformer.CoreModBaseTransformer/COREMOD]: Transforming m_7898_ with desc (Lnet/minecraft/world/level/block/state/BlockState;Lnet/minecraft/world/level/LevelReader;Lnet/minecraft/core/BlockPos;)Z
[04Mar2025 02:55:15.308] [main/DEBUG] [net.minecraftforge.coremod.transformer.CoreModBaseTransformer/COREMOD]: Transforming net/minecraft/world/level/block/StairBlock
[04Mar2025 02:55:15.317] [main/DEBUG] [mixin/]: Mixing ChestBlockMixin from tombstone.mixins.json into net.minecraft.world.level.block.ChestBlock
[04Mar2025 02:55:15.341] [main/DEBUG] [mixin/]: Mixing CropBlockMixin from balm.mixins.json into net.minecraft.world.level.block.CropBlock
[04Mar2025 02:55:15.345] [main/DEBUG] [mixin/]: Mixing FarmBlockMixin from botania_xplat.mixins.json into net.minecraft.world.level.block.FarmBlock
[04Mar2025 02:55:15.403] [main/DEBUG] [mixin/]: Mixing StemBlockMixin from balm.mixins.json into net.minecraft.world.level.block.StemBlock
[04Mar2025 02:55:15.427] [main/DEBUG] [net.minecraftforge.coremod.transformer.CoreModBaseTransformer/COREMOD]: Transforming net/minecraft/world/level/block/FlowerPotBlock
[04Mar2025 02:55:15.486] [main/DEBUG] [mixin/]: Mixing GrowingPlantBodyBlockMixin from botania_xplat.mixins.json into net.minecraft.world.level.block.GrowingPlantBodyBlock
[04Mar2025 02:55:15.498] [main/DEBUG] [mixin/]: Mixing swimming.BubbleColumnBlockMixin from expandability-common.mixins.json into net.minecraft.world.level.block.BubbleColumnBlock
[04Mar2025 02:55:15.541] [main/DEBUG] [mixin/]: Mixing PowderSnowBlockMixin from relics.mixins.json into net.minecraft.world.level.block.PowderSnowBlock
[04Mar2025 02:55:15.541] [main/DEBUG] [mixin/]: relics.mixins.json:PowderSnowBlockMixin: Class version 61 required is higher than the class version supported by the current version of Mixin (JAVA_8 supports class version 52)
[04Mar2025 02:55:15.541] [main/DEBUG] [mixin/]: Mixing MixinPowderSnowBlock from curios.mixins.json into net.minecraft.world.level.block.PowderSnowBlock
[04Mar2025 02:55:15.542] [main/DEBUG] [mixin/]: Mixing MixinPowderSnowBlock from majruszlibrary-common.mixins.json into net.minecraft.world.level.block.PowderSnowBlock
[04Mar2025 02:55:15.645] [main/DEBUG] [mixin/]: Mixing BlockPropertiesAccessor from botania_xplat.mixins.json into net.minecraft.world.level.block.state.BlockBehaviour$Properties
[04Mar2025 02:55:15.730] [main/DEBUG] [mixin/]: Mixing FlowingFluidMixin from alexscaves.mixins.json into net.minecraft.world.level.material.FlowingFluid
[04Mar2025 02:55:15.834] [main/DEBUG] [mixin/]: Mixing FallingBlockEntityMixin from alexscaves.mixins.json into net.minecraft.world.entity.item.FallingBlockEntity
[04Mar2025 02:55:15.836] [main/DEBUG] [mixin/]: Mixing MixinFallingBlockEntity from architectury.mixins.json into net.minecraft.world.entity.item.FallingBlockEntity
[04Mar2025 02:55:15.854] [main/DEBUG] [mixin/]: Mixing CommonDataAttachMixin from armourersworkshop-mixins.json into net.minecraft.world.level.block.entity.BlockEntity
[04Mar2025 02:55:15.854] [main/DEBUG] [mixin/]: armourersworkshop-mixins.json:CommonDataAttachMixin: Class version 61 required is higher than the class version supported by the current version of Mixin (JAVA_16 supports class version 60)
[04Mar2025 02:55:15.858] [main/DEBUG] [mixin/]: Mixing BrushableBlockEntityMixin from tombstone.mixins.json into net.minecraft.world.level.block.entity.BrushableBlockEntity
[04Mar2025 02:55:15.871] [main/DEBUG] [mixin/]: Mixing MixinBrushableBlockEntity from majruszlibrary-common.mixins.json into net.minecraft.world.level.block.entity.BrushableBlockEntity
[04Mar2025 02:55:15.945] [main/DEBUG] [mixin/]: Mixing RandomizableContainerBlockEntityAccessor from botania_xplat.mixins.json into net.minecraft.world.level.block.entity.RandomizableContainerBlockEntity
[04Mar2025 02:55:16.506] [main/DEBUG] [mixin/]: Mixing AbstractContainerMenuMixin from relics.mixins.json into net.minecraft.world.inventory.AbstractContainerMenu
[04Mar2025 02:55:16.506] [main/DEBUG] [mixin/]: relics.mixins.json:AbstractContainerMenuMixin: Class version 61 required is higher than the class version supported by the current version of Mixin (JAVA_8 supports class version 52)
[04Mar2025 02:55:16.514] [main/DEBUG] [mixin/]: Mixing ContainerMenuMixin from mixins.deeperdarker.json into net.minecraft.world.inventory.CraftingMenu
[04Mar2025 02:55:16.533] [main/DEBUG] [mixin/]: Mixing AbstractFurnaceBlockEntityAccessor from botania_xplat.mixins.json into net.minecraft.world.level.block.entity.AbstractFurnaceBlockEntity
[04Mar2025 02:55:16.533] [main/DEBUG] [mixin/]: Mixing AbstractFurnaceBlockEntityForgeAccessor from botania_forge.mixins.json into net.minecraft.world.level.block.entity.AbstractFurnaceBlockEntity
[04Mar2025 02:55:16.607] [main/DEBUG] [mixin/]: Mixing AbstractArrowMixin from alexscaves.mixins.json into net.minecraft.world.entity.projectile.AbstractArrow
[04Mar2025 02:55:16.621] [main/DEBUG] [mixin/]: Mixing MixinProjectile from majruszlibrary-common.mixins.json into net.minecraft.world.entity.projectile.Projectile
[04Mar2025 02:55:16.660] [main/DEBUG] [mixin/]: Mixing MixinMob from mixins.epicfight.json into net.minecraft.world.entity.Mob
[04Mar2025 02:55:16.661] [main/DEBUG] [mixin/]: Mixing accessors.MobAccessor from mixins.artifacts.common.json into net.minecraft.world.entity.Mob
[04Mar2025 02:55:16.661] [main/DEBUG] [mixin/]: Mixing MobMixin from alexscaves.mixins.json into net.minecraft.world.entity.Mob
[04Mar2025 02:55:16.662] [main/DEBUG] [mixin/]: Mixing MobAccessor from botania_xplat.mixins.json into net.minecraft.world.entity.Mob
[04Mar2025 02:55:16.662] [main/DEBUG] [mixin/]: Mixing MobMixin from botania_xplat.mixins.json into net.minecraft.world.entity.Mob
[04Mar2025 02:55:16.663] [main/DEBUG] [mixin/]: Mixing MobMixin from tombstone.mixins.json into net.minecraft.world.entity.Mob
[04Mar2025 02:55:16.664] [main/DEBUG] [mixin/]: Renaming synthetic method lambda$methodSetTarget$2(Lnet/minecraft/world/entity/LivingEntity;Ljava/util/UUID;)Ljava/lang/Boolean; to md376fdc$lambda$methodSetTarget$2$0 in tombstone.mixins.json:MobMixin
[04Mar2025 02:55:16.664] [main/DEBUG] [mixin/]: Renaming synthetic method lambda$methodCanBeLeashed$1(Lnet/minecraft/world/entity/player/Player;Ljava/util/UUID;)Ljava/lang/Boolean; to md376fdc$lambda$methodCanBeLeashed$1$1 in tombstone.mixins.json:MobMixin
[04Mar2025 02:55:16.664] [main/DEBUG] [mixin/]: Renaming synthetic method lambda$methodTick$0(Lnet/minecraft/world/entity/Mob;Lovh/corail/tombstone/api/capability/ISpellCaster;)V to md376fdc$lambda$methodTick$0$2 in tombstone.mixins.json:MobMixin
[04Mar2025 02:55:16.671] [main/DEBUG] [mixin/]: Mixing IMixinMob from majruszlibrary-common.mixins.json into net.minecraft.world.entity.Mob
[04Mar2025 02:55:16.671] [main/DEBUG] [mixin/]: Mixing MixinMob from majruszlibrary-common.mixins.json into net.minecraft.world.entity.Mob
[04Mar2025 02:55:16.686] [main/DEBUG] [mixin/]: Unexpected: Registered method getGoalSelector()Lnet/minecraft/world/entity/ai/goal/GoalSelector; in net.minecraft.world.entity.Mob was not merged
[04Mar2025 02:55:16.686] [main/DEBUG] [mixin/]: Unexpected: Registered method getGoalSelector()Lnet/minecraft/world/entity/ai/goal/GoalSelector; in net.minecraft.world.entity.Mob was not merged
[04Mar2025 02:55:16.686] [main/DEBUG] [mixin/]: Unexpected: Registered method getTargetSelector()Lnet/minecraft/world/entity/ai/goal/GoalSelector; in net.minecraft.world.entity.Mob was not merged
[04Mar2025 02:55:16.720] [main/DEBUG] [mixin/]: Mixing MonsterMixin from alexscaves.mixins.json into net.minecraft.world.entity.monster.Monster
[04Mar2025 02:55:16.723] [main/DEBUG] [mixin/]: Mixing MonsterMixin from tombstone.mixins.json into net.minecraft.world.entity.monster.Monster
[04Mar2025 02:55:16.789] [main/DEBUG] [mixin/]: Mixing ContainerMenuMixin from mixins.deeperdarker.json into net.minecraft.world.inventory.EnchantmentMenu
[04Mar2025 02:55:16.802] [main/DEBUG] [mixin/]: Mixing MixinBrewingStandBlockEntity from majruszlibrary-common.mixins.json into net.minecraft.world.level.block.entity.BrewingStandBlockEntity
[04Mar2025 02:55:16.818] [main/DEBUG] [net.minecraftforge.coremod.transformer.CoreModBaseTransformer/COREMOD]: Transforming net/minecraft/world/item/ItemStack
[04Mar2025 02:55:16.819] [main/DEBUG] [mixin/]: Mixing MixinItemStack from glitchcore.mixins.json into net.minecraft.world.item.ItemStack
[04Mar2025 02:55:16.820] [main/DEBUG] [mixin/]: Mixing ItemStackMixin from relics.mixins.json into net.minecraft.world.item.ItemStack
[04Mar2025 02:55:16.820] [main/DEBUG] [mixin/]: relics.mixins.json:ItemStackMixin: Class version 61 required is higher than the class version supported by the current version of Mixin (JAVA_8 supports class version 52)
[04Mar2025 02:55:16.821] [main/DEBUG] [mixin/]: Mixing CommonDataAttachMixin from armourersworkshop-mixins.json into net.minecraft.world.item.ItemStack
[04Mar2025 02:55:16.821] [main/DEBUG] [mixin/]: armourersworkshop-mixins.json:CommonDataAttachMixin: Class version 61 required is higher than the class version supported by the current version of Mixin (JAVA_16 supports class version 60)
[04Mar2025 02:55:16.822] [main/DEBUG] [mixin/]: Mixing ItemStackMixin from tombstone.mixins.json into net.minecraft.world.item.ItemStack
[04Mar2025 02:55:16.823] [main/DEBUG] [mixin/]: Mixing ItemStackMixin from mixins.deeperdarker.json into net.minecraft.world.item.ItemStack
[04Mar2025 02:55:16.824] [main/DEBUG] [mixin/]: Mixing MixinItemStack from majruszlibrary-common.mixins.json into net.minecraft.world.item.ItemStack
[04Mar2025 02:55:16.872] [main/DEBUG] [mixin/]: Mixing ContainerMenuMixin from mixins.deeperdarker.json into net.minecraft.world.inventory.ChestMenu
[04Mar2025 02:55:16.984] [main/DEBUG] [mixin/]: Mixing MixinWitherBoss from mixins.epicfight.json into net.minecraft.world.entity.boss.wither.WitherBoss
[04Mar2025 02:55:16.985] [main/DEBUG] [mixin/]: Renaming @Unique method m_7515_()Lnet/minecraft/sounds/SoundEvent; to md376fdc$m_7515_$0 in mixins.epicfight.json:MixinWitherBoss
[04Mar2025 02:55:17.000] [main/DEBUG] [mixin/]: Mixing WitherEntityAccessor from botania_xplat.mixins.json into net.minecraft.world.entity.boss.wither.WitherBoss
[04Mar2025 02:55:17.001] [main/WARN] [mixin/]: @Final field f_31427_:[I in mixins.epicfight.json:MixinWitherBoss should be final
[04Mar2025 02:55:17.001] [main/WARN] [mixin/]: @Final field f_31428_:[I in mixins.epicfight.json:MixinWitherBoss should be final
[04Mar2025 02:55:17.023] [main/DEBUG] [mixin/]: Mixing ContainerMenuMixin from mixins.deeperdarker.json into net.minecraft.world.inventory.ItemCombinerMenu
[04Mar2025 02:55:17.037] [main/DEBUG] [mixin/]: Mixing HopperBlockEntityAccessor from botania_xplat.mixins.json into net.minecraft.world.level.block.entity.HopperBlockEntity
[04Mar2025 02:55:17.038] [main/DEBUG] [mixin/]: Renaming @Invoker method botania_canInsert(Lnet/minecraft/world/Container;Lnet/minecraft/world/item/ItemStack;ILnet/minecraft/core/Direction;)Z to botania_canInsert_$md$376fdc$0 in botania_xplat.mixins.json:HopperBlockEntityAccessor
[04Mar2025 02:55:17.038] [main/DEBUG] [mixin/]: Renaming @Invoker method botania_canMerge(Lnet/minecraft/world/item/ItemStack;Lnet/minecraft/world/item/ItemStack;)Z to botania_canMerge_$md$376fdc$1 in botania_xplat.mixins.json:HopperBlockEntityAccessor
[04Mar2025 02:55:17.167] [main/DEBUG] [mixin/]: Mixing AnimalAccessor from botania_xplat.mixins.json into net.minecraft.world.entity.animal.Animal
[04Mar2025 02:55:17.167] [main/DEBUG] [mixin/]: Mixing MixinAnimal from majruszlibrary-common.mixins.json into net.minecraft.world.entity.animal.Animal
[04Mar2025 02:55:17.598] [main/DEBUG] [mixin/]: Mixing LoomMenuMixin from botania_xplat.mixins.json into net.minecraft.world.inventory.LoomMenu
[04Mar2025 02:55:17.600] [main/DEBUG] [mixin/]: Mixing ContainerMenuMixin from mixins.deeperdarker.json into net.minecraft.world.inventory.LoomMenu
[04Mar2025 02:55:17.622] [main/DEBUG] [mixin/]: Mixing ContainerMenuMixin from mixins.deeperdarker.json into net.minecraft.world.inventory.CartographyTableMenu
[04Mar2025 02:55:17.629] [main/DEBUG] [mixin/]: Mixing ContainerMenuMixin from mixins.deeperdarker.json into net.minecraft.world.inventory.GrindstoneMenu
[04Mar2025 02:55:17.657] [main/DEBUG] [mixin/]: Mixing SmithingMenuMixin from citadel.mixins.json into net.minecraft.world.inventory.SmithingMenu
[04Mar2025 02:55:17.661] [main/DEBUG] [mixin/]: Mixing ContainerMenuMixin from mixins.deeperdarker.json into net.minecraft.world.inventory.StonecutterMenu
[04Mar2025 02:55:17.838] [main/DEBUG] [mixin/]: Mixing MixinLightningBolt from architectury-common.mixins.json into net.minecraft.world.entity.LightningBolt
[04Mar2025 02:55:17.921] [main/DEBUG] [net.minecraftforge.coremod.transformer.CoreModBaseTransformer/COREMOD]: Transforming net/minecraft/world/entity/animal/frog/Tadpole
[04Mar2025 02:55:17.955] [main/DEBUG] [mixin/]: Mixing VehicleEntityPlaceMixin$MinecartPatch from armourersworkshop-compatibility-mixins.json into net.minecraft.world.item.MinecartItem
[04Mar2025 02:55:17.956] [main/DEBUG] [mixin/]: armourersworkshop-compatibility-mixins.json:VehicleEntityPlaceMixin$MinecartPatch: Class version 61 required is higher than the class version supported by the current version of Mixin (JAVA_16 supports class version 60)
[04Mar2025 02:55:17.959] [main/DEBUG] [mixin/]: Mixing VehicleEntityPlaceMixin$BoatPatch from armourersworkshop-compatibility-mixins.json into net.minecraft.world.item.BoatItem
[04Mar2025 02:55:17.959] [main/DEBUG] [mixin/]: armourersworkshop-compatibility-mixins.json:VehicleEntityPlaceMixin$BoatPatch: Class version 61 required is higher than the class version supported by the current version of Mixin (JAVA_16 supports class version 60)
[04Mar2025 02:55:17.979] [main/DEBUG] [mixin/]: Mixing HangingEntityItemMixin from mixins.deeperdarker.json into net.minecraft.world.item.HangingEntityItem
[04Mar2025 02:55:17.988] [main/DEBUG] [net.minecraftforge.coremod.transformer.CoreModBaseTransformer/COREMOD]: Transforming m_218868_ with desc ()Ljava/util/OptionalInt;
[04Mar2025 02:55:17.997] [main/DEBUG] [net.minecraftforge.coremod.transformer.CoreModBaseTransformer/COREMOD]: Transforming net/minecraft/world/item/BucketItem
[04Mar2025 02:55:17.998] [main/DEBUG] [mixin/]: Mixing inject.MixinBucketItem from architectury-common.mixins.json into net.minecraft.world.item.BucketItem
[04Mar2025 02:55:18.005] [main/DEBUG] [mixin/]: Mixing BundleItemMixin from tombstone.mixins.json into net.minecraft.world.item.BundleItem
[04Mar2025 02:55:18.008] [main/DEBUG] [mixin/]: Renaming synthetic method lambda$getEnchantmentLevel$0(Lnet/minecraft/world/item/ItemStack;Lovh/corail/tombstone/api/capability/ISoulConsumer;)Ljava/lang/Boolean; to md376fdc$lambda$getEnchantmentLevel$0$0 in tombstone.mixins.json:BundleItemMixin
[04Mar2025 02:55:18.011] [main/DEBUG] [mixin/]: Mixing item.wearable.anglershat.FishingRodItemMixin from mixins.artifacts.common.json into net.minecraft.world.item.FishingRodItem
[04Mar2025 02:55:18.018] [main/DEBUG] [net.minecraftforge.coremod.transformer.CoreModBaseTransformer/COREMOD]: Transforming m_7373_ with desc (Lnet/minecraft/world/item/ItemStack;Lnet/minecraft/world/level/Level;Ljava/util/List;Lnet/minecraft/world/item/TooltipFlag;)V
[04Mar2025 02:55:18.027] [main/DEBUG] [mixin/]: Mixing MixinShearsItem from curios.mixins.json into net.minecraft.world.item.ShearsItem
[04Mar2025 02:55:18.034] [main/DEBUG] [mixin/]: Mixing PotionItemMixin from tombstone.mixins.json into net.minecraft.world.item.PotionItem
[04Mar2025 02:55:18.035] [main/DEBUG] [mixin/]: Renaming synthetic method lambda$methodFinishUsingItemReturn$1(Lnet/minecraft/world/entity/LivingEntity;Lovh/corail/tombstone/api/capability/ITBCapability;)V to md376fdc$lambda$methodFinishUsingItemReturn$1$0 in tombstone.mixins.json:PotionItemMixin
[04Mar2025 02:55:18.035] [main/DEBUG] [mixin/]: Renaming synthetic method lambda$effectList$0(Lnet/minecraft/world/effect/MobEffectInstance;)Ljava/lang/Integer; to md376fdc$lambda$effectList$0$1 in tombstone.mixins.json:PotionItemMixin
[04Mar2025 02:55:18.057] [main/DEBUG] [net.minecraftforge.coremod.transformer.CoreModBaseTransformer/COREMOD]: Transforming m_7626_ with desc (Lnet/minecraft/world/item/ItemStack;)Lnet/minecraft/network/chat/Component;
[04Mar2025 02:55:18.066] [main/DEBUG] [mixin/]: Mixing MixinHorseArmorItem from majruszsenchantments-common.mixins.json into net.minecraft.world.item.HorseArmorItem
[04Mar2025 02:55:18.074] [main/DEBUG] [mixin/]: Mixing MixinChorusFruitItem from majruszlibrary-common.mixins.json into net.minecraft.world.item.ChorusFruitItem
[04Mar2025 02:55:18.079] [main/DEBUG] [mixin/]: Mixing MixinShieldItem from majruszsenchantments-common.mixins.json into net.minecraft.world.item.ShieldItem
[04Mar2025 02:55:18.102] [main/DEBUG] [mixin/]: Mixing inject.MixinItemProperties from architectury-common.mixins.json into net.minecraft.world.item.Item$Properties
[04Mar2025 02:55:18.131] [main/DEBUG] [mixin/]: Mixing AbstractMinecartMixin from alexscaves.mixins.json into net.minecraft.world.entity.vehicle.AbstractMinecart
[04Mar2025 02:55:18.156] [main/DEBUG] [mixin/]: Mixing AbstractMinecartMixin from botania_xplat.mixins.json into net.minecraft.world.entity.vehicle.AbstractMinecart
[04Mar2025 02:55:18.186] [main/DEBUG] [mixin/]: Mixing VehicleEntityPlaceMixin$MinecartDispensePatch from armourersworkshop-compatibility-mixins.json into net.minecraft.world.item.MinecartItem$1
[04Mar2025 02:55:18.186] [main/DEBUG] [mixin/]: armourersworkshop-compatibility-mixins.json:VehicleEntityPlaceMixin$MinecartDispensePatch: Class version 61 required is higher than the class version supported by the current version of Mixin (JAVA_16 supports class version 60)
[04Mar2025 02:55:18.214] [main/DEBUG] [mixin/]: Mixing MixinServerPlayer from glitchcore.forge.mixins.json into net.minecraft.server.level.ServerPlayer
[04Mar2025 02:55:18.215] [main/DEBUG] [mixin/]: Mixing ServerPlayerMixin from botania_xplat.mixins.json into net.minecraft.server.level.ServerPlayer
[04Mar2025 02:55:18.215] [main/DEBUG] [mixin/]: Mixing ServerPlayerEntityMixin from simplyswords-common.mixins.json into net.minecraft.server.level.ServerPlayer
[04Mar2025 02:55:18.217] [main/DEBUG] [mixin/]: Renaming synthetic method lambda$simplyswords$tick$3(Lnet/minecraft/tags/TagKey;Lnet/minecraft/world/item/Item;)Z to md376fdc$lambda$simplyswords$tick$3$0 in simplyswords-common.mixins.json:ServerPlayerEntityMixin
[04Mar2025 02:55:18.218] [main/DEBUG] [mixin/]: Renaming synthetic method lambda$simplyswords$tick$2(Lnet/minecraft/tags/TagKey;Lnet/minecraft/world/item/Item;)Z to md376fdc$lambda$simplyswords$tick$2$1 in simplyswords-common.mixins.json:ServerPlayerEntityMixin
[04Mar2025 02:55:18.218] [main/DEBUG] [mixin/]: Renaming synthetic method lambda$simplyswords$tick$1(Lnet/minecraft/world/entity/player/Player;Lnet/minecraft/world/entity/Entity;)D to md376fdc$lambda$simplyswords$tick$1$2 in simplyswords-common.mixins.json:ServerPlayerEntityMixin
[04Mar2025 02:55:18.219] [main/DEBUG] [mixin/]: Renaming synthetic method lambda$simplyswords$tick$0(Lnet/minecraft/world/entity/player/Player;Lnet/minecraft/world/entity/Entity;)Z to md376fdc$lambda$simplyswords$tick$0$3 in simplyswords-common.mixins.json:ServerPlayerEntityMixin
[04Mar2025 02:55:18.251] [main/DEBUG] [mixin/]: Mixing MixinServerPlayer from majruszlibrary-common.mixins.json into net.minecraft.server.level.ServerPlayer
[04Mar2025 02:55:18.252] [main/DEBUG] [mixin/]: Mixing ServerPlayerMixin from tombstone.mixins.json into net.minecraft.server.level.ServerPlayer
[04Mar2025 02:55:18.283] [main/DEBUG] [net.minecraftforge.coremod.transformer.CoreModBaseTransformer/COREMOD]: Transforming m_7088_ with desc ()Z
[04Mar2025 02:55:18.293] [main/DEBUG] [mixin/]: Mixing MixinMobCategory from majruszlibrary-common.mixins.json into net.minecraft.world.entity.MobCategory
[04Mar2025 02:55:19.004] [main/DEBUG] [mixin/]: Mixing DataFixMixin from armourersworkshop-mixins.json into net.minecraft.util.datafix.schemas.V1460
[04Mar2025 02:55:19.006] [main/DEBUG] [mixin/]: armourersworkshop-mixins.json:DataFixMixin: Class version 61 required is higher than the class version supported by the current version of Mixin (JAVA_16 supports class version 60)
[04Mar2025 02:55:19.007] [main/DEBUG] [mixin/]: Renaming synthetic method lambda$aw2$registerBlockEntities$1(Ljava/util/function/BiConsumer;Lmoe/plushie/armourers_workshop/core/utils/OpenResourceLocation;)V to md376fdc$lambda$aw2$registerBlockEntities$1$0 in armourersworkshop-mixins.json:DataFixMixin
[04Mar2025 02:55:19.007] [main/DEBUG] [mixin/]: Renaming synthetic method lambda$aw2$registerEntities$0(Ljava/util/function/BiConsumer;Lmoe/plushie/armourers_workshop/core/utils/OpenResourceLocation;)V to md376fdc$lambda$aw2$registerEntities$0$1 in armourersworkshop-mixins.json:DataFixMixin
[04Mar2025 02:55:19.452] [main/DEBUG] [mixin/]: Mixing MixinArrow from majruszlibrary-common.mixins.json into net.minecraft.world.entity.projectile.Arrow
[04Mar2025 02:55:19.461] [main/DEBUG] [mixin/]: Mixing ExperienceOrbAccessor from botania_xplat.mixins.json into net.minecraft.world.entity.ExperienceOrb
[04Mar2025 02:55:19.462] [main/DEBUG] [mixin/]: Mixing MixinExperienceOrb from majruszlibrary-common.mixins.json into net.minecraft.world.entity.ExperienceOrb
[04Mar2025 02:55:19.472] [main/DEBUG] [mixin/]: Mixing BeeMixin from botania_xplat.mixins.json into net.minecraft.world.entity.animal.Bee
[04Mar2025 02:55:19.481] [main/DEBUG] [mixin/]: Mixing IMixinBreedGoal from majruszlibrary-common.mixins.json into net.minecraft.world.entity.ai.goal.BreedGoal
[04Mar2025 02:55:19.483] [main/DEBUG] [mixin/]: Mixing PollinateGoalMixin from botania_xplat.mixins.json into net.minecraft.world.entity.animal.Bee$BeePollinateGoal
[04Mar2025 02:55:19.483] [main/DEBUG] [mixin/]: Renaming synthetic method lambda$extendPredicate$0(Lnet/minecraft/world/level/block/state/BlockState;)Z to md376fdc$lambda$extendPredicate$0$0 in botania_xplat.mixins.json:PollinateGoalMixin
[04Mar2025 02:55:19.488] [main/DEBUG] [mixin/]: Mixing HurtByTargetGoalAccessor from botania_xplat.mixins.json into net.minecraft.world.entity.ai.goal.target.HurtByTargetGoal
[04Mar2025 02:55:19.488] [main/DEBUG] [mixin/]: Mixing HurtByTargetGoalMixin from botania_xplat.mixins.json into net.minecraft.world.entity.ai.goal.target.HurtByTargetGoal
[04Mar2025 02:55:19.488] [main/DEBUG] [mixin/]: Mixing HurtByTargetGoalMixin from tombstone.mixins.json into net.minecraft.world.entity.ai.goal.target.HurtByTargetGoal
[04Mar2025 02:55:19.491] [main/DEBUG] [mixin/]: Mixing accessor.TargetGoalAccessor from tombstone.mixins.json into net.minecraft.world.entity.ai.goal.target.TargetGoal
[04Mar2025 02:55:19.495] [main/DEBUG] [mixin/]: Mixing NearestAttackableTargetGoalAccessor from botania_xplat.mixins.json into net.minecraft.world.entity.ai.goal.target.NearestAttackableTargetGoal
[04Mar2025 02:55:19.515] [main/DEBUG] [mixin/]: Mixing AbstractHorseAccessor from botania_xplat.mixins.json into net.minecraft.world.entity.animal.horse.AbstractHorse
[04Mar2025 02:55:19.515] [main/DEBUG] [mixin/]: Mixing MixinAbstractHorse from majruszlibrary-common.mixins.json into net.minecraft.world.entity.animal.horse.AbstractHorse
[04Mar2025 02:55:19.540] [main/DEBUG] [mixin/]: Mixing MixinTamableAnimal from majruszlibrary-common.mixins.json into net.minecraft.world.entity.TamableAnimal
[04Mar2025 02:55:19.549] [main/DEBUG] [mixin/]: Mixing MixinCatSitOnBlockGoal from lootr.mixins.json into net.minecraft.world.entity.ai.goal.CatSitOnBlockGoal
[04Mar2025 02:55:19.560] [main/DEBUG] [net.minecraftforge.coremod.transformer.CoreModBaseTransformer/COREMOD]: Transforming net/minecraft/world/entity/monster/Spider
[04Mar2025 02:55:19.609] [main/DEBUG] [mixin/]: Mixing CreeperEntityMixin from graveyard-common.mixins.json into net.minecraft.world.entity.monster.Creeper
[04Mar2025 02:55:19.609] [main/DEBUG] [mixin/]: Mixing CreeperAccessor from botania_xplat.mixins.json into net.minecraft.world.entity.monster.Creeper
[04Mar2025 02:55:19.610] [main/DEBUG] [mixin/]: Mixing CreeperMixin from botania_xplat.mixins.json into net.minecraft.world.entity.monster.Creeper
[04Mar2025 02:55:19.627] [main/DEBUG] [mixin/]: Mixing AbstractChestedHorseMixin from relics.mixins.json into net.minecraft.world.entity.animal.horse.AbstractChestedHorse
[04Mar2025 02:55:19.627] [main/DEBUG] [mixin/]: relics.mixins.json:AbstractChestedHorseMixin: Class version 61 required is higher than the class version supported by the current version of Mixin (JAVA_8 supports class version 52)
[04Mar2025 02:55:19.637] [main/DEBUG] [net.minecraftforge.coremod.transformer.CoreModBaseTransformer/COREMOD]: Transforming net/minecraft/world/entity/monster/Zombie
[04Mar2025 02:55:19.683] [main/DEBUG] [net.minecraftforge.coremod.transformer.CoreModBaseTransformer/COREMOD]: Transforming net/minecraft/world/entity/monster/ZombieVillager
[04Mar2025 02:55:19.846] [main/DEBUG] [mixin/]: Mixing MixinThrownTrident from mixins.epicfight.json into net.minecraft.world.entity.projectile.ThrownTrident
[04Mar2025 02:55:19.857] [main/DEBUG] [mixin/]: Mixing ThrowableProjectileMixin from botania_xplat.mixins.json into net.minecraft.world.entity.projectile.ThrowableProjectile
[04Mar2025 02:55:19.890] [main/DEBUG] [mixin/]: Mixing MixinEndCrystal from mixins.epicfight.json into net.minecraft.world.entity.boss.enderdragon.EndCrystal
[04Mar2025 02:55:19.914] [main/DEBUG] [mixin/]: Mixing EnderManMixin from relics.mixins.json into net.minecraft.world.entity.monster.EnderMan
[04Mar2025 02:55:19.914] [main/DEBUG] [mixin/]: relics.mixins.json:EnderManMixin: Class version 61 required is higher than the class version supported by the current version of Mixin (JAVA_8 supports class version 52)
[04Mar2025 02:55:19.937] [main/DEBUG] [net.minecraftforge.coremod.transformer.CoreModBaseTransformer/COREMOD]: Transforming net/minecraft/world/entity/monster/Evoker$EvokerSummonSpellGoal
[04Mar2025 02:55:19.974] [main/DEBUG] [mixin/]: Mixing MixinFoxBreedGoal from majruszlibrary-common.mixins.json into net.minecraft.world.entity.animal.Fox$FoxBreedGoal
[04Mar2025 02:55:19.989] [main/DEBUG] [mixin/]: Mixing FrogMixin from alexscaves.mixins.json into net.minecraft.world.entity.animal.frog.Frog
[04Mar2025 02:55:20.010] [main/DEBUG] [net.minecraftforge.coremod.transformer.CoreModBaseTransformer/COREMOD]: Transforming m_218868_ with desc ()Ljava/util/OptionalInt;
[04Mar2025 02:55:20.029] [main/DEBUG] [mixin/]: Mixing ContainerMenuMixin from mixins.deeperdarker.json into net.minecraft.world.inventory.HopperMenu
[04Mar2025 02:55:20.076] [main/DEBUG] [mixin/]: Mixing MushroomCowAccessor from botania_xplat.mixins.json into net.minecraft.world.entity.animal.MushroomCow
[04Mar2025 02:55:20.093] [main/DEBUG] [mixin/]: Mixing PaintingMixin from mixins.deeperdarker.json into net.minecraft.world.entity.decoration.Painting
[04Mar2025 02:55:20.133] [main/DEBUG] [mixin/]: Mixing PhantomMixin from mixins.deeperdarker.json into net.minecraft.world.entity.monster.Phantom
[04Mar2025 02:55:20.194] [main/DEBUG] [net.minecraftforge.coremod.transformer.CoreModBaseTransformer/COREMOD]: Transforming net/minecraft/world/entity/animal/horse/SkeletonTrapGoal
[04Mar2025 02:55:20.222] [main/DEBUG] [mixin/]: Mixing BaseSpawnerMixin from botania_xplat.mixins.json into net.minecraft.world.level.BaseSpawner
[04Mar2025 02:55:20.230] [main/DEBUG] [net.minecraftforge.coremod.transformer.CoreModBaseTransformer/COREMOD]: Transforming net/minecraft/world/entity/monster/Strider
[04Mar2025 02:55:20.305] [main/WARN] [net.minecraft.network.syncher.SynchedEntityData/]: defineId called for: class net.minecraft.world.entity.LivingEntity from class yesman.epicfight.world.capabilities.entitypatch.LivingEntityPatch
[04Mar2025 02:55:20.305] [main/WARN] [net.minecraft.network.syncher.SynchedEntityData/]: defineId called for: class net.minecraft.world.entity.LivingEntity from class yesman.epicfight.world.capabilities.entitypatch.LivingEntityPatch
[04Mar2025 02:55:20.306] [main/WARN] [net.minecraft.network.syncher.SynchedEntityData/]: defineId called for: class net.minecraft.world.entity.LivingEntity from class yesman.epicfight.world.capabilities.entitypatch.LivingEntityPatch
[04Mar2025 02:55:20.306] [main/WARN] [net.minecraft.network.syncher.SynchedEntityData/]: defineId called for: class net.minecraft.world.entity.LivingEntity from class yesman.epicfight.world.capabilities.entitypatch.LivingEntityPatch
[04Mar2025 02:55:20.329] [main/DEBUG] [mixin/]: Mixing WardenMixin from mixins.deeperdarker.json into net.minecraft.world.entity.monster.warden.Warden
[04Mar2025 02:55:20.346] [main/DEBUG] [mixin/]: Mixing TickableBlockEntityMixin from armourersworkshop-compatibility-mixins.json into net.minecraft.world.level.chunk.LevelChunk
[04Mar2025 02:55:20.349] [main/DEBUG] [mixin/]: armourersworkshop-compatibility-mixins.json:TickableBlockEntityMixin: Class version 61 required is higher than the class version supported by the current version of Mixin (JAVA_16 supports class version 60)
[04Mar2025 02:55:20.349] [main/DEBUG] [mixin/]: Renaming synthetic method lambda$aw2$updateBlockEntityTicker$0(Lmoe/plushie/armourers_workshop/api/common/ITickable;Lnet/minecraft/world/level/Level;Lnet/minecraft/core/BlockPos;Lnet/minecraft/world/level/block/state/BlockState;Lnet/minecraft/world/level/block/entity/BlockEntity;)V to md376fdc$lambda$aw2$updateBlockEntityTicker$0$0 in armourersworkshop-compatibility-mixins.json:TickableBlockEntityMixin
[04Mar2025 02:55:20.349] [main/DEBUG] [mixin/]: Mixing MixinLevelChunk from lootr.mixins.json into net.minecraft.world.level.chunk.LevelChunk
[04Mar2025 02:55:20.394] [main/DEBUG] [net.minecraftforge.coremod.transformer.CoreModBaseTransformer/COREMOD]: Transforming net/minecraft/world/entity/npc/Villager
[04Mar2025 02:55:20.461] [main/DEBUG] [mixin/]: Mixing VillagerEntityMixin from graveyard-common.mixins.json into net.minecraft.world.entity.npc.Villager
[04Mar2025 02:55:20.463] [main/DEBUG] [mixin/]: Mixing item.wearable.villagerhat.VillagerMixin from mixins.artifacts.common.json into net.minecraft.world.entity.npc.Villager
[04Mar2025 02:55:20.463] [main/DEBUG] [mixin/]: Mixing accessor.VillagerAccessor from tombstone.mixins.json into net.minecraft.world.entity.npc.Villager
[04Mar2025 02:55:20.464] [main/DEBUG] [mixin/]: Mixing MixinVillager from majruszlibrary-common.mixins.json into net.minecraft.world.entity.npc.Villager
[04Mar2025 02:55:20.492] [main/DEBUG] [mixin/]: Mixing WanderingTraderEntityMixin from graveyard-common.mixins.json into net.minecraft.world.entity.npc.WanderingTrader
[04Mar2025 02:55:20.492] [main/DEBUG] [mixin/]: Mixing MixinWanderingTrader from majruszlibrary-common.mixins.json into net.minecraft.world.entity.npc.WanderingTrader
[04Mar2025 02:55:20.516] [main/DEBUG] [mixin/]: Mixing MixinFishingHook from majruszlibrary-common.mixins.json into net.minecraft.world.entity.projectile.FishingHook
[04Mar2025 02:55:20.529] [main/DEBUG] [mixin/]: Mixing inject.MixinFoodPropertiesBuilder from architectury-common.mixins.json into net.minecraft.world.food.FoodProperties$Builder
[04Mar2025 02:55:20.533] [main/DEBUG] [net.minecraftforge.coremod.transformer.CoreModBaseTransformer/COREMOD]: Transforming net/minecraft/world/effect/MobEffectInstance
[04Mar2025 02:55:20.578] [main/DEBUG] [mixin/]: Mixing ServerPlayNetworkHandlerMixin from graveyard-common.mixins.json into net.minecraft.server.network.ServerGamePacketListenerImpl
[04Mar2025 02:55:20.581] [main/DEBUG] [mixin/]: Mixing MixinServerGamePacketListenerImpl from mixins.epicfight.json into net.minecraft.server.network.ServerGamePacketListenerImpl
[04Mar2025 02:55:20.584] [main/DEBUG] [mixin/]: Mixing item.umbrella.server.ServerGamePacketListenerImplMixin from mixins.artifacts.common.json into net.minecraft.server.network.ServerGamePacketListenerImpl
[04Mar2025 02:55:20.584] [main/DEBUG] [mixin/]: Mixing swimming.server.ServerGamePacketListenerImplMixin from expandability-common.mixins.json into net.minecraft.server.network.ServerGamePacketListenerImpl
[04Mar2025 02:55:20.631] [main/DEBUG] [mixin/]: Mixing EntitySelectorOptionsMixin from armourersworkshop-compatibility-mixins.json into net.minecraft.commands.arguments.selector.options.EntitySelectorOptions
[04Mar2025 02:55:20.632] [main/DEBUG] [mixin/]: armourersworkshop-compatibility-mixins.json:EntitySelectorOptionsMixin: Class version 61 required is higher than the class version supported by the current version of Mixin (JAVA_16 supports class version 60)
[04Mar2025 02:55:20.632] [main/DEBUG] [mixin/]: Renaming synthetic method lambda$aw2$bootStrap$0(Lmoe/plushie/armourers_workshop/compatibility/core/AbstractEntitySelectorParser;)V to md376fdc$lambda$aw2$bootStrap$0$0 in armourersworkshop-compatibility-mixins.json:EntitySelectorOptionsMixin
[04Mar2025 02:55:20.678] [main/DEBUG] [mixin/]: Mixing ProtectionEnchantmentMixin from botania_xplat.mixins.json into net.minecraft.world.item.enchantment.ProtectionEnchantment
[04Mar2025 02:55:20.706] [main/DEBUG] [mixin/]: Mixing ContainerMenuMixin from mixins.deeperdarker.json into net.minecraft.world.inventory.AbstractFurnaceMenu
[04Mar2025 02:55:20.714] [main/DEBUG] [mixin/]: Mixing ContainerMenuMixin from mixins.deeperdarker.json into net.minecraft.world.inventory.DispenserMenu
[04Mar2025 02:55:20.720] [main/DEBUG] [mixin/]: Mixing ContainerMenuMixin from mixins.deeperdarker.json into net.minecraft.world.inventory.BrewingStandMenu
[04Mar2025 02:55:20.724] [main/DEBUG] [mixin/]: Mixing ContainerMenuMixin from mixins.deeperdarker.json into net.minecraft.world.inventory.BeaconMenu
[04Mar2025 02:55:20.729] [main/DEBUG] [mixin/]: Mixing StructureProcessorAccessor from cataclysm.mixins.json into net.minecraft.world.level.levelgen.structure.templatesystem.StructureProcessor
[04Mar2025 02:55:20.732] [main/DEBUG] [mixin/]: Mixing ContainerMenuMixin from mixins.deeperdarker.json into net.minecraft.world.inventory.ShulkerBoxMenu
[04Mar2025 02:55:20.741] [main/DEBUG] [mixin/]: Mixing StatsAccessor from botania_xplat.mixins.json into net.minecraft.stats.Stats
[04Mar2025 02:55:20.742] [main/DEBUG] [mixin/]: Renaming @Invoker method botania_callRegisterCustom(Ljava/lang/String;Lnet/minecraft/stats/StatFormatter;)Lnet/minecraft/resources/ResourceLocation; to botania_callRegisterCustom_$md$376fdc$0 in botania_xplat.mixins.json:StatsAccessor
[04Mar2025 02:55:20.761] [main/DEBUG] [mixin/]: Mixing ChunkGeneratorMixin from citadel.mixins.json into net.minecraft.world.level.chunk.ChunkGenerator
[04Mar2025 02:55:20.787] [main/DEBUG] [mixin/]: Mixing InventoryAccessor from botania_xplat.mixins.json into net.minecraft.world.entity.player.Inventory
[04Mar2025 02:55:20.787] [main/DEBUG] [mixin/]: Mixing MixinInventory from curios.mixins.json into net.minecraft.world.entity.player.Inventory
[04Mar2025 02:55:20.796] [main/DEBUG] [mixin/]: Mixing SlotAccessor from balm.mixins.json into net.minecraft.world.inventory.Slot
[04Mar2025 02:55:20.804] [main/DEBUG] [mixin/]: Mixing LoomMenuPatternSlotMixin from botania_xplat.mixins.json into net.minecraft.world.inventory.LoomMenu$5
[04Mar2025 02:55:20.817] [main/DEBUG] [mixin/]: Mixing accessor.ShapedRecipeAccessor from tombstone.mixins.json into net.minecraft.world.item.crafting.ShapedRecipe
[04Mar2025 02:55:20.912] [main/DEBUG] [mixin/]: Mixing EnchantRandomlyFunctionMixin from alexscaves.mixins.json into net.minecraft.world.level.storage.loot.functions.EnchantRandomlyFunction
[04Mar2025 02:55:20.912] [main/DEBUG] [mixin/]: Renaming synthetic method lambda$ac_enchantItem$0(ZLnet/minecraft/world/item/ItemStack;Lnet/minecraft/world/item/enchantment/Enchantment;)Z to md376fdc$lambda$ac_enchantItem$0$0 in alexscaves.mixins.json:EnchantRandomlyFunctionMixin
[04Mar2025 02:55:20.931] [main/DEBUG] [mixin/]: Mixing MixinLootingEnchantFunction from majruszlibrary-common.mixins.json into net.minecraft.world.level.storage.loot.functions.LootingEnchantFunction
[04Mar2025 02:55:20.942] [main/DEBUG] [mixin/]: Mixing MixinApplyBonusCount from curios.mixins.json into net.minecraft.world.level.storage.loot.functions.ApplyBonusCount
[04Mar2025 02:55:21.043] [main/DEBUG] [mixin/]: Mixing TreeFeatureMixin from graveyard-common.mixins.json into net.minecraft.world.level.levelgen.feature.TreeFeature
[04Mar2025 02:55:21.059] [main/DEBUG] [mixin/]: Mixing MultifaceGrowthFeatureMixin from alexscaves.mixins.json into net.minecraft.world.level.levelgen.feature.MultifaceGrowthFeature
[04Mar2025 02:55:21.059] [main/DEBUG] [mixin/]: Mixing NoMultifaceGrowthFeatureInStructuresMixin from cataclysm.mixins.json into net.minecraft.world.level.levelgen.feature.MultifaceGrowthFeature
[04Mar2025 02:55:21.063] [main/DEBUG] [net.minecraftforge.coremod.transformer.CoreModBaseTransformer/COREMOD]: Transforming m_226857_ with desc (Lnet/minecraft/world/level/levelgen/structure/pieces/StructurePieceSerializationContext;Lnet/minecraft/nbt/CompoundTag;J)Lnet/minecraft/world/level/levelgen/structure/StructureStart;
[04Mar2025 02:55:21.072] [main/DEBUG] [mixin/]: Mixing NoMagmaBlockInStructuresMixin from cataclysm.mixins.json into net.minecraft.world.level.levelgen.feature.UnderwaterMagmaFeature
[04Mar2025 02:55:21.078] [main/DEBUG] [mixin/]: Mixing LakeFeatureMixin from graveyard-common.mixins.json into net.minecraft.world.level.levelgen.feature.LakeFeature
[04Mar2025 02:55:21.078] [main/DEBUG] [mixin/]: Mixing NoLakesInStructuresMixin from cataclysm.mixins.json into net.minecraft.world.level.levelgen.feature.LakeFeature
[04Mar2025 02:55:21.079] [main/DEBUG] [net.minecraftforge.coremod.transformer.CoreModBaseTransformer/COREMOD]: Transforming net/minecraft/world/level/levelgen/structure/Structure
[04Mar2025 02:55:21.086] [main/DEBUG] [mixin/]: Mixing NoOreInStructuresMixin from cataclysm.mixins.json into net.minecraft.world.level.levelgen.feature.OreFeature
[04Mar2025 02:55:21.095] [main/DEBUG] [mixin/]: Mixing SeagrassFeatureMixin from alexscaves.mixins.json into net.minecraft.world.level.levelgen.feature.SeagrassFeature
[04Mar2025 02:55:21.096] [main/DEBUG] [mixin/]: Mixing KelpFeatureMixin from alexscaves.mixins.json into net.minecraft.world.level.levelgen.feature.KelpFeature
[04Mar2025 02:55:21.098] [main/DEBUG] [mixin/]: Mixing CoralFeatureMixin from alexscaves.mixins.json into net.minecraft.world.level.levelgen.feature.CoralFeature
[04Mar2025 02:55:21.106] [main/DEBUG] [mixin/]: Mixing NoBasaltColumnsInStructuresMixin from cataclysm.mixins.json into net.minecraft.world.level.levelgen.feature.BasaltColumnsFeature
[04Mar2025 02:55:21.110] [main/DEBUG] [mixin/]: Mixing NoDeltasInStructuresMixin from cataclysm.mixins.json into net.minecraft.world.level.levelgen.feature.DeltaFeature
[04Mar2025 02:55:21.117] [main/DEBUG] [mixin/]: Mixing NoGeodeInStructuresMixin from cataclysm.mixins.json into net.minecraft.world.level.levelgen.feature.GeodeFeature
[04Mar2025 02:55:21.233] [main/DEBUG] [net.minecraftforge.coremod.transformer.CoreModBaseTransformer/COREMOD]: Transforming net/minecraft/world/level/levelgen/structure/Structure
[04Mar2025 02:55:21.275] [main/DEBUG] [net.minecraftforge.coremod.transformer.CoreModBaseTransformer/COREMOD]: Transforming net/minecraft/world/level/levelgen/structure/structures/OceanRuinPieces$OceanRuinPiece
[04Mar2025 02:55:21.295] [main/DEBUG] [net.minecraftforge.coremod.transformer.CoreModBaseTransformer/COREMOD]: Transforming net/minecraft/world/level/levelgen/structure/structures/SwampHutPiece
[04Mar2025 02:55:21.315] [main/DEBUG] [mixin/]: Mixing SwampHutPieceMixin from alexscaves.mixins.json into net.minecraft.world.level.levelgen.structure.structures.SwampHutPiece
[04Mar2025 02:55:21.325] [main/WARN] [mixin/]: Mixin alexscaves.mixins.json:SwampHutPieceMixin has multiple constructors, (Lnet/minecraft/world/level/levelgen/structure/pieces/StructurePieceType;IIIIIILnet/minecraft/core/Direction;)V was selected

[04Mar2025 02:55:21.337] [main/DEBUG] [net.minecraftforge.coremod.transformer.CoreModBaseTransformer/COREMOD]: Transforming net/minecraft/world/level/levelgen/structure/structures/OceanMonumentPieces$OceanMonumentPiece
[04Mar2025 02:55:21.370] [main/DEBUG] [mixin/]: Mixing MixinEndCityPieces$EndCityPiece from lootr.mixins.json into net.minecraft.world.level.levelgen.structure.structures.EndCityPieces$EndCityPiece
[04Mar2025 02:55:21.376] [main/DEBUG] [net.minecraftforge.coremod.transformer.CoreModBaseTransformer/COREMOD]: Transforming net/minecraft/world/level/levelgen/structure/structures/WoodlandMansionPieces$WoodlandMansionPiece
[04Mar2025 02:55:21.412] [main/DEBUG] [mixin/]: Mixing JigsawStructureMixin from alexscaves.mixins.json into net.minecraft.world.level.levelgen.structure.structures.JigsawStructure
[04Mar2025 02:55:21.417] [main/DEBUG] [mixin/]: Mixing StructureTemplatePoolAccessor from waystones.mixins.json into net.minecraft.world.level.levelgen.structure.pools.StructureTemplatePool
[04Mar2025 02:55:21.418] [main/DEBUG] [mixin/]: Mixing accessor.StructureTemplatePoolAccessor from cataclysm.mixins.json into net.minecraft.world.level.levelgen.structure.pools.StructureTemplatePool
[04Mar2025 02:55:21.421] [main/DEBUG] [mixin/]: Unexpected: Registered method getRawTemplates()Ljava/util/List; in net.minecraft.world.level.levelgen.structure.pools.StructureTemplatePool was not merged
[04Mar2025 02:55:21.433] [main/DEBUG] [mixin/]: Mixing OceanMonumentStructureMixin from alexscaves.mixins.json into net.minecraft.world.level.levelgen.structure.structures.OceanMonumentStructure
[04Mar2025 02:55:21.444] [main/DEBUG] [mixin/]: Mixing ShipwreckStructureMixin from alexscaves.mixins.json into net.minecraft.world.level.levelgen.structure.structures.ShipwreckStructure
[04Mar2025 02:55:21.472] [main/DEBUG] [mixin/]: Mixing PlacementContextMixin from botania_xplat.mixins.json into net.minecraft.world.level.levelgen.placement.PlacementContext
[04Mar2025 02:55:21.537] [main/DEBUG] [mixin/]: Mixing BiomeSourceMixin from alexscaves.mixins.json into net.minecraft.world.level.biome.BiomeSource
[04Mar2025 02:55:21.542] [main/DEBUG] [mixin/]: Mixing MixinBiomeSource from terrablender.mixins.json into net.minecraft.world.level.biome.BiomeSource
[04Mar2025 02:55:21.542] [main/DEBUG] [mixin/]: Renaming synthetic method lambda$appendDeferredBiomesList$0(Lcom/google/common/collect/ImmutableList;)Ljava/util/Set; to md376fdc$lambda$appendDeferredBiomesList$0$0 in terrablender.mixins.json:MixinBiomeSource
[04Mar2025 02:55:21.552] [main/DEBUG] [net.minecraftforge.coremod.transformer.CoreModBaseTransformer/COREMOD]: Transforming net/minecraft/world/level/biome/Biome
[04Mar2025 02:55:21.553] [main/DEBUG] [mixin/]: Mixing BiomeAccessor from botania_xplat.mixins.json into net.minecraft.world.level.biome.Biome
[04Mar2025 02:55:21.597] [main/DEBUG] [mixin/]: Mixing MultiNoiseBiomeSourceMixin from alexscaves.mixins.json into net.minecraft.world.level.biome.MultiNoiseBiomeSource
[04Mar2025 02:55:21.600] [main/DEBUG] [mixin/]: Mixing MixinMultiNoiseBiomeSource from terrablender.mixins.json into net.minecraft.world.level.biome.MultiNoiseBiomeSource
[04Mar2025 02:55:21.605] [main/DEBUG] [mixin/]: Mixing MixinParameterList from terrablender.mixins.json into net.minecraft.world.level.biome.Climate$ParameterList
[04Mar2025 02:55:21.605] [main/DEBUG] [mixin/]: Renaming synthetic method lambda$initializeForTerraBlender$0(Lnet/minecraft/core/Registry;Lcom/google/common/collect/ImmutableList$Builder;Lcom/mojang/datafixers/util/Pair;)V to md376fdc$lambda$initializeForTerraBlender$0$0 in terrablender.mixins.json:MixinParameterList
[04Mar2025 02:55:21.628] [main/DEBUG] [mixin/]: Mixing NoiseBasedChunkGeneratorMixin from citadel.mixins.json into net.minecraft.world.level.levelgen.NoiseBasedChunkGenerator
[04Mar2025 02:55:21.638] [main/DEBUG] [mixin/]: Mixing MixinNoiseGeneratorSettings from terrablender.mixins.json into net.minecraft.world.level.levelgen.NoiseGeneratorSettings
[04Mar2025 02:55:21.750] [main/DEBUG] [mixin/]: Mixing SinglePoolElementMixin from waystones.mixins.json into net.minecraft.world.level.levelgen.structure.pools.SinglePoolElement
[04Mar2025 02:55:21.751] [main/DEBUG] [mixin/]: Renaming synthetic method lambda$waystones$isWaystone$1(Lnet/minecraft/world/level/levelgen/structure/templatesystem/StructureTemplate;)V to md376fdc$lambda$waystones$isWaystone$1$0 in waystones.mixins.json:SinglePoolElementMixin
[04Mar2025 02:55:21.751] [main/DEBUG] [mixin/]: Renaming synthetic method lambda$waystones$isWaystone$0(Lnet/minecraft/resources/ResourceLocation;)V to md376fdc$lambda$waystones$isWaystone$0$1 in waystones.mixins.json:SinglePoolElementMixin
[04Mar2025 02:55:21.754] [main/DEBUG] [mixin/]: Mixing accessor.SinglePoolElementAccessor from cataclysm.mixins.json into net.minecraft.world.level.levelgen.structure.pools.SinglePoolElement
[04Mar2025 02:55:21.762] [main/DEBUG] [mixin/]: Mixing accessor.ListPoolElementAccessor from cataclysm.mixins.json into net.minecraft.world.level.levelgen.structure.pools.ListPoolElement
[04Mar2025 02:55:21.773] [main/DEBUG] [mixin/]: Mixing accessor.FeaturePoolElementAccessor from cataclysm.mixins.json into net.minecraft.world.level.levelgen.structure.pools.FeaturePoolElement
[04Mar2025 02:55:21.943] [main/DEBUG] [net.minecraftforge.common.ForgeI18n/CORE]: Loading I18N data entries: 6430
[04Mar2025 02:55:21.964] [main/DEBUG] [net.minecraftforge.fml.ModWorkManager/LOADING]: Using 4 threads for parallel mod-loading
[04Mar2025 02:55:21.969] [main/DEBUG] [net.minecraftforge.fml.javafmlmod.FMLJavaModLanguageProvider/LOADING]: Loading FMLModContainer from classloader cpw.mods.modlauncher.TransformingClassLoader@766a52f5 - got cpw.mods.cl.ModuleClassLoader@7b208b45
[04Mar2025 02:55:21.969] [main/DEBUG] [net.minecraftforge.fml.javafmlmod.FMLModContainer/LOADING]: Creating FMLModContainer instance for net.tslat.smartbrainlib.SmartBrainLib
[04Mar2025 02:55:21.974] [main/DEBUG] [net.minecraftforge.fml.javafmlmod.FMLJavaModLanguageProvider/LOADING]: Loading FMLModContainer from classloader cpw.mods.modlauncher.TransformingClassLoader@766a52f5 - got cpw.mods.cl.ModuleClassLoader@7b208b45
[04Mar2025 02:55:21.974] [main/DEBUG] [net.minecraftforge.fml.javafmlmod.FMLModContainer/LOADING]: Creating FMLModContainer instance for org.cyclops.cyclopscore.CyclopsCore
[04Mar2025 02:55:21.978] [main/DEBUG] [net.minecraftforge.fml.javafmlmod.FMLJavaModLanguageProvider/LOADING]: Loading FMLModContainer from classloader cpw.mods.modlauncher.TransformingClassLoader@766a52f5 - got cpw.mods.cl.ModuleClassLoader@7b208b45
[04Mar2025 02:55:21.978] [main/DEBUG] [net.minecraftforge.fml.javafmlmod.FMLModContainer/LOADING]: Creating FMLModContainer instance for net.blay09.mods.kuma.forge.ForgeKumaAPI
[04Mar2025 02:55:21.979] [main/DEBUG] [net.minecraftforge.fml.javafmlmod.FMLJavaModLanguageProvider/LOADING]: Loading FMLModContainer from classloader cpw.mods.modlauncher.TransformingClassLoader@766a52f5 - got cpw.mods.cl.ModuleClassLoader@7b208b45
[04Mar2025 02:55:21.979] [main/DEBUG] [net.minecraftforge.fml.javafmlmod.FMLModContainer/LOADING]: Creating FMLModContainer instance for com.blakebr0.cucumber.Cucumber
[04Mar2025 02:55:21.980] [main/DEBUG] [net.minecraftforge.fml.javafmlmod.FMLJavaModLanguageProvider/LOADING]: Loading FMLModContainer from classloader cpw.mods.modlauncher.TransformingClassLoader@766a52f5 - got cpw.mods.cl.ModuleClassLoader@7b208b45
[04Mar2025 02:55:21.980] [main/DEBUG] [net.minecraftforge.fml.javafmlmod.FMLModContainer/LOADING]: Creating FMLModContainer instance for illusiononslaught.IllusionOnslaughtMod
[04Mar2025 02:55:21.980] [main/DEBUG] [net.minecraftforge.fml.javafmlmod.FMLJavaModLanguageProvider/LOADING]: Loading FMLModContainer from classloader cpw.mods.modlauncher.TransformingClassLoader@766a52f5 - got cpw.mods.cl.ModuleClassLoader@7b208b45
[04Mar2025 02:55:21.980] [main/DEBUG] [net.minecraftforge.fml.javafmlmod.FMLModContainer/LOADING]: Creating FMLModContainer instance for software.bernie.example.GeckoLibMod
[04Mar2025 02:55:21.981] [main/DEBUG] [net.minecraftforge.fml.javafmlmod.FMLJavaModLanguageProvider/LOADING]: Loading FMLModContainer from classloader cpw.mods.modlauncher.TransformingClassLoader@766a52f5 - got cpw.mods.cl.ModuleClassLoader@7b208b45
[04Mar2025 02:55:21.981] [main/DEBUG] [net.minecraftforge.fml.javafmlmod.FMLModContainer/LOADING]: Creating FMLModContainer instance for com.lion.graveyard.forge.GraveyardForge
[04Mar2025 02:55:21.982] [main/DEBUG] [net.minecraftforge.fml.javafmlmod.FMLJavaModLanguageProvider/LOADING]: Loading FMLModContainer from classloader cpw.mods.modlauncher.TransformingClassLoader@766a52f5 - got cpw.mods.cl.ModuleClassLoader@7b208b45
[04Mar2025 02:55:21.982] [main/DEBUG] [net.minecraftforge.fml.javafmlmod.FMLModContainer/LOADING]: Creating FMLModContainer instance for top.theillusivec4.caelus.Caelus
[04Mar2025 02:55:21.982] [main/DEBUG] [net.minecraftforge.fml.javafmlmod.FMLJavaModLanguageProvider/LOADING]: Loading FMLModContainer from classloader cpw.mods.modlauncher.TransformingClassLoader@766a52f5 - got cpw.mods.cl.ModuleClassLoader@7b208b45
[04Mar2025 02:55:21.983] [main/DEBUG] [net.minecraftforge.fml.javafmlmod.FMLModContainer/LOADING]: Creating FMLModContainer instance for net.blay09.mods.waystones.ForgeWaystones
[04Mar2025 02:55:21.983] [main/DEBUG] [net.minecraftforge.fml.javafmlmod.FMLJavaModLanguageProvider/LOADING]: Loading FMLModContainer from classloader cpw.mods.modlauncher.TransformingClassLoader@766a52f5 - got cpw.mods.cl.ModuleClassLoader@7b208b45
[04Mar2025 02:55:21.984] [main/DEBUG] [net.minecraftforge.fml.javafmlmod.FMLModContainer/LOADING]: Creating FMLModContainer instance for net.mcreator.rpgstats.RpgstatsMod
[04Mar2025 02:55:21.984] [main/DEBUG] [net.minecraftforge.fml.javafmlmod.FMLJavaModLanguageProvider/LOADING]: Loading FMLModContainer from classloader cpw.mods.modlauncher.TransformingClassLoader@766a52f5 - got cpw.mods.cl.ModuleClassLoader@7b208b45
[04Mar2025 02:55:21.984] [main/DEBUG] [net.minecraftforge.fml.javafmlmod.FMLModContainer/LOADING]: Creating FMLModContainer instance for yesman.epicfight.main.EpicFightMod
[04Mar2025 02:55:21.985] [main/DEBUG] [net.minecraftforge.fml.javafmlmod.FMLJavaModLanguageProvider/LOADING]: Loading FMLModContainer from classloader cpw.mods.modlauncher.TransformingClassLoader@766a52f5 - got cpw.mods.cl.ModuleClassLoader@7b208b45
[04Mar2025 02:55:21.985] [main/DEBUG] [net.minecraftforge.fml.javafmlmod.FMLModContainer/LOADING]: Creating FMLModContainer instance for com.github.alexthe666.citadel.Citadel
[04Mar2025 02:55:21.986] [main/DEBUG] [net.minecraftforge.fml.javafmlmod.FMLJavaModLanguageProvider/LOADING]: Loading FMLModContainer from classloader cpw.mods.modlauncher.TransformingClassLoader@766a52f5 - got cpw.mods.cl.ModuleClassLoader@7b208b45
[04Mar2025 02:55:21.987] [main/DEBUG] [net.minecraftforge.fml.javafmlmod.FMLModContainer/LOADING]: Creating FMLModContainer instance for artifacts.forge.ArtifactsForge
[04Mar2025 02:55:21.987] [main/DEBUG] [net.minecraftforge.fml.javafmlmod.FMLJavaModLanguageProvider/LOADING]: Loading FMLModContainer from classloader cpw.mods.modlauncher.TransformingClassLoader@766a52f5 - got cpw.mods.cl.ModuleClassLoader@7b208b45
[04Mar2025 02:55:21.987] [main/DEBUG] [net.minecraftforge.fml.javafmlmod.FMLModContainer/LOADING]: Creating FMLModContainer instance for org.cyclops.evilcraft.EvilCraft
[04Mar2025 02:55:21.989] [main/DEBUG] [net.minecraftforge.fml.javafmlmod.FMLJavaModLanguageProvider/LOADING]: Loading FMLModContainer from classloader cpw.mods.modlauncher.TransformingClassLoader@766a52f5 - got cpw.mods.cl.ModuleClassLoader@7b208b45
[04Mar2025 02:55:21.989] [main/DEBUG] [net.minecraftforge.fml.javafmlmod.FMLModContainer/LOADING]: Creating FMLModContainer instance for org.cyclops.evilcraftcompat.EvilCraftCompat
[04Mar2025 02:55:21.989] [main/DEBUG] [net.minecraftforge.fml.javafmlmod.FMLJavaModLanguageProvider/LOADING]: Loading FMLModContainer from classloader cpw.mods.modlauncher.TransformingClassLoader@766a52f5 - got cpw.mods.cl.ModuleClassLoader@7b208b45
[04Mar2025 02:55:21.990] [main/DEBUG] [net.minecraftforge.fml.javafmlmod.FMLModContainer/LOADING]: Creating FMLModContainer instance for com.llamalad7.mixinextras.platform.forge.MixinExtrasMod
[04Mar2025 02:55:21.990] [main/DEBUG] [net.minecraftforge.fml.javafmlmod.FMLJavaModLanguageProvider/LOADING]: Loading FMLModContainer from classloader cpw.mods.modlauncher.TransformingClassLoader@766a52f5 - got cpw.mods.cl.ModuleClassLoader@7b208b45
[04Mar2025 02:55:21.990] [main/DEBUG] [net.minecraftforge.fml.javafmlmod.FMLModContainer/LOADING]: Creating FMLModContainer instance for glitchcore.forge.GlitchCoreForge
[04Mar2025 02:55:21.991] [main/DEBUG] [net.minecraftforge.fml.javafmlmod.FMLJavaModLanguageProvider/LOADING]: Loading FMLModContainer from classloader cpw.mods.modlauncher.TransformingClassLoader@766a52f5 - got cpw.mods.cl.ModuleClassLoader@7b208b45
[04Mar2025 02:55:21.991] [main/DEBUG] [net.minecraftforge.fml.javafmlmod.FMLModContainer/LOADING]: Creating FMLModContainer instance for it.hurts.sskirillss.relics.Relics
[04Mar2025 02:55:21.991] [main/DEBUG] [net.minecraftforge.fml.javafmlmod.FMLJavaModLanguageProvider/LOADING]: Loading FMLModContainer from classloader cpw.mods.modlauncher.TransformingClassLoader@766a52f5 - got cpw.mods.cl.ModuleClassLoader@7b208b45
[04Mar2025 02:55:21.991] [main/DEBUG] [net.minecraftforge.fml.javafmlmod.FMLModContainer/LOADING]: Creating FMLModContainer instance for net.blay09.mods.balm.forge.ForgeBalm
[04Mar2025 02:55:21.992] [main/DEBUG] [net.minecraftforge.fml.javafmlmod.FMLJavaModLanguageProvider/LOADING]: Loading FMLModContainer from classloader cpw.mods.modlauncher.TransformingClassLoader@766a52f5 - got cpw.mods.cl.ModuleClassLoader@7b208b45
[04Mar2025 02:55:21.992] [main/DEBUG] [net.minecraftforge.fml.javafmlmod.FMLModContainer/LOADING]: Creating FMLModContainer instance for me.shedaniel.clothconfig.ClothConfigForge
[04Mar2025 02:55:21.993] [main/DEBUG] [net.minecraftforge.fml.javafmlmod.FMLJavaModLanguageProvider/LOADING]: Loading FMLModContainer from classloader cpw.mods.modlauncher.TransformingClassLoader@766a52f5 - got cpw.mods.cl.ModuleClassLoader@7b208b45
[04Mar2025 02:55:21.993] [main/DEBUG] [net.minecraftforge.fml.javafmlmod.FMLModContainer/LOADING]: Creating FMLModContainer instance for net.minecraftforge.common.ForgeMod
[04Mar2025 02:55:21.995] [main/DEBUG] [net.minecraftforge.fml.javafmlmod.FMLJavaModLanguageProvider/LOADING]: Loading FMLModContainer from classloader cpw.mods.modlauncher.TransformingClassLoader@766a52f5 - got cpw.mods.cl.ModuleClassLoader@7b208b45
[04Mar2025 02:55:21.995] [main/DEBUG] [net.minecraftforge.fml.javafmlmod.FMLModContainer/LOADING]: Creating FMLModContainer instance for twilightforest.TwilightForestMod
[04Mar2025 02:55:21.997] [main/DEBUG] [net.minecraftforge.fml.javafmlmod.FMLJavaModLanguageProvider/LOADING]: Loading FMLModContainer from classloader cpw.mods.modlauncher.TransformingClassLoader@766a52f5 - got cpw.mods.cl.ModuleClassLoader@7b208b45
[04Mar2025 02:55:21.997] [main/DEBUG] [net.minecraftforge.fml.javafmlmod.FMLModContainer/LOADING]: Creating FMLModContainer instance for com.blakebr0.mysticalagriculture.MysticalAgriculture
[04Mar2025 02:55:21.997] [main/DEBUG] [net.minecraftforge.fml.javafmlmod.FMLJavaModLanguageProvider/LOADING]: Loading FMLModContainer from classloader cpw.mods.modlauncher.TransformingClassLoader@766a52f5 - got cpw.mods.cl.ModuleClassLoader@7b208b45
[04Mar2025 02:55:21.997] [main/DEBUG] [net.minecraftforge.fml.javafmlmod.FMLModContainer/LOADING]: Creating FMLModContainer instance for net.aurelj.dungeons_arise.DungeonsAriseMain
[04Mar2025 02:55:21.998] [main/DEBUG] [net.minecraftforge.fml.javafmlmod.FMLJavaModLanguageProvider/LOADING]: Loading FMLModContainer from classloader cpw.mods.modlauncher.TransformingClassLoader@766a52f5 - got cpw.mods.cl.ModuleClassLoader@7b208b45
[04Mar2025 02:55:21.998] [main/DEBUG] [net.minecraftforge.fml.javafmlmod.FMLModContainer/LOADING]: Creating FMLModContainer instance for net.mcreator.rpgstylemoreweapons.RpgsmwMod
[04Mar2025 02:55:21.999] [main/DEBUG] [net.minecraftforge.fml.javafmlmod.FMLJavaModLanguageProvider/LOADING]: Loading FMLModContainer from classloader cpw.mods.modlauncher.TransformingClassLoader@766a52f5 - got cpw.mods.cl.ModuleClassLoader@7b208b45
[04Mar2025 02:55:21.999] [main/DEBUG] [net.minecraftforge.fml.javafmlmod.FMLModContainer/LOADING]: Creating FMLModContainer instance for net.mcreator.terramity.TerramityMod
[04Mar2025 02:55:21.999] [main/DEBUG] [net.minecraftforge.fml.javafmlmod.FMLJavaModLanguageProvider/LOADING]: Loading FMLModContainer from classloader cpw.mods.modlauncher.TransformingClassLoader@766a52f5 - got cpw.mods.cl.ModuleClassLoader@7b208b45
[04Mar2025 02:55:22.000] [main/DEBUG] [net.minecraftforge.fml.javafmlmod.FMLModContainer/LOADING]: Creating FMLModContainer instance for com.github.alexmodguy.alexscaves.AlexsCaves
[04Mar2025 02:55:22.001] [main/DEBUG] [net.minecraftforge.fml.javafmlmod.FMLJavaModLanguageProvider/LOADING]: Loading FMLModContainer from classloader cpw.mods.modlauncher.TransformingClassLoader@766a52f5 - got cpw.mods.cl.ModuleClassLoader@7b208b45
[04Mar2025 02:55:22.001] [main/DEBUG] [net.minecraftforge.fml.javafmlmod.FMLModContainer/LOADING]: Creating FMLModContainer instance for terrablender.core.TerraBlenderForge
[04Mar2025 02:55:22.001] [main/DEBUG] [net.minecraftforge.fml.javafmlmod.FMLJavaModLanguageProvider/LOADING]: Loading FMLModContainer from classloader cpw.mods.modlauncher.TransformingClassLoader@766a52f5 - got cpw.mods.cl.ModuleClassLoader@7b208b45
[04Mar2025 02:55:22.001] [main/DEBUG] [net.minecraftforge.fml.javafmlmod.FMLModContainer/LOADING]: Creating FMLModContainer instance for biomesoplenty.forge.core.BiomesOPlentyForge
[04Mar2025 02:55:22.002] [main/DEBUG] [net.minecraftforge.fml.javafmlmod.FMLJavaModLanguageProvider/LOADING]: Loading FMLModContainer from classloader cpw.mods.modlauncher.TransformingClassLoader@766a52f5 - got cpw.mods.cl.ModuleClassLoader@7b208b45
[04Mar2025 02:55:22.002] [main/DEBUG] [net.minecraftforge.fml.javafmlmod.FMLModContainer/LOADING]: Creating FMLModContainer instance for vazkii.botania.forge.ForgeCommonInitializer
[04Mar2025 02:55:22.005] [main/DEBUG] [net.minecraftforge.fml.javafmlmod.FMLJavaModLanguageProvider/LOADING]: Loading FMLModContainer from classloader cpw.mods.modlauncher.TransformingClassLoader@766a52f5 - got cpw.mods.cl.ModuleClassLoader@7b208b45
[04Mar2025 02:55:22.005] [main/DEBUG] [net.minecraftforge.fml.javafmlmod.FMLModContainer/LOADING]: Creating FMLModContainer instance for net.mcreator.borninchaosv.BornInChaosV1Mod
[04Mar2025 02:55:22.006] [main/DEBUG] [net.minecraftforge.fml.javafmlmod.FMLJavaModLanguageProvider/LOADING]: Loading FMLModContainer from classloader cpw.mods.modlauncher.TransformingClassLoader@766a52f5 - got cpw.mods.cl.ModuleClassLoader@7b208b45
[04Mar2025 02:55:22.006] [main/DEBUG] [net.minecraftforge.fml.javafmlmod.FMLModContainer/LOADING]: Creating FMLModContainer instance for com.github.L_Ender.lionfishapi.LionfishAPI
[04Mar2025 02:55:22.007] [main/DEBUG] [net.minecraftforge.fml.javafmlmod.FMLJavaModLanguageProvider/LOADING]: Loading FMLModContainer from classloader cpw.mods.modlauncher.TransformingClassLoader@766a52f5 - got cpw.mods.cl.ModuleClassLoader@7b208b45
[04Mar2025 02:55:22.007] [main/DEBUG] [net.minecraftforge.fml.javafmlmod.FMLModContainer/LOADING]: Creating FMLModContainer instance for com.ldtteam.domumornamentum.DomumOrnamentum
[04Mar2025 02:55:22.007] [main/DEBUG] [net.minecraftforge.fml.javafmlmod.FMLJavaModLanguageProvider/LOADING]: Loading FMLModContainer from classloader cpw.mods.modlauncher.TransformingClassLoader@766a52f5 - got cpw.mods.cl.ModuleClassLoader@7b208b45
[04Mar2025 02:55:22.007] [main/DEBUG] [net.minecraftforge.fml.javafmlmod.FMLModContainer/LOADING]: Creating FMLModContainer instance for de.maxhenkel.easyvillagers.Main
[04Mar2025 02:55:22.008] [main/DEBUG] [net.minecraftforge.fml.javafmlmod.FMLJavaModLanguageProvider/LOADING]: Loading FMLModContainer from classloader cpw.mods.modlauncher.TransformingClassLoader@766a52f5 - got cpw.mods.cl.ModuleClassLoader@7b208b45
[04Mar2025 02:55:22.008] [main/DEBUG] [net.minecraftforge.fml.javafmlmod.FMLModContainer/LOADING]: Creating FMLModContainer instance for com.github.L_Ender.cataclysm.Cataclysm
[04Mar2025 02:55:22.009] [main/DEBUG] [net.minecraftforge.fml.javafmlmod.FMLJavaModLanguageProvider/LOADING]: Loading FMLModContainer from classloader cpw.mods.modlauncher.TransformingClassLoader@766a52f5 - got cpw.mods.cl.ModuleClassLoader@7b208b45
[04Mar2025 02:55:22.009] [main/DEBUG] [net.minecraftforge.fml.javafmlmod.FMLModContainer/LOADING]: Creating FMLModContainer instance for top.theillusivec4.curios.Curios
[04Mar2025 02:55:22.010] [main/DEBUG] [net.minecraftforge.fml.javafmlmod.FMLJavaModLanguageProvider/LOADING]: Loading FMLModContainer from classloader cpw.mods.modlauncher.TransformingClassLoader@766a52f5 - got cpw.mods.cl.ModuleClassLoader@7b208b45
[04Mar2025 02:55:22.010] [main/DEBUG] [net.minecraftforge.fml.javafmlmod.FMLModContainer/LOADING]: Creating FMLModContainer instance for vazkii.patchouli.forge.common.ForgeModInitializer
[04Mar2025 02:55:22.010] [main/DEBUG] [net.minecraftforge.fml.javafmlmod.FMLJavaModLanguageProvider/LOADING]: Loading FMLModContainer from classloader cpw.mods.modlauncher.TransformingClassLoader@766a52f5 - got cpw.mods.cl.ModuleClassLoader@7b208b45
[04Mar2025 02:55:22.010] [main/DEBUG] [net.minecraftforge.fml.javafmlmod.FMLModContainer/LOADING]: Creating FMLModContainer instance for com.ldtteam.blockui.mod.BlockUI
[04Mar2025 02:55:22.011] [main/DEBUG] [net.minecraftforge.fml.javafmlmod.FMLJavaModLanguageProvider/LOADING]: Loading FMLModContainer from classloader cpw.mods.modlauncher.TransformingClassLoader@766a52f5 - got cpw.mods.cl.ModuleClassLoader@7b208b45
[04Mar2025 02:55:22.011] [main/DEBUG] [net.minecraftforge.fml.javafmlmod.FMLModContainer/LOADING]: Creating FMLModContainer instance for moe.plushie.armourers_workshop.compatibility.forge.AbstractForgeInitializer
[04Mar2025 02:55:22.011] [main/DEBUG] [net.minecraftforge.fml.javafmlmod.FMLJavaModLanguageProvider/LOADING]: Loading FMLModContainer from classloader cpw.mods.modlauncher.TransformingClassLoader@766a52f5 - got cpw.mods.cl.ModuleClassLoader@7b208b45
[04Mar2025 02:55:22.011] [main/DEBUG] [net.minecraftforge.fml.javafmlmod.FMLModContainer/LOADING]: Creating FMLModContainer instance for com.kwpugh.gobber2.Gobber2
[04Mar2025 02:55:22.012] [main/DEBUG] [net.minecraftforge.fml.javafmlmod.FMLJavaModLanguageProvider/LOADING]: Loading FMLModContainer from classloader cpw.mods.modlauncher.TransformingClassLoader@766a52f5 - got cpw.mods.cl.ModuleClassLoader@7b208b45
[04Mar2025 02:55:22.012] [main/DEBUG] [net.minecraftforge.fml.javafmlmod.FMLModContainer/LOADING]: Creating FMLModContainer instance for ovh.corail.tombstone.ModTombstone
[04Mar2025 02:55:22.012] [main/DEBUG] [net.minecraftforge.fml.javafmlmod.FMLJavaModLanguageProvider/LOADING]: Loading FMLModContainer from classloader cpw.mods.modlauncher.TransformingClassLoader@766a52f5 - got cpw.mods.cl.ModuleClassLoader@7b208b45
[04Mar2025 02:55:22.013] [main/DEBUG] [net.minecraftforge.fml.javafmlmod.FMLModContainer/LOADING]: Creating FMLModContainer instance for com.ldtteam.structurize.Structurize
[04Mar2025 02:55:22.013] [main/DEBUG] [net.minecraftforge.fml.javafmlmod.FMLJavaModLanguageProvider/LOADING]: Loading FMLModContainer from classloader cpw.mods.modlauncher.TransformingClassLoader@766a52f5 - got cpw.mods.cl.ModuleClassLoader@7b208b45
[04Mar2025 02:55:22.013] [main/DEBUG] [net.minecraftforge.fml.javafmlmod.FMLModContainer/LOADING]: Creating FMLModContainer instance for com.klikli_dev.modonomicon.ModonomiconForge
[04Mar2025 02:55:22.014] [main/DEBUG] [net.minecraftforge.fml.javafmlmod.FMLJavaModLanguageProvider/LOADING]: Loading FMLModContainer from classloader cpw.mods.modlauncher.TransformingClassLoader@766a52f5 - got cpw.mods.cl.ModuleClassLoader@7b208b45
[04Mar2025 02:55:22.014] [main/DEBUG] [net.minecraftforge.fml.javafmlmod.FMLModContainer/LOADING]: Creating FMLModContainer instance for com.minecolonies.core.MineColonies
[04Mar2025 02:55:22.015] [main/DEBUG] [net.minecraftforge.fml.javafmlmod.FMLJavaModLanguageProvider/LOADING]: Loading FMLModContainer from classloader cpw.mods.modlauncher.TransformingClassLoader@766a52f5 - got cpw.mods.cl.ModuleClassLoader@7b208b45
[04Mar2025 02:55:22.015] [main/DEBUG] [net.minecraftforge.fml.javafmlmod.FMLModContainer/LOADING]: Creating FMLModContainer instance for com.kyanite.deeperdarker.DeeperDarker
[04Mar2025 02:55:22.016] [main/DEBUG] [net.minecraftforge.fml.javafmlmod.FMLJavaModLanguageProvider/LOADING]: Loading FMLModContainer from classloader cpw.mods.modlauncher.TransformingClassLoader@766a52f5 - got cpw.mods.cl.ModuleClassLoader@7b208b45
[04Mar2025 02:55:22.016] [main/DEBUG] [net.minecraftforge.fml.javafmlmod.FMLModContainer/LOADING]: Creating FMLModContainer instance for dev.architectury.forge.ArchitecturyForge
[04Mar2025 02:55:22.016] [main/DEBUG] [net.minecraftforge.fml.javafmlmod.FMLJavaModLanguageProvider/LOADING]: Loading FMLModContainer from classloader cpw.mods.modlauncher.TransformingClassLoader@766a52f5 - got cpw.mods.cl.ModuleClassLoader@7b208b45
[04Mar2025 02:55:22.016] [main/DEBUG] [net.minecraftforge.fml.javafmlmod.FMLModContainer/LOADING]: Creating FMLModContainer instance for it.hurts.octostudios.octolib.forge.OctoLibForge
[04Mar2025 02:55:22.016] [main/DEBUG] [net.minecraftforge.fml.javafmlmod.FMLJavaModLanguageProvider/LOADING]: Loading FMLModContainer from classloader cpw.mods.modlauncher.TransformingClassLoader@766a52f5 - got cpw.mods.cl.ModuleClassLoader@7b208b45
[04Mar2025 02:55:22.017] [main/DEBUG] [net.minecraftforge.fml.javafmlmod.FMLModContainer/LOADING]: Creating FMLModContainer instance for net.sweenus.simplyswords.forge.SimplySwordsForge
[04Mar2025 02:55:22.017] [main/DEBUG] [net.minecraftforge.fml.javafmlmod.FMLJavaModLanguageProvider/LOADING]: Loading FMLModContainer from classloader cpw.mods.modlauncher.TransformingClassLoader@766a52f5 - got cpw.mods.cl.ModuleClassLoader@7b208b45
[04Mar2025 02:55:22.017] [main/DEBUG] [net.minecraftforge.fml.javafmlmod.FMLModContainer/LOADING]: Creating FMLModContainer instance for noobanidus.mods.lootr.Lootr
[04Mar2025 02:55:22.018] [main/DEBUG] [net.minecraftforge.fml.javafmlmod.FMLJavaModLanguageProvider/LOADING]: Loading FMLModContainer from classloader cpw.mods.modlauncher.TransformingClassLoader@766a52f5 - got cpw.mods.cl.ModuleClassLoader@7b208b45
[04Mar2025 02:55:22.018] [main/DEBUG] [net.minecraftforge.fml.javafmlmod.FMLModContainer/LOADING]: Creating FMLModContainer instance for com.klikli_dev.occultism.Occultism
[04Mar2025 02:55:22.019] [main/DEBUG] [net.minecraftforge.fml.javafmlmod.FMLJavaModLanguageProvider/LOADING]: Loading FMLModContainer from classloader cpw.mods.modlauncher.TransformingClassLoader@766a52f5 - got cpw.mods.cl.ModuleClassLoader@7b208b45
[04Mar2025 02:55:22.019] [main/DEBUG] [net.minecraftforge.fml.javafmlmod.FMLModContainer/LOADING]: Creating FMLModContainer instance for com.majruszsenchantments.Initializer
[04Mar2025 02:55:22.019] [main/DEBUG] [net.minecraftforge.fml.javafmlmod.FMLJavaModLanguageProvider/LOADING]: Loading FMLModContainer from classloader cpw.mods.modlauncher.TransformingClassLoader@766a52f5 - got cpw.mods.cl.ModuleClassLoader@7b208b45
[04Mar2025 02:55:22.019] [main/DEBUG] [net.minecraftforge.fml.javafmlmod.FMLModContainer/LOADING]: Creating FMLModContainer instance for be.florens.expandability.forge.ExpandAbilityForge
[04Mar2025 02:55:22.020] [main/DEBUG] [net.minecraftforge.fml.javafmlmod.FMLJavaModLanguageProvider/LOADING]: Loading FMLModContainer from classloader cpw.mods.modlauncher.TransformingClassLoader@766a52f5 - got cpw.mods.cl.ModuleClassLoader@7b208b45
[04Mar2025 02:55:22.020] [main/DEBUG] [net.minecraftforge.fml.javafmlmod.FMLModContainer/LOADING]: Creating FMLModContainer instance for com.majruszlibrary.Initializer
[04Mar2025 02:55:22.065] [modloading-worker-0/DEBUG] [net.minecraftforge.fml.javafmlmod.AutomaticEventSubscriber/LOADING]: Attempting to inject @EventBusSubscriber classes into the eventbus for kuma_api
[04Mar2025 02:55:22.151] [modloading-worker-0/DEBUG] [net.minecraftforge.fml.javafmlmod.AutomaticEventSubscriber/LOADING]: Attempting to inject @EventBusSubscriber classes into the eventbus for smartbrainlib
[04Mar2025 02:55:22.178] [modloading-worker-0/DEBUG] [net.minecraftforge.fml.javafmlmod.AutomaticEventSubscriber/LOADING]: Attempting to inject @EventBusSubscriber classes into the eventbus for geckolib
[04Mar2025 02:55:22.183] [modloading-worker-0/DEBUG] [net.minecraftforge.fml.javafmlmod.AutomaticEventSubscriber/LOADING]: Auto-subscribing software.bernie.example.GeckoLibMod to FORGE
[04Mar2025 02:55:22.183] [modloading-worker-0/DEBUG] [net.minecraftforge.fml.javafmlmod.AutomaticEventSubscriber/LOADING]: Auto-subscribing software.bernie.example.CommonListener to MOD
[04Mar2025 02:55:22.204] [modloading-worker-0/DEBUG] [net.minecraftforge.fml.config.ConfigTracker/CONFIG]: Config file cucumber-client.toml for cucumber tracking
[04Mar2025 02:55:22.204] [modloading-worker-0/DEBUG] [net.minecraftforge.fml.config.ConfigTracker/CONFIG]: Config file cucumber-common.toml for cucumber tracking
[04Mar2025 02:55:22.204] [modloading-worker-0/DEBUG] [net.minecraftforge.fml.javafmlmod.AutomaticEventSubscriber/LOADING]: Attempting to inject @EventBusSubscriber classes into the eventbus for cucumber
[04Mar2025 02:55:22.205] [modloading-worker-0/DEBUG] [mixin/]: Mixing MixinCaelusApi from caelus.mixins.json into top.theillusivec4.caelus.api.CaelusApi
[04Mar2025 02:55:22.210] [modloading-worker-0/DEBUG] [net.minecraftforge.fml.javafmlmod.AutomaticEventSubscriber/LOADING]: Attempting to inject @EventBusSubscriber classes into the eventbus for caelus
[04Mar2025 02:55:22.237] [modloading-worker-0/DEBUG] [mixin/]: Mixing CriteriaTriggersAccessor from botania_xplat.mixins.json into net.minecraft.advancements.CriteriaTriggers
[04Mar2025 02:55:22.238] [modloading-worker-0/DEBUG] [mixin/]: Renaming @Invoker method botania_register(Lnet/minecraft/advancements/CriterionTrigger;)Lnet/minecraft/advancements/CriterionTrigger; to botania_register_$md$376fdc$0 in botania_xplat.mixins.json:CriteriaTriggersAccessor
[04Mar2025 02:55:22.238] [modloading-worker-0/DEBUG] [mixin/]: Mixing accessor.CriteriaTriggersAccessor from cataclysm.mixins.json into net.minecraft.advancements.CriteriaTriggers
[04Mar2025 02:55:22.238] [modloading-worker-0/DEBUG] [mixin/]: Renaming @Accessor method getValues()Ljava/util/Map; to getValues_$md$376fdc$1 in cataclysm.mixins.json:accessor.CriteriaTriggersAccessor
[04Mar2025 02:55:22.238] [modloading-worker-0/DEBUG] [mixin/]: Mixing IMixinCriteriaTriggers from majruszlibrary-common.mixins.json into net.minecraft.advancements.CriteriaTriggers
[04Mar2025 02:55:22.238] [modloading-worker-0/DEBUG] [mixin/]: Renaming @Invoker method register(Lnet/minecraft/advancements/CriterionTrigger;)Lnet/minecraft/advancements/CriterionTrigger; to register_$md$376fdc$2 in majruszlibrary-common.mixins.json:IMixinCriteriaTriggers
[04Mar2025 02:55:22.257] [modloading-worker-0/DEBUG] [net.minecraftforge.fml.config.ConfigTracker/CONFIG]: Config file cyclopscore-common.toml for cyclopscore tracking
[04Mar2025 02:55:22.257] [modloading-worker-0/DEBUG] [net.minecraftforge.fml.ModLoadingContext/]: Attempted to register an empty config for type CLIENT on mod cyclopscore
[04Mar2025 02:55:22.266] [modloading-worker-0/DEBUG] [mixin/]: Mixing RecipeManagerMixin from cucumber.mixins.json into net.minecraft.world.item.crafting.RecipeManager
[04Mar2025 02:55:22.269] [modloading-worker-0/DEBUG] [mixin/]: Mixing RecipeManagerAccessor from botania_xplat.mixins.json into net.minecraft.world.item.crafting.RecipeManager
[04Mar2025 02:55:22.289] [modloading-worker-0/DEBUG] [net.minecraftforge.fml.javafmlmod.AutomaticEventSubscriber/LOADING]: Attempting to inject @EventBusSubscriber classes into the eventbus for cyclopscore
[04Mar2025 02:55:22.298] [modloading-worker-0/DEBUG] [net.minecraftforge.fml.javafmlmod.AutomaticEventSubscriber/LOADING]: Attempting to inject @EventBusSubscriber classes into the eventbus for rpgstats
[04Mar2025 02:55:22.298] [modloading-worker-0/DEBUG] [net.minecraftforge.fml.javafmlmod.AutomaticEventSubscriber/LOADING]: Auto-subscribing net.mcreator.rpgstats.procedures.SetRequirementProcedure to FORGE
[04Mar2025 02:55:22.299] [modloading-worker-0/DEBUG] [net.minecraftforge.fml.javafmlmod.AutomaticEventSubscriber/LOADING]: Auto-subscribing net.mcreator.rpgstats.procedures.RefreshStatsProcedure to FORGE
[04Mar2025 02:55:22.301] [modloading-worker-0/DEBUG] [net.minecraftforge.fml.javafmlmod.AutomaticEventSubscriber/LOADING]: Auto-subscribing net.mcreator.rpgstats.procedures.AddPointProcedure to FORGE
[04Mar2025 02:55:22.302] [modloading-worker-0/DEBUG] [net.minecraftforge.fml.javafmlmod.AutomaticEventSubscriber/LOADING]: Auto-subscribing net.mcreator.rpgstats.network.StatsMenuButtonMessage to MOD
[04Mar2025 02:55:22.303] [modloading-worker-0/DEBUG] [net.minecraftforge.fml.javafmlmod.AutomaticEventSubscriber/LOADING]: Auto-subscribing net.mcreator.rpgstats.network.RpgstatsModVariables to MOD
[04Mar2025 02:55:22.315] [modloading-worker-0/DEBUG] [net.minecraftforge.fml.javafmlmod.AutomaticEventSubscriber/LOADING]: Auto-subscribing net.mcreator.rpgstats.network.RpgstatsModVariables$PlayerVariablesProvider to FORGE
[04Mar2025 02:55:22.317] [modloading-worker-0/DEBUG] [net.minecraftforge.fml.javafmlmod.AutomaticEventSubscriber/LOADING]: Auto-subscribing net.mcreator.rpgstats.network.RpgstatsModVariables$EventBusVariableHandlers to FORGE
[04Mar2025 02:55:22.328] [modloading-worker-0/DEBUG] [net.minecraftforge.fml.javafmlmod.AutomaticEventSubscriber/LOADING]: Auto-subscribing net.mcreator.rpgstats.network.OpenMenuBindMessage to MOD
[04Mar2025 02:55:22.329] [modloading-worker-0/DEBUG] [net.minecraftforge.fml.javafmlmod.AutomaticEventSubscriber/LOADING]: Auto-subscribing net.mcreator.rpgstats.init.RpgstatsModConfigs to MOD
[04Mar2025 02:55:22.330] [modloading-worker-0/DEBUG] [net.minecraftforge.fml.javafmlmod.AutomaticEventSubscriber/LOADING]: Auto-subscribing net.mcreator.rpgstats.command.GetPointsCommand to FORGE
[04Mar2025 02:55:22.381] [modloading-worker-0/DEBUG] [net.minecraftforge.fml.config.ConfigTracker/CONFIG]: Config file epicfight-client.toml for epicfight tracking
[04Mar2025 02:55:22.408] [modloading-worker-0/DEBUG] [net.minecraftforge.fml.config.ConfigTracker/CONFIG]: Config file waystones-common.toml for waystones tracking
[04Mar2025 02:55:22.417] [modloading-worker-0/DEBUG] [mixin/]: Mixing ReloadableServerResourcesMixin from balm.mixins.json into net.minecraft.server.ReloadableServerResources
[04Mar2025 02:55:22.418] [modloading-worker-0/DEBUG] [mixin/]: Renaming synthetic method lambda$loadResources$0(Lnet/minecraft/server/ReloadableServerResources;)V to md376fdc$lambda$loadResources$0$0 in balm.mixins.json:ReloadableServerResourcesMixin
[04Mar2025 02:55:22.418] [modloading-worker-0/DEBUG] [mixin/]: Mixing MixinReloadableServerResources from majruszlibrary-common.mixins.json into net.minecraft.server.ReloadableServerResources
[04Mar2025 02:55:22.419] [modloading-worker-0/DEBUG] [mixin/]: Renaming synthetic method lambda$loadResources$0(Lnet/minecraft/server/ReloadableServerResources;Ljava/lang/Throwable;)V to md376fdc$lambda$loadResources$0$1 in majruszlibrary-common.mixins.json:MixinReloadableServerResources
[04Mar2025 02:55:22.433] [modloading-worker-0/DEBUG] [epicfight/]: Registered Extendable Enum class yesman.epicfight.api.animation.LivingMotions in living_motion
[04Mar2025 02:55:22.434] [modloading-worker-0/DEBUG] [epicfight/]: Registered Extendable Enum class yesman.epicfight.skill.SkillCategories in skill_category
[04Mar2025 02:55:22.435] [modloading-worker-0/DEBUG] [epicfight/]: Registered Extendable Enum class yesman.epicfight.skill.SkillSlots in skill_slot
[04Mar2025 02:55:22.436] [modloading-worker-0/DEBUG] [epicfight/]: Registered Extendable Enum class yesman.epicfight.world.capabilities.item.CapabilityItem$Styles in style
[04Mar2025 02:55:22.437] [modloading-worker-0/DEBUG] [epicfight/]: Registered Extendable Enum class yesman.epicfight.world.capabilities.item.CapabilityItem$WeaponCategories in weapon_category
[04Mar2025 02:55:22.510] [modloading-worker-0/DEBUG] [net.minecraftforge.fml.javafmlmod.AutomaticEventSubscriber/LOADING]: Attempting to inject @EventBusSubscriber classes into the eventbus for illusion_onslaught
[04Mar2025 02:55:22.511] [modloading-worker-0/DEBUG] [net.minecraftforge.fml.javafmlmod.AutomaticEventSubscriber/LOADING]: Auto-subscribing illusiononslaught.world.inventory.AlchemytableMenu to FORGE
[04Mar2025 02:55:22.529] [modloading-worker-0/DEBUG] [net.minecraftforge.fml.javafmlmod.AutomaticEventSubscriber/LOADING]: Auto-subscribing illusiononslaught.world.features.StructureFeature to FORGE
[04Mar2025 02:55:22.529] [modloading-worker-0/DEBUG] [net.minecraftforge.fml.javafmlmod.AutomaticEventSubscriber/LOADING]: Auto-subscribing illusiononslaught.recipes.brewing.ManaPotionBrewingstandBrewingRecipe to MOD
[04Mar2025 02:55:22.531] [modloading-worker-0/DEBUG] [net.minecraftforge.fml.javafmlmod.AutomaticEventSubscriber/LOADING]: Auto-subscribing illusiononslaught.recipes.brewing.ConfusionPotionBrewingRecipe to MOD
[04Mar2025 02:55:22.533] [modloading-worker-0/DEBUG] [net.minecraftforge.fml.javafmlmod.AutomaticEventSubscriber/LOADING]: Auto-subscribing illusiononslaught.recipes.brewing.ConfusionLongPotionBrewingRecipe to MOD
[04Mar2025 02:55:22.534] [modloading-worker-0/DEBUG] [net.minecraftforge.fml.javafmlmod.AutomaticEventSubscriber/LOADING]: Auto-subscribing illusiononslaught.procedures.UndeadSorcerAttackTargetProcedure to FORGE
[04Mar2025 02:55:22.536] [modloading-worker-0/DEBUG] [net.minecraftforge.fml.javafmlmod.AutomaticEventSubscriber/LOADING]: Auto-subscribing illusiononslaught.procedures.SpiritSupportAttacksProcedure to FORGE
[04Mar2025 02:55:22.537] [modloading-worker-0/DEBUG] [net.minecraftforge.fml.javafmlmod.AutomaticEventSubscriber/LOADING]: Auto-subscribing illusiononslaught.procedures.SpiritAttackProcedure to FORGE
[04Mar2025 02:55:22.543] [modloading-worker-0/DEBUG] [net.minecraftforge.fml.javafmlmod.AutomaticEventSubscriber/LOADING]: Auto-subscribing illusiononslaught.procedures.SpiritAggresiveProcedure to FORGE
[04Mar2025 02:55:22.564] [modloading-worker-0/DEBUG] [net.minecraftforge.fml.javafmlmod.AutomaticEventSubscriber/LOADING]: Auto-subscribing illusiononslaught.procedures.RuinadvancementProcedure to FORGE
[04Mar2025 02:55:22.567] [modloading-worker-0/DEBUG] [net.minecraftforge.fml.javafmlmod.AutomaticEventSubscriber/LOADING]: Auto-subscribing illusiononslaught.procedures.PlayerdiesmanafullProcedure to FORGE
[04Mar2025 02:55:22.568] [modloading-worker-0/DEBUG] [net.minecraftforge.fml.javafmlmod.AutomaticEventSubscriber/LOADING]: Auto-subscribing illusiononslaught.procedures.PlayerTickNoBossProcedure to FORGE
[04Mar2025 02:55:22.569] [modloading-worker-0/DEBUG] [net.minecraftforge.fml.javafmlmod.AutomaticEventSubscriber/LOADING]: Auto-subscribing illusiononslaught.procedures.MysteriousPeopleAdvancementProcedure to FORGE
[04Mar2025 02:55:22.570] [modloading-worker-0/INFO] [epicfight/]: Loaded mod compat: GeckolibCompat
[04Mar2025 02:55:22.570] [modloading-worker-0/DEBUG] [net.minecraftforge.fml.javafmlmod.AutomaticEventSubscriber/LOADING]: Attempting to inject @EventBusSubscriber classes into the eventbus for epicfight
[04Mar2025 02:55:22.570] [modloading-worker-0/DEBUG] [net.minecraftforge.fml.javafmlmod.AutomaticEventSubscriber/LOADING]: Auto-subscribing yesman.epicfight.world.entity.ai.attribute.EpicFightAttributes to MOD
[04Mar2025 02:55:22.571] [modloading-worker-0/DEBUG] [net.minecraftforge.fml.javafmlmod.AutomaticEventSubscriber/LOADING]: Auto-subscribing illusiononslaught.procedures.ManaHealOvertimeProcedure to FORGE
[04Mar2025 02:55:22.571] [modloading-worker-0/DEBUG] [net.minecraftforge.fml.javafmlmod.AutomaticEventSubscriber/LOADING]: Auto-subscribing yesman.epicfight.main.EpicFightMod$ServerModEvents to MOD
[04Mar2025 02:55:22.571] [modloading-worker-0/DEBUG] [net.minecraftforge.fml.javafmlmod.AutomaticEventSubscriber/LOADING]: Auto-subscribing illusiononslaught.procedures.IllusionerNewAttacksProcedure to FORGE
[04Mar2025 02:55:22.572] [modloading-worker-0/DEBUG] [net.minecraftforge.fml.javafmlmod.AutomaticEventSubscriber/LOADING]: Auto-subscribing yesman.epicfight.main.EpicFightMod$ServerForgeEvents to FORGE
[04Mar2025 02:55:22.572] [modloading-worker-0/DEBUG] [net.minecraftforge.fml.javafmlmod.AutomaticEventSubscriber/LOADING]: Auto-subscribing yesman.epicfight.gameasset.EpicFightSkills to MOD
[04Mar2025 02:55:22.572] [modloading-worker-0/DEBUG] [net.minecraftforge.fml.javafmlmod.AutomaticEventSubscriber/LOADING]: Auto-subscribing illusiononslaught.procedures.IllusionerInRaidsProcedure to FORGE
[04Mar2025 02:55:22.574] [modloading-worker-0/DEBUG] [net.minecraftforge.fml.javafmlmod.AutomaticEventSubscriber/LOADING]: Auto-subscribing illusiononslaught.procedures.IllusionTheIllusionerAdvancementProcedure to FORGE
[04Mar2025 02:55:22.574] [modloading-worker-0/DEBUG] [net.minecraftforge.fml.javafmlmod.AutomaticEventSubscriber/LOADING]: Auto-subscribing illusiononslaught.procedures.HavocistTargetEntityProcedure to FORGE
[04Mar2025 02:55:22.575] [modloading-worker-0/DEBUG] [net.minecraftforge.fml.javafmlmod.AutomaticEventSubscriber/LOADING]: Auto-subscribing illusiononslaught.procedures.HavocistAttacksProcedure to FORGE
[04Mar2025 02:55:22.576] [modloading-worker-0/DEBUG] [net.minecraftforge.fml.javafmlmod.AutomaticEventSubscriber/LOADING]: Auto-subscribing illusiononslaught.procedures.EarthAttackPunchProcedure to FORGE
[04Mar2025 02:55:22.576] [modloading-worker-0/DEBUG] [net.minecraftforge.fml.javafmlmod.AutomaticEventSubscriber/LOADING]: Attempting to inject @EventBusSubscriber classes into the eventbus for waystones
[04Mar2025 02:55:22.584] [modloading-worker-0/DEBUG] [net.minecraftforge.fml.javafmlmod.AutomaticEventSubscriber/LOADING]: Auto-subscribing illusiononslaught.procedures.CultoligerAttackProcedure to FORGE
[04Mar2025 02:55:22.585] [modloading-worker-0/DEBUG] [net.minecraftforge.fml.javafmlmod.AutomaticEventSubscriber/LOADING]: Auto-subscribing illusiononslaught.procedures.ChaosbringertargetattackProcedure to FORGE
[04Mar2025 02:55:22.587] [modloading-worker-0/DEBUG] [net.minecraftforge.fml.javafmlmod.AutomaticEventSubscriber/LOADING]: Auto-subscribing illusiononslaught.procedures.ChaosbringerMeeleAttackProcedure to FORGE
[04Mar2025 02:55:22.588] [modloading-worker-0/DEBUG] [net.minecraftforge.fml.javafmlmod.AutomaticEventSubscriber/LOADING]: Auto-subscribing illusiononslaught.procedures.ChaosMalletChargeRejoinResetProcedure to FORGE
[04Mar2025 02:55:22.589] [modloading-worker-0/DEBUG] [net.minecraftforge.fml.javafmlmod.AutomaticEventSubscriber/LOADING]: Auto-subscribing illusiononslaught.procedures.ChaosMalletChargeDeathResetProcedure to FORGE
[04Mar2025 02:55:22.590] [modloading-worker-0/DEBUG] [net.minecraftforge.fml.javafmlmod.AutomaticEventSubscriber/LOADING]: Auto-subscribing illusiononslaught.procedures.ChaosArmorProcedure to FORGE
[04Mar2025 02:55:22.591] [modloading-worker-0/DEBUG] [net.minecraftforge.fml.javafmlmod.AutomaticEventSubscriber/LOADING]: Auto-subscribing illusiononslaught.procedures.ChaosArmorInInventoryProcedure to FORGE
[04Mar2025 02:55:22.591] [modloading-worker-0/DEBUG] [net.minecraftforge.fml.javafmlmod.AutomaticEventSubscriber/LOADING]: Auto-subscribing illusiononslaught.network.SeeManaBarMessage to MOD
[04Mar2025 02:55:22.588] [modloading-worker-0/DEBUG] [net.minecraftforge.fml.javafmlmod.AutomaticEventSubscriber/LOADING]: Auto-subscribing yesman.epicfight.gameasset.Animations to MOD
[04Mar2025 02:55:22.600] [modloading-worker-0/DEBUG] [net.minecraftforge.fml.javafmlmod.AutomaticEventSubscriber/LOADING]: Auto-subscribing illusiononslaught.network.IllusionOnslaughtModVariables to MOD
[04Mar2025 02:55:22.602] [modloading-worker-0/DEBUG] [net.minecraftforge.fml.javafmlmod.AutomaticEventSubscriber/LOADING]: Auto-subscribing illusiononslaught.network.IllusionOnslaughtModVariables$PlayerVariablesProvider to FORGE
[04Mar2025 02:55:22.603] [modloading-worker-0/DEBUG] [net.minecraftforge.fml.javafmlmod.AutomaticEventSubscriber/LOADING]: Auto-subscribing illusiononslaught.network.IllusionOnslaughtModVariables$EventBusVariableHandlers to FORGE
[04Mar2025 02:55:22.606] [modloading-worker-0/DEBUG] [net.minecraftforge.fml.javafmlmod.AutomaticEventSubscriber/LOADING]: Auto-subscribing illusiononslaught.network.AlchemytableSlotMessage to MOD
[04Mar2025 02:55:22.593] [modloading-worker-0/DEBUG] [net.minecraftforge.fml.config.ConfigTracker/CONFIG]: Config file citadel-common.toml for citadel tracking
[04Mar2025 02:55:22.618] [modloading-worker-0/DEBUG] [net.minecraftforge.fml.javafmlmod.AutomaticEventSubscriber/LOADING]: Attempting to inject @EventBusSubscriber classes into the eventbus for citadel
[04Mar2025 02:55:22.618] [modloading-worker-0/DEBUG] [net.minecraftforge.fml.javafmlmod.AutomaticEventSubscriber/LOADING]: Auto-subscribing com.github.alexthe666.citadel.ServerProxy to MOD
[04Mar2025 02:55:22.615] [modloading-worker-0/INFO] [graveyard/]: Registered JSON trade offer adapter.
[04Mar2025 02:55:22.624] [modloading-worker-0/DEBUG] [net.minecraftforge.fml.javafmlmod.AutomaticEventSubscriber/LOADING]: Auto-subscribing illusiononslaught.network.AlchemytableButtonMessage to MOD
[04Mar2025 02:55:22.624] [modloading-worker-0/DEBUG] [net.minecraftforge.fml.javafmlmod.AutomaticEventSubscriber/LOADING]: Auto-subscribing illusiononslaught.init.ItemAnimationFactory to FORGE
[04Mar2025 02:55:22.633] [modloading-worker-0/DEBUG] [net.minecraftforge.fml.javafmlmod.AutomaticEventSubscriber/LOADING]: Attempting to inject @EventBusSubscriber classes into the eventbus for graveyard
[04Mar2025 02:55:22.633] [modloading-worker-0/DEBUG] [net.minecraftforge.fml.javafmlmod.AutomaticEventSubscriber/LOADING]: Auto-subscribing com.lion.graveyard.platform.forge.HordeSpawner to FORGE
[04Mar2025 02:55:22.634] [modloading-worker-0/DEBUG] [mixin/]: Mixing MixinLevelEvent from architectury.mixins.json into net.minecraftforge.event.level.LevelEvent
[04Mar2025 02:55:22.654] [modloading-worker-0/DEBUG] [net.minecraftforge.fml.javafmlmod.AutomaticEventSubscriber/LOADING]: Auto-subscribing illusiononslaught.init.IllusionOnslaughtModRecipeTypes to MOD
[04Mar2025 02:55:22.655] [modloading-worker-0/DEBUG] [net.minecraftforge.fml.javafmlmod.AutomaticEventSubscriber/LOADING]: Auto-subscribing illusiononslaught.init.IllusionOnslaughtModLootModifier to MOD
[04Mar2025 02:55:22.657] [modloading-worker-0/DEBUG] [net.minecraftforge.fml.javafmlmod.AutomaticEventSubscriber/LOADING]: Auto-subscribing illusiononslaught.init.IllusionOnslaughtModEntities to MOD
[04Mar2025 02:55:22.661] [modloading-worker-0/DEBUG] [net.minecraftforge.fml.javafmlmod.AutomaticEventSubscriber/LOADING]: Auto-subscribing illusiononslaught.init.EntityAnimationFactory to FORGE
[04Mar2025 02:55:22.669] [modloading-worker-0/DEBUG] [net.minecraftforge.fml.javafmlmod.AutomaticEventSubscriber/LOADING]: Auto-subscribing yesman.epicfight.events.WorldEvents to FORGE
[04Mar2025 02:55:22.671] [modloading-worker-0/DEBUG] [mixin/]: Mixing LootTableMixin from balm.mixins.json into net.minecraft.world.level.storage.loot.LootTable
[04Mar2025 02:55:22.674] [modloading-worker-0/DEBUG] [mixin/]: Mixing LootTableMixin from botania_xplat.mixins.json into net.minecraft.world.level.storage.loot.LootTable
[04Mar2025 02:55:22.674] [modloading-worker-0/DEBUG] [mixin/]: Renaming synthetic method lambda$filterDisposables$0(Lnet/minecraft/world/level/storage/loot/LootContext;Ljava/util/function/Consumer;Lnet/minecraft/world/item/ItemStack;)V to md376fdc$lambda$filterDisposables$0$0 in botania_xplat.mixins.json:LootTableMixin
[04Mar2025 02:55:22.676] [modloading-worker-0/DEBUG] [mixin/]: Mixing MixinLootTable from majruszlibrary-forge.mixins.json into net.minecraft.world.level.storage.loot.LootTable
[04Mar2025 02:55:22.681] [modloading-worker-0/DEBUG] [mixin/]: Mixing PlayerListMixin from balm.mixins.json into net.minecraft.server.players.PlayerList
[04Mar2025 02:55:22.682] [modloading-worker-0/DEBUG] [mixin/]: Mixing MixinPlayerList from majruszlibrary-common.mixins.json into net.minecraft.server.players.PlayerList
[04Mar2025 02:55:22.695] [modloading-worker-0/DEBUG] [net.minecraftforge.fml.javafmlmod.AutomaticEventSubscriber/LOADING]: Attempting to inject @EventBusSubscriber classes into the eventbus for evilcraftcompat
[04Mar2025 02:55:22.697] [modloading-worker-0/DEBUG] [net.minecraftforge.fml.javafmlmod.AutomaticEventSubscriber/LOADING]: Attempting to inject @EventBusSubscriber classes into the eventbus for mixinextras
[04Mar2025 02:55:22.698] [modloading-worker-0/DEBUG] [net.minecraftforge.fml.javafmlmod.AutomaticEventSubscriber/LOADING]: Attempting to inject @EventBusSubscriber classes into the eventbus for glitchcore
[04Mar2025 02:55:22.698] [modloading-worker-0/DEBUG] [net.minecraftforge.fml.javafmlmod.AutomaticEventSubscriber/LOADING]: Auto-subscribing glitchcore.forge.handlers.VillagerTradesEventHandler to FORGE
[04Mar2025 02:55:22.702] [modloading-worker-0/DEBUG] [net.minecraftforge.fml.javafmlmod.AutomaticEventSubscriber/LOADING]: Auto-subscribing glitchcore.forge.handlers.TooltipEventHandler to FORGE
[04Mar2025 02:55:22.703] [modloading-worker-0/DEBUG] [net.minecraftforge.fml.javafmlmod.AutomaticEventSubscriber/LOADING]: Auto-subscribing glitchcore.forge.handlers.ToolModificationEventHandler to FORGE
[04Mar2025 02:55:22.705] [modloading-worker-0/DEBUG] [net.minecraftforge.fml.javafmlmod.AutomaticEventSubscriber/LOADING]: Auto-subscribing glitchcore.forge.handlers.TickEventHandler to FORGE
[04Mar2025 02:55:22.708] [modloading-worker-0/DEBUG] [net.minecraftforge.fml.javafmlmod.AutomaticEventSubscriber/LOADING]: Auto-subscribing yesman.epicfight.events.PlayerEvents to FORGE
[04Mar2025 02:55:22.719] [modloading-worker-0/DEBUG] [net.minecraftforge.fml.javafmlmod.AutomaticEventSubscriber/LOADING]: Auto-subscribing glitchcore.forge.handlers.TagsUpdatedEventHandler to FORGE
[04Mar2025 02:55:22.721] [modloading-worker-0/DEBUG] [net.minecraftforge.fml.javafmlmod.AutomaticEventSubscriber/LOADING]: Auto-subscribing glitchcore.forge.handlers.RegistryEventHandler to MOD
[04Mar2025 02:55:22.722] [modloading-worker-0/DEBUG] [net.minecraftforge.fml.javafmlmod.AutomaticEventSubscriber/LOADING]: Auto-subscribing glitchcore.forge.handlers.RegisterCommandsEventHandler to FORGE
[04Mar2025 02:55:22.723] [modloading-worker-0/DEBUG] [net.minecraftforge.fml.javafmlmod.AutomaticEventSubscriber/LOADING]: Auto-subscribing glitchcore.forge.handlers.PlayerLoggedInEventHandler to FORGE
[04Mar2025 02:55:22.724] [modloading-worker-0/DEBUG] [net.minecraftforge.fml.javafmlmod.AutomaticEventSubscriber/LOADING]: Auto-subscribing glitchcore.forge.handlers.InteractionEventHandler to FORGE
[04Mar2025 02:55:22.738] [modloading-worker-0/DEBUG] [net.minecraftforge.fml.javafmlmod.AutomaticEventSubscriber/LOADING]: Auto-subscribing yesman.epicfight.events.EntityEvents to FORGE
[04Mar2025 02:55:22.806] [modloading-worker-0/INFO] [dev.architectury.networking.forge.NetworkManagerImpl/]: Registering C2S receiver with id architectury:sync_ids
[04Mar2025 02:55:22.812] [modloading-worker-0/INFO] [dev.architectury.networking.forge.NetworkManagerImpl/]: Registering C2S receiver with id artifacts:networking_channel/42a7ad70b1cc371599a0eff744096b8a
[04Mar2025 02:55:22.817] [modloading-worker-0/INFO] [dev.architectury.networking.forge.NetworkManagerImpl/]: Registering C2S receiver with id artifacts:networking_channel/74a5e841822a3a87854ae896a33430d6
[04Mar2025 02:55:22.821] [modloading-worker-0/INFO] [dev.architectury.networking.forge.NetworkManagerImpl/]: Registering C2S receiver with id artifacts:networking_channel/eb3d1e2748533430848cadf0f37c7e9c
[04Mar2025 02:55:22.824] [modloading-worker-0/INFO] [dev.architectury.networking.forge.NetworkManagerImpl/]: Registering C2S receiver with id artifacts:networking_channel/91c8520f19f93b3e8b6a727568e194ab
[04Mar2025 02:55:22.825] [modloading-worker-0/INFO] [dev.architectury.networking.forge.NetworkManagerImpl/]: Registering C2S receiver with id artifacts:networking_channel/8c2784d778293fd482ed84b8aa5fedb9
[04Mar2025 02:55:22.826] [modloading-worker-0/INFO] [dev.architectury.networking.forge.NetworkManagerImpl/]: Registering C2S receiver with id artifacts:networking_channel/ea038224ea783d40b2863f52239e2604
[04Mar2025 02:55:22.940] [modloading-worker-0/INFO] [dev.architectury.networking.forge.NetworkManagerImpl/]: Registering C2S receiver with id artifacts:networking_channel/97ad64b7ecaf33209991c4f031501a58
[04Mar2025 02:55:22.983] [modloading-worker-0/DEBUG] [net.minecraftforge.fml.javafmlmod.AutomaticEventSubscriber/LOADING]: Auto-subscribing yesman.epicfight.events.CapabilityEvent to FORGE
[04Mar2025 02:55:22.984] [modloading-worker-0/DEBUG] [net.minecraftforge.fml.javafmlmod.AutomaticEventSubscriber/LOADING]: Auto-subscribing yesman.epicfight.data.loot.EpicFightLootTables to FORGE
[04Mar2025 02:55:23.004] [modloading-worker-0/DEBUG] [net.minecraftforge.fml.config.ConfigTracker/CONFIG]: Config file balm-common.toml for balm tracking
[04Mar2025 02:55:23.007] [modloading-worker-0/DEBUG] [net.minecraftforge.fml.javafmlmod.AutomaticEventSubscriber/LOADING]: Attempting to inject @EventBusSubscriber classes into the eventbus for balm
[04Mar2025 02:55:23.012] [modloading-worker-0/DEBUG] [net.minecraftforge.fml.javafmlmod.AutomaticEventSubscriber/LOADING]: Attempting to inject @EventBusSubscriber classes into the eventbus for cloth_config
[04Mar2025 02:55:23.047] [modloading-worker-0/DEBUG] [net.minecraftforge.versions.forge.ForgeVersion/CORE]: Forge Version package package net.minecraftforge.versions.forge, Forge, version 47.3 from cpw.mods.modlauncher.TransformingClassLoader@766a52f5
[04Mar2025 02:55:23.047] [modloading-worker-0/DEBUG] [net.minecraftforge.versions.forge.ForgeVersion/CORE]: Found Forge version 47.3.7
[04Mar2025 02:55:23.047] [modloading-worker-0/DEBUG] [net.minecraftforge.versions.forge.ForgeVersion/CORE]: Found Forge spec 47.3
[04Mar2025 02:55:23.047] [modloading-worker-0/DEBUG] [net.minecraftforge.versions.forge.ForgeVersion/CORE]: Found Forge group net.minecraftforge
[04Mar2025 02:55:23.048] [modloading-worker-0/DEBUG] [net.minecraftforge.versions.mcp.MCPVersion/CORE]: MCP Version package package net.minecraftforge.versions.mcp, Minecraft, version 1.20.1 from cpw.mods.modlauncher.TransformingClassLoader@766a52f5
[04Mar2025 02:55:23.048] [modloading-worker-0/DEBUG] [net.minecraftforge.versions.mcp.MCPVersion/CORE]: Found MC version information 1.20.1
[04Mar2025 02:55:23.048] [modloading-worker-0/DEBUG] [net.minecraftforge.versions.mcp.MCPVersion/CORE]: Found MCP version information 20230612.114412
[04Mar2025 02:55:23.048] [modloading-worker-0/INFO] [net.minecraftforge.common.ForgeMod/FORGEMOD]: Forge mod loading, version 47.3.7, for MC 1.20.1 with MCP 20230612.114412
[04Mar2025 02:55:23.049] [modloading-worker-0/INFO] [net.minecraftforge.common.MinecraftForge/FORGE]: MinecraftForge v47.3.7 Initialized
[04Mar2025 02:55:23.116] [modloading-worker-0/DEBUG] [mixin/]: Mixing item.wearable.WearableArtifactItemMixin from mixins.artifacts.forge.json into artifacts.item.wearable.WearableArtifactItem
[04Mar2025 02:55:23.161] [modloading-worker-0/DEBUG] [io.netty.util.internal.PlatformDependent0/]: -Dio.netty.noUnsafe: false
[04Mar2025 02:55:23.161] [modloading-worker-0/DEBUG] [io.netty.util.internal.PlatformDependent0/]: Java version: 17
[04Mar2025 02:55:23.162] [modloading-worker-0/DEBUG] [io.netty.util.internal.PlatformDependent0/]: sun.misc.Unsafe.theUnsafe: available
[04Mar2025 02:55:23.162] [modloading-worker-0/DEBUG] [io.netty.util.internal.PlatformDependent0/]: sun.misc.Unsafe.copyMemory: available
[04Mar2025 02:55:23.162] [modloading-worker-0/DEBUG] [io.netty.util.internal.PlatformDependent0/]: sun.misc.Unsafe.storeFence: available
[04Mar2025 02:55:23.163] [modloading-worker-0/DEBUG] [io.netty.util.internal.PlatformDependent0/]: java.nio.Buffer.address: available
[04Mar2025 02:55:23.163] [modloading-worker-0/DEBUG] [io.netty.util.internal.PlatformDependent0/]: direct buffer constructor: unavailable
java.lang.UnsupportedOperationException: Reflective setAccessible(true) disabled
	at io.netty.util.internal.ReflectionUtil.trySetAccessible(ReflectionUtil.java:31) ~[netty-common-4.1.82.Final.jar%2382!/:4.1.82.Final]
	at io.netty.util.internal.PlatformDependent0$5.run(PlatformDependent0.java:288) ~[netty-common-4.1.82.Final.jar%2382!/:4.1.82.Final]
	at java.security.AccessController.doPrivileged(AccessController.java:318) ~[?:?]
	at io.netty.util.internal.PlatformDependent0.<clinit>(PlatformDependent0.java:282) ~[netty-common-4.1.82.Final.jar%2382!/:4.1.82.Final]
	at io.netty.util.internal.PlatformDependent.isAndroid(PlatformDependent.java:333) ~[netty-common-4.1.82.Final.jar%2382!/:4.1.82.Final]
	at io.netty.util.internal.PlatformDependent.<clinit>(PlatformDependent.java:88) ~[netty-common-4.1.82.Final.jar%2382!/:4.1.82.Final]
	at io.netty.util.ConstantPool.<init>(ConstantPool.java:34) ~[netty-common-4.1.82.Final.jar%2382!/:4.1.82.Final]
	at io.netty.util.AttributeKey$1.<init>(AttributeKey.java:27) ~[netty-common-4.1.82.Final.jar%2382!/:4.1.82.Final]
	at io.netty.util.AttributeKey.<clinit>(AttributeKey.java:27) ~[netty-common-4.1.82.Final.jar%2382!/:4.1.82.Final]
	at net.minecraftforge.network.NetworkConstants.<clinit>(NetworkConstants.java:34) ~[forge-1.20.1-47.3.7-universal.jar%23202!/:?]
	at net.minecraftforge.common.ForgeMod.<init>(ForgeMod.java:429) ~[forge-1.20.1-47.3.7-universal.jar%23202!/:?]
	at jdk.internal.reflect.NativeConstructorAccessorImpl.newInstance0(Native Method) ~[?:?]
	at jdk.internal.reflect.NativeConstructorAccessorImpl.newInstance(NativeConstructorAccessorImpl.java:77) ~[?:?]
	at jdk.internal.reflect.DelegatingConstructorAccessorImpl.newInstance(DelegatingConstructorAccessorImpl.java:45) ~[?:?]
	at java.lang.reflect.Constructor.newInstanceWithCaller(Constructor.java:500) ~[?:?]
	at java.lang.reflect.Constructor.newInstance(Constructor.java:481) ~[?:?]
	at net.minecraftforge.fml.javafmlmod.FMLModContainer.constructMod(FMLModContainer.java:70) ~[javafmllanguage-1.20.1-47.3.7.jar%23199!/:?]
	at net.minecraftforge.fml.ModContainer.lambda$buildTransitionHandler$4(ModContainer.java:124) ~[fmlcore-1.20.1-47.3.7.jar%23198!/:?]
	at java.util.concurrent.CompletableFuture$AsyncRun.run(CompletableFuture.java:1804) ~[?:?]
	at java.util.concurrent.CompletableFuture$AsyncRun.exec(CompletableFuture.java:1796) ~[?:?]
	at java.util.concurrent.ForkJoinTask.doExec(ForkJoinTask.java:373) ~[?:?]
	at java.util.concurrent.ForkJoinPool$WorkQueue.topLevelExec(ForkJoinPool.java:1182) ~[?:?]
	at java.util.concurrent.ForkJoinPool.scan(ForkJoinPool.java:1655) ~[?:?]
	at java.util.concurrent.ForkJoinPool.runWorker(ForkJoinPool.java:1622) ~[?:?]
	at java.util.concurrent.ForkJoinWorkerThread.run(ForkJoinWorkerThread.java:165) ~[?:?]
[04Mar2025 02:55:23.164] [modloading-worker-0/DEBUG] [io.netty.util.internal.PlatformDependent0/]: java.nio.Bits.unaligned: available, true
[04Mar2025 02:55:23.165] [modloading-worker-0/DEBUG] [io.netty.util.internal.PlatformDependent0/]: jdk.internal.misc.Unsafe.allocateUninitializedArray(int): unavailable
java.lang.IllegalAccessException: class io.netty.util.internal.PlatformDependent0$7 (in module io.netty.common) cannot access class jdk.internal.misc.Unsafe (in module java.base) because module java.base does not export jdk.internal.misc to module io.netty.common
	at jdk.internal.reflect.Reflection.newIllegalAccessException(Reflection.java:392) ~[?:?]
	at java.lang.reflect.AccessibleObject.checkAccess(AccessibleObject.java:674) ~[?:?]
	at java.lang.reflect.Method.invoke(Method.java:561) ~[?:?]
	at io.netty.util.internal.PlatformDependent0$7.run(PlatformDependent0.java:410) ~[netty-common-4.1.82.Final.jar%2382!/:4.1.82.Final]
	at java.security.AccessController.doPrivileged(AccessController.java:318) ~[?:?]
	at io.netty.util.internal.PlatformDependent0.<clinit>(PlatformDependent0.java:401) ~[netty-common-4.1.82.Final.jar%2382!/:4.1.82.Final]
	at io.netty.util.internal.PlatformDependent.isAndroid(PlatformDependent.java:333) ~[netty-common-4.1.82.Final.jar%2382!/:4.1.82.Final]
	at io.netty.util.internal.PlatformDependent.<clinit>(PlatformDependent.java:88) ~[netty-common-4.1.82.Final.jar%2382!/:4.1.82.Final]
	at io.netty.util.ConstantPool.<init>(ConstantPool.java:34) ~[netty-common-4.1.82.Final.jar%2382!/:4.1.82.Final]
	at io.netty.util.AttributeKey$1.<init>(AttributeKey.java:27) ~[netty-common-4.1.82.Final.jar%2382!/:4.1.82.Final]
	at io.netty.util.AttributeKey.<clinit>(AttributeKey.java:27) ~[netty-common-4.1.82.Final.jar%2382!/:4.1.82.Final]
	at net.minecraftforge.network.NetworkConstants.<clinit>(NetworkConstants.java:34) ~[forge-1.20.1-47.3.7-universal.jar%23202!/:?]
	at net.minecraftforge.common.ForgeMod.<init>(ForgeMod.java:429) ~[forge-1.20.1-47.3.7-universal.jar%23202!/:?]
	at jdk.internal.reflect.NativeConstructorAccessorImpl.newInstance0(Native Method) ~[?:?]
	at jdk.internal.reflect.NativeConstructorAccessorImpl.newInstance(NativeConstructorAccessorImpl.java:77) ~[?:?]
	at jdk.internal.reflect.DelegatingConstructorAccessorImpl.newInstance(DelegatingConstructorAccessorImpl.java:45) ~[?:?]
	at java.lang.reflect.Constructor.newInstanceWithCaller(Constructor.java:500) ~[?:?]
	at java.lang.reflect.Constructor.newInstance(Constructor.java:481) ~[?:?]
	at net.minecraftforge.fml.javafmlmod.FMLModContainer.constructMod(FMLModContainer.java:70) ~[javafmllanguage-1.20.1-47.3.7.jar%23199!/:?]
	at net.minecraftforge.fml.ModContainer.lambda$buildTransitionHandler$4(ModContainer.java:124) ~[fmlcore-1.20.1-47.3.7.jar%23198!/:?]
	at java.util.concurrent.CompletableFuture$AsyncRun.run(CompletableFuture.java:1804) ~[?:?]
	at java.util.concurrent.CompletableFuture$AsyncRun.exec(CompletableFuture.java:1796) ~[?:?]
	at java.util.concurrent.ForkJoinTask.doExec(ForkJoinTask.java:373) ~[?:?]
	at java.util.concurrent.ForkJoinPool$WorkQueue.topLevelExec(ForkJoinPool.java:1182) ~[?:?]
	at java.util.concurrent.ForkJoinPool.scan(ForkJoinPool.java:1655) ~[?:?]
	at java.util.concurrent.ForkJoinPool.runWorker(ForkJoinPool.java:1622) ~[?:?]
	at java.util.concurrent.ForkJoinWorkerThread.run(ForkJoinWorkerThread.java:165) ~[?:?]
[04Mar2025 02:55:23.165] [modloading-worker-0/DEBUG] [io.netty.util.internal.PlatformDependent0/]: java.nio.DirectByteBuffer.<init>(long, int): unavailable
[04Mar2025 02:55:23.165] [modloading-worker-0/DEBUG] [io.netty.util.internal.PlatformDependent/]: sun.misc.Unsafe: available
[04Mar2025 02:55:23.166] [modloading-worker-0/DEBUG] [io.netty.util.internal.PlatformDependent/]: maxDirectMemory: 12884901888 bytes (maybe)
[04Mar2025 02:55:23.166] [modloading-worker-0/DEBUG] [io.netty.util.internal.PlatformDependent/]: -Dio.netty.tmpdir: /tmp (java.io.tmpdir)
[04Mar2025 02:55:23.166] [modloading-worker-0/DEBUG] [io.netty.util.internal.PlatformDependent/]: -Dio.netty.bitMode: 64 (sun.arch.data.model)
[04Mar2025 02:55:23.166] [modloading-worker-0/DEBUG] [io.netty.util.internal.PlatformDependent/]: -Dio.netty.maxDirectMemory: -1 bytes
[04Mar2025 02:55:23.166] [modloading-worker-0/DEBUG] [io.netty.util.internal.PlatformDependent/]: -Dio.netty.uninitializedArrayAllocationThreshold: -1
[04Mar2025 02:55:23.174] [modloading-worker-0/DEBUG] [io.netty.util.internal.CleanerJava9/]: java.nio.ByteBuffer.cleaner(): available
[04Mar2025 02:55:23.174] [modloading-worker-0/DEBUG] [io.netty.util.internal.PlatformDependent/]: -Dio.netty.noPreferDirect: false
[04Mar2025 02:55:23.175] [modloading-worker-0/DEBUG] [net.minecraftforge.fml.javafmlmod.AutomaticEventSubscriber/LOADING]: Attempting to inject @EventBusSubscriber classes into the eventbus for relics
[04Mar2025 02:55:23.175] [modloading-worker-0/DEBUG] [net.minecraftforge.fml.javafmlmod.AutomaticEventSubscriber/LOADING]: Auto-subscribing it.hurts.sskirillss.relics.network.NetworkHandler to MOD
[04Mar2025 02:55:23.184] [modloading-worker-0/DEBUG] [net.minecraftforge.fml.javafmlmod.AutomaticEventSubscriber/LOADING]: Auto-subscribing it.hurts.sskirillss.relics.items.relics.ring.ChorusInhibitorItem$Events to FORGE
[04Mar2025 02:55:23.186] [modloading-worker-0/DEBUG] [net.minecraftforge.fml.javafmlmod.AutomaticEventSubscriber/LOADING]: Auto-subscribing it.hurts.sskirillss.relics.items.relics.ring.BastionRingItem$Events to FORGE
[04Mar2025 02:55:23.187] [modloading-worker-0/DEBUG] [net.minecraftforge.fml.javafmlmod.AutomaticEventSubscriber/LOADING]: Auto-subscribing it.hurts.sskirillss.relics.items.relics.necklace.ReflectionNecklaceItem$ReflectionNecklaceServerEvents to FORGE
[04Mar2025 02:55:23.187] [modloading-worker-0/DEBUG] [net.minecraftforge.fml.javafmlmod.AutomaticEventSubscriber/LOADING]: Auto-subscribing it.hurts.sskirillss.relics.items.relics.necklace.HolyLocketItem$Events to FORGE
[04Mar2025 02:55:23.195] [modloading-worker-0/DEBUG] [mixin/]: Mixing item.umbrella.UmbrellaItemMixin from mixins.artifacts.forge.json into artifacts.item.UmbrellaItem
[04Mar2025 02:55:23.212] [modloading-worker-0/DEBUG] [net.minecraftforge.fml.javafmlmod.AutomaticEventSubscriber/LOADING]: Auto-subscribing it.hurts.sskirillss.relics.items.relics.hands.WoolMittenItem$Events to FORGE
[04Mar2025 02:55:23.213] [modloading-worker-0/DEBUG] [net.minecraftforge.fml.javafmlmod.AutomaticEventSubscriber/LOADING]: Auto-subscribing it.hurts.sskirillss.relics.items.relics.hands.RageGloveItem$Events to FORGE
[04Mar2025 02:55:23.214] [modloading-worker-0/DEBUG] [net.minecraftforge.fml.javafmlmod.AutomaticEventSubscriber/LOADING]: Auto-subscribing it.hurts.sskirillss.relics.items.relics.feet.RollerSkatesItem$Events to FORGE
[04Mar2025 02:55:23.215] [modloading-worker-0/DEBUG] [net.minecraftforge.fml.javafmlmod.AutomaticEventSubscriber/LOADING]: Auto-subscribing it.hurts.sskirillss.relics.items.relics.feet.MagmaWalkerItem to FORGE
[04Mar2025 02:55:23.222] [modloading-worker-0/DEBUG] [net.minecraftforge.common.ForgeMod/FORGEMOD]: Loading Network data for FML net version: FML3
[04Mar2025 02:55:23.235] [modloading-worker-0/DEBUG] [net.minecraftforge.fml.config.ConfigTracker/CONFIG]: Config file forge-client.toml for forge tracking
[04Mar2025 02:55:23.235] [modloading-worker-0/DEBUG] [net.minecraftforge.fml.config.ConfigTracker/CONFIG]: Config file forge-server.toml for forge tracking
[04Mar2025 02:55:23.235] [modloading-worker-0/DEBUG] [net.minecraftforge.fml.ModLoadingContext/]: Attempted to register an empty config for type COMMON on mod forge
[04Mar2025 02:55:23.249] [modloading-worker-0/DEBUG] [net.minecraftforge.fml.javafmlmod.AutomaticEventSubscriber/LOADING]: Auto-subscribing it.hurts.sskirillss.relics.items.relics.feet.IceBreakerItem$Events to FORGE
[04Mar2025 02:55:23.251] [modloading-worker-0/DEBUG] [net.minecraftforge.fml.javafmlmod.AutomaticEventSubscriber/LOADING]: Auto-subscribing it.hurts.sskirillss.relics.items.relics.feet.AquaWalkerItem to FORGE
[04Mar2025 02:55:23.252] [modloading-worker-0/DEBUG] [net.minecraftforge.fml.javafmlmod.AutomaticEventSubscriber/LOADING]: Auto-subscribing it.hurts.sskirillss.relics.items.relics.feet.AmphibianBootItem$Events to FORGE
[04Mar2025 02:55:23.259] [modloading-worker-0/DEBUG] [net.minecraftforge.fml.javafmlmod.AutomaticEventSubscriber/LOADING]: Auto-subscribing it.hurts.sskirillss.relics.items.relics.charm.SporeSackItem$Events to FORGE
[04Mar2025 02:55:23.259] [modloading-worker-0/DEBUG] [net.minecraftforge.fml.javafmlmod.AutomaticEventSubscriber/LOADING]: Auto-subscribing it.hurts.sskirillss.relics.items.relics.belt.LeatherBeltItem to FORGE
[04Mar2025 02:55:23.260] [modloading-worker-0/DEBUG] [net.minecraftforge.fml.javafmlmod.AutomaticEventSubscriber/LOADING]: Auto-subscribing it.hurts.sskirillss.relics.items.relics.belt.HunterBeltItem$HunterBeltEvents to FORGE
[04Mar2025 02:55:23.261] [modloading-worker-0/DEBUG] [net.minecraftforge.fml.javafmlmod.AutomaticEventSubscriber/LOADING]: Auto-subscribing it.hurts.sskirillss.relics.items.relics.belt.DrownedBeltItem$Events to FORGE
[04Mar2025 02:55:23.275] [modloading-worker-0/DEBUG] [net.minecraftforge.fml.javafmlmod.AutomaticEventSubscriber/LOADING]: Attempting to inject @EventBusSubscriber classes into the eventbus for forge
[04Mar2025 02:55:23.276] [modloading-worker-0/DEBUG] [net.minecraftforge.fml.javafmlmod.AutomaticEventSubscriber/LOADING]: Auto-subscribing it.hurts.sskirillss.relics.items.relics.back.MidnightRobeItem$ServerEvents to FORGE
[04Mar2025 02:55:23.277] [modloading-worker-0/DEBUG] [net.minecraftforge.fml.javafmlmod.AutomaticEventSubscriber/LOADING]: Auto-subscribing it.hurts.sskirillss.relics.items.relics.back.ElytraBoosterItem to FORGE
[04Mar2025 02:55:23.277] [modloading-worker-0/DEBUG] [net.minecraftforge.fml.javafmlmod.AutomaticEventSubscriber/LOADING]: Auto-subscribing net.minecraftforge.common.ForgeSpawnEggItem$CommonHandler to MOD
[04Mar2025 02:55:23.278] [modloading-worker-0/DEBUG] [net.minecraftforge.fml.javafmlmod.AutomaticEventSubscriber/LOADING]: Auto-subscribing it.hurts.sskirillss.relics.items.relics.back.ArrowQuiverItem$Events to FORGE
[04Mar2025 02:55:23.286] [modloading-worker-0/DEBUG] [mixin/]: Mixing gamerule.BooleanValueInvoker from mixins.artifacts.common.json into net.minecraft.world.level.GameRules$BooleanValue
[04Mar2025 02:55:23.286] [modloading-worker-0/DEBUG] [net.minecraftforge.fml.javafmlmod.AutomaticEventSubscriber/LOADING]: Auto-subscribing it.hurts.sskirillss.relics.items.relics.SpatialSignItem$Events to FORGE
[04Mar2025 02:55:23.288] [modloading-worker-0/DEBUG] [mixin/]: Renaming @Invoker method invokeCreate(ZLjava/util/function/BiConsumer;)Lnet/minecraft/world/level/GameRules$Type; to invokeCreate_$md$376fdc$0 in mixins.artifacts.common.json:gamerule.BooleanValueInvoker
[04Mar2025 02:55:23.290] [modloading-worker-0/DEBUG] [net.minecraftforge.fml.javafmlmod.AutomaticEventSubscriber/LOADING]: Auto-subscribing it.hurts.sskirillss.relics.items.relics.MagicMirrorItem$ServerEvents to FORGE
[04Mar2025 02:55:23.290] [modloading-worker-0/DEBUG] [net.minecraftforge.fml.javafmlmod.AutomaticEventSubscriber/LOADING]: Auto-subscribing it.hurts.sskirillss.relics.items.relics.InfinityHamItem$Events to FORGE
[04Mar2025 02:55:23.291] [modloading-worker-0/DEBUG] [net.minecraftforge.fml.javafmlmod.AutomaticEventSubscriber/LOADING]: Auto-subscribing it.hurts.sskirillss.relics.init.CommandRegistry to FORGE
[04Mar2025 02:55:23.294] [modloading-worker-0/DEBUG] [net.minecraftforge.fml.javafmlmod.AutomaticEventSubscriber/LOADING]: Auto-subscribing it.hurts.sskirillss.relics.init.CapabilityRegistry to FORGE
[04Mar2025 02:55:23.296] [modloading-worker-0/DEBUG] [net.minecraftforge.fml.javafmlmod.AutomaticEventSubscriber/LOADING]: Auto-subscribing it.hurts.sskirillss.relics.entities.ArrowRainEntity$Events to FORGE
[04Mar2025 02:55:23.296] [modloading-worker-0/DEBUG] [net.minecraftforge.fml.javafmlmod.AutomaticEventSubscriber/LOADING]: Auto-subscribing it.hurts.sskirillss.relics.effects.BleedingEffect$Events to FORGE
[04Mar2025 02:55:23.298] [modloading-worker-0/DEBUG] [net.minecraftforge.fml.javafmlmod.AutomaticEventSubscriber/LOADING]: Auto-subscribing it.hurts.sskirillss.relics.effects.AntiHealEffect$Events to FORGE
[04Mar2025 02:55:23.299] [modloading-worker-0/DEBUG] [net.minecraftforge.fml.javafmlmod.AutomaticEventSubscriber/LOADING]: Auto-subscribing it.hurts.sskirillss.relics.capability.handlers.SyncHandler to FORGE
[04Mar2025 02:55:23.318] [modloading-worker-0/DEBUG] [mixin/]: Mixing gamerule.IntegerValueInvoker from mixins.artifacts.common.json into net.minecraft.world.level.GameRules$IntegerValue
[04Mar2025 02:55:23.320] [modloading-worker-0/DEBUG] [mixin/]: Renaming @Invoker method invokeCreate(ILjava/util/function/BiConsumer;)Lnet/minecraft/world/level/GameRules$Type; to invokeCreate_$md$376fdc$0 in mixins.artifacts.common.json:gamerule.IntegerValueInvoker
[04Mar2025 02:55:23.343] [modloading-worker-0/DEBUG] [net.minecraftforge.fml.javafmlmod.AutomaticEventSubscriber/LOADING]: Attempting to inject @EventBusSubscriber classes into the eventbus for artifacts
[04Mar2025 02:55:23.343] [modloading-worker-0/DEBUG] [net.minecraftforge.fml.config.ConfigTracker/CONFIG]: Config file twilightforest-common.toml for twilightforest tracking
[04Mar2025 02:55:23.345] [modloading-worker-0/DEBUG] [net.minecraftforge.fml.config.ConfigTracker/CONFIG]: Config file twilightforest-client.toml for twilightforest tracking
[04Mar2025 02:55:23.347] [modloading-worker-0/DEBUG] [net.minecraftforge.fml.javafmlmod.AutomaticEventSubscriber/LOADING]: Attempting to inject @EventBusSubscriber classes into the eventbus for dungeons_arise
[04Mar2025 02:55:23.374] [modloading-worker-0/DEBUG] [net.minecraftforge.fml.config.ConfigTracker/CONFIG]: Config file evilcraft-common.toml for evilcraft tracking
[04Mar2025 02:55:23.381] [modloading-worker-0/DEBUG] [net.minecraftforge.fml.ModLoadingContext/]: Attempted to register an empty config for type CLIENT on mod evilcraft
[04Mar2025 02:55:23.381] [modloading-worker-0/DEBUG] [net.minecraftforge.fml.ModLoadingContext/]: Attempted to register an empty config for type SERVER on mod evilcraft
[04Mar2025 02:55:23.438] [modloading-worker-0/DEBUG] [net.minecraftforge.fml.javafmlmod.AutomaticEventSubscriber/LOADING]: Attempting to inject @EventBusSubscriber classes into the eventbus for evilcraft
[04Mar2025 02:55:23.597] [modloading-worker-0/DEBUG] [net.minecraftforge.fml.config.ConfigTracker/CONFIG]: Config file mysticalagriculture-client.toml for mysticalagriculture tracking
[04Mar2025 02:55:23.610] [modloading-worker-0/DEBUG] [net.minecraftforge.fml.config.ConfigTracker/CONFIG]: Config file mysticalagriculture-common.toml for mysticalagriculture tracking
[04Mar2025 02:55:23.626] [modloading-worker-0/INFO] [Mystical Agriculture/]: Registered plugin: com.blakebr0.mysticalagriculture.lib.ModCorePlugin
[04Mar2025 02:55:23.640] [modloading-worker-0/INFO] [Mystical Agriculture/]: Loaded 1 plugins
[04Mar2025 02:55:23.644] [modloading-worker-0/DEBUG] [net.minecraftforge.fml.javafmlmod.AutomaticEventSubscriber/LOADING]: Attempting to inject @EventBusSubscriber classes into the eventbus for mysticalagriculture
[04Mar2025 02:55:23.659] [modloading-worker-0/DEBUG] [net.minecraftforge.fml.config.ConfigTracker/CONFIG]: Config file alexscaves-general.toml for alexscaves tracking
[04Mar2025 02:55:23.659] [modloading-worker-0/DEBUG] [net.minecraftforge.fml.config.ConfigTracker/CONFIG]: Config file alexscaves-client.toml for alexscaves tracking
[04Mar2025 02:55:23.676] [modloading-worker-0/DEBUG] [mixin/]: Mixing MixinDifficultyInstance from majruszlibrary-common.mixins.json into net.minecraft.world.DifficultyInstance
[04Mar2025 02:55:24.011] [modloading-worker-0/DEBUG] [net.minecraftforge.fml.javafmlmod.AutomaticEventSubscriber/LOADING]: Attempting to inject @EventBusSubscriber classes into the eventbus for rpgsmw
[04Mar2025 02:55:24.016] [modloading-worker-0/DEBUG] [net.minecraftforge.fml.javafmlmod.AutomaticEventSubscriber/LOADING]: Auto-subscribing net.mcreator.rpgstylemoreweapons.world.features.StructureFeature to FORGE
[04Mar2025 02:55:24.016] [modloading-worker-0/DEBUG] [net.minecraftforge.fml.javafmlmod.AutomaticEventSubscriber/LOADING]: Auto-subscribing net.mcreator.rpgstylemoreweapons.procedures.PlayerJoinSettingsProcedure to FORGE
[04Mar2025 02:55:24.017] [modloading-worker-0/DEBUG] [net.minecraftforge.fml.javafmlmod.AutomaticEventSubscriber/LOADING]: Auto-subscribing net.mcreator.rpgstylemoreweapons.procedures.ManaRegenProcedure to FORGE
[04Mar2025 02:55:24.018] [modloading-worker-0/DEBUG] [net.minecraftforge.fml.javafmlmod.AutomaticEventSubscriber/LOADING]: Auto-subscribing net.mcreator.rpgstylemoreweapons.procedures.JoinFixProcedure to FORGE
[04Mar2025 02:55:24.024] [modloading-worker-0/DEBUG] [net.minecraftforge.fml.javafmlmod.AutomaticEventSubscriber/LOADING]: Auto-subscribing net.mcreator.rpgstylemoreweapons.procedures.InHandClassWeaponsHoldProcedure to FORGE
[04Mar2025 02:55:24.026] [modloading-worker-0/DEBUG] [net.minecraftforge.fml.javafmlmod.AutomaticEventSubscriber/LOADING]: Auto-subscribing net.mcreator.rpgstylemoreweapons.procedures.EquipedArmorInformationProcedure to FORGE
[04Mar2025 02:55:24.034] [modloading-worker-0/DEBUG] [net.minecraftforge.fml.javafmlmod.AutomaticEventSubscriber/LOADING]: Auto-subscribing net.mcreator.rpgstylemoreweapons.procedures.ClassChooseOrbGiveProcedure to FORGE
[04Mar2025 02:55:24.034] [modloading-worker-0/DEBUG] [net.minecraftforge.fml.javafmlmod.AutomaticEventSubscriber/LOADING]: Auto-subscribing net.mcreator.rpgstylemoreweapons.network.WeaponAbilityChangeMessage to MOD
[04Mar2025 02:55:24.048] [modloading-worker-0/DEBUG] [net.minecraftforge.fml.javafmlmod.AutomaticEventSubscriber/LOADING]: Auto-subscribing net.mcreator.rpgstylemoreweapons.network.RpgsmwModVariables to MOD
[04Mar2025 02:55:24.049] [modloading-worker-0/DEBUG] [net.minecraftforge.fml.javafmlmod.AutomaticEventSubscriber/LOADING]: Auto-subscribing net.mcreator.rpgstylemoreweapons.network.RpgsmwModVariables$PlayerVariablesProvider to FORGE
[04Mar2025 02:55:24.050] [modloading-worker-0/DEBUG] [net.minecraftforge.fml.javafmlmod.AutomaticEventSubscriber/LOADING]: Auto-subscribing net.mcreator.rpgstylemoreweapons.network.RpgsmwModVariables$EventBusVariableHandlers to FORGE
[04Mar2025 02:55:24.051] [modloading-worker-0/DEBUG] [net.minecraftforge.fml.javafmlmod.AutomaticEventSubscriber/LOADING]: Auto-subscribing net.mcreator.rpgstylemoreweapons.network.RangerClassChooseButtonMessage to MOD
[04Mar2025 02:55:24.052] [modloading-worker-0/DEBUG] [net.minecraftforge.fml.javafmlmod.AutomaticEventSubscriber/LOADING]: Auto-subscribing net.mcreator.rpgstylemoreweapons.network.PaladinClassChooseButtonMessage to MOD
[04Mar2025 02:55:24.053] [modloading-worker-0/DEBUG] [net.minecraftforge.fml.javafmlmod.AutomaticEventSubscriber/LOADING]: Auto-subscribing net.mcreator.rpgstylemoreweapons.network.MageClassChooseButtonMessage to MOD
[04Mar2025 02:55:24.054] [modloading-worker-0/DEBUG] [net.minecraftforge.fml.javafmlmod.AutomaticEventSubscriber/LOADING]: Auto-subscribing net.mcreator.rpgstylemoreweapons.network.BerserkClassChooseButtonMessage to MOD
[04Mar2025 02:55:24.054] [modloading-worker-0/DEBUG] [net.minecraftforge.fml.javafmlmod.AutomaticEventSubscriber/LOADING]: Auto-subscribing net.mcreator.rpgstylemoreweapons.network.AssassinClassChooseButtonMessage to MOD
[04Mar2025 02:55:24.055] [modloading-worker-0/DEBUG] [net.minecraftforge.fml.javafmlmod.AutomaticEventSubscriber/LOADING]: Auto-subscribing net.mcreator.rpgstylemoreweapons.network.ArmorAbilityUseMessage to MOD
[04Mar2025 02:55:24.065] [modloading-worker-0/DEBUG] [net.minecraftforge.fml.javafmlmod.AutomaticEventSubscriber/LOADING]: Auto-subscribing net.mcreator.rpgstylemoreweapons.init.RpgsmwModTabs to MOD
[04Mar2025 02:55:24.065] [modloading-worker-0/DEBUG] [net.minecraftforge.fml.javafmlmod.AutomaticEventSubscriber/LOADING]: Auto-subscribing net.mcreator.rpgstylemoreweapons.init.RpgsmwModEntities to MOD
[04Mar2025 02:55:24.066] [modloading-worker-0/DEBUG] [net.minecraftforge.fml.javafmlmod.AutomaticEventSubscriber/LOADING]: Auto-subscribing net.mcreator.rpgstylemoreweapons.init.RpgsmwModCuriosSlots to MOD
[04Mar2025 02:55:24.067] [modloading-worker-0/DEBUG] [net.minecraftforge.fml.javafmlmod.AutomaticEventSubscriber/LOADING]: Auto-subscribing net.mcreator.rpgstylemoreweapons.init.RpgsmwModCuriosRenderers to MOD
[04Mar2025 02:55:24.092] [modloading-worker-0/DEBUG] [net.minecraftforge.fml.javafmlmod.AutomaticEventSubscriber/LOADING]: Auto-subscribing net.mcreator.rpgstylemoreweapons.init.EntityAnimationFactory to FORGE
[04Mar2025 02:55:24.110] [modloading-worker-0/DEBUG] [net.minecraftforge.fml.javafmlmod.AutomaticEventSubscriber/LOADING]: Attempting to inject @EventBusSubscriber classes into the eventbus for terrablender
[04Mar2025 02:55:24.110] [modloading-worker-0/DEBUG] [net.minecraftforge.fml.javafmlmod.AutomaticEventSubscriber/LOADING]: Auto-subscribing terrablender.handler.InitializationHandler to FORGE
[04Mar2025 02:55:24.121] [modloading-worker-0/DEBUG] [mixin/]: Mixing impl.MixinEnvironment from glitchcore.forge.mixins.json into glitchcore.util.Environment
[04Mar2025 02:55:24.322] [modloading-worker-0/DEBUG] [mixin/]: Mixing MixinBloodFluid from biomesoplenty.forge.mixins.json into biomesoplenty.block.BloodFluid
[04Mar2025 02:55:24.325] [modloading-worker-0/DEBUG] [mixin/]: Mixing MixinLiquidNullFluid from biomesoplenty.forge.mixins.json into biomesoplenty.block.LiquidNullFluid
[04Mar2025 02:55:24.407] [modloading-worker-0/DEBUG] [net.minecraftforge.fml.javafmlmod.AutomaticEventSubscriber/LOADING]: Attempting to inject @EventBusSubscriber classes into the eventbus for biomesoplenty
[04Mar2025 02:55:24.411] [modloading-worker-0/DEBUG] [net.minecraftforge.fml.javafmlmod.AutomaticEventSubscriber/LOADING]: Auto-subscribing biomesoplenty.forge.handler.MissingMappingsHandler to FORGE
[04Mar2025 02:55:24.413] [modloading-worker-0/DEBUG] [net.minecraftforge.fml.javafmlmod.AutomaticEventSubscriber/LOADING]: Auto-subscribing biomesoplenty.forge.datagen.DataGenerationHandler to MOD
[04Mar2025 02:55:24.440] [modloading-worker-0/DEBUG] [net.minecraftforge.fml.config.ConfigTracker/CONFIG]: Config file botania-common.toml for botania tracking
[04Mar2025 02:55:24.463] [modloading-worker-0/DEBUG] [botania/]: Instantiating vazkii.botania.common.impl.BotaniaAPIImpl for service vazkii.botania.api.BotaniaAPI
[04Mar2025 02:55:24.469] [modloading-worker-0/DEBUG] [botania/]: Instantiating vazkii.botania.forge.xplat.ForgeXplatImpl for service vazkii.botania.xplat.XplatAbstractions
[04Mar2025 02:55:24.584] [modloading-worker-0/DEBUG] [mixin/]: Mixing BotaniaGrassBlockForgeMixin from botania_forge.mixins.json into vazkii.botania.common.block.BotaniaGrassBlock
[04Mar2025 02:55:24.636] [modloading-worker-0/DEBUG] [net.minecraftforge.fml.javafmlmod.AutomaticEventSubscriber/LOADING]: Attempting to inject @EventBusSubscriber classes into the eventbus for alexscaves
[04Mar2025 02:55:24.637] [modloading-worker-0/DEBUG] [net.minecraftforge.fml.javafmlmod.AutomaticEventSubscriber/LOADING]: Auto-subscribing com.github.alexmodguy.alexscaves.server.entity.ACEntityRegistry to MOD
[04Mar2025 02:55:24.779] [modloading-worker-0/DEBUG] [net.minecraftforge.fml.javafmlmod.AutomaticEventSubscriber/LOADING]: Attempting to inject @EventBusSubscriber classes into the eventbus for twilightforest
[04Mar2025 02:55:24.779] [modloading-worker-0/DEBUG] [net.minecraftforge.fml.javafmlmod.AutomaticEventSubscriber/LOADING]: Auto-subscribing twilightforest.util.TFRemapper to FORGE
[04Mar2025 02:55:24.781] [modloading-worker-0/DEBUG] [net.minecraftforge.fml.javafmlmod.AutomaticEventSubscriber/LOADING]: Auto-subscribing twilightforest.loot.modifiers.GiantToolGroupingModifier to FORGE
[04Mar2025 02:55:24.806] [modloading-worker-0/DEBUG] [net.minecraftforge.fml.javafmlmod.AutomaticEventSubscriber/LOADING]: Auto-subscribing twilightforest.item.OreMagnetItem to FORGE
[04Mar2025 02:55:24.814] [modloading-worker-0/DEBUG] [net.minecraftforge.fml.javafmlmod.AutomaticEventSubscriber/LOADING]: Auto-subscribing twilightforest.item.FierySwordItem to FORGE
[04Mar2025 02:55:24.814] [modloading-worker-0/DEBUG] [net.minecraftforge.fml.javafmlmod.AutomaticEventSubscriber/LOADING]: Auto-subscribing twilightforest.init.TFEntities to MOD
[04Mar2025 02:55:24.815] [modloading-worker-0/DEBUG] [net.minecraftforge.fml.javafmlmod.AutomaticEventSubscriber/LOADING]: Auto-subscribing twilightforest.init.TFCaveCarvers to MOD
[04Mar2025 02:55:24.817] [modloading-worker-0/DEBUG] [net.minecraftforge.fml.javafmlmod.AutomaticEventSubscriber/LOADING]: Auto-subscribing twilightforest.events.ToolEvents to FORGE
[04Mar2025 02:55:24.822] [modloading-worker-0/DEBUG] [net.minecraftforge.fml.javafmlmod.AutomaticEventSubscriber/LOADING]: Auto-subscribing twilightforest.events.ProgressionEvents to FORGE
[04Mar2025 02:55:24.834] [modloading-worker-0/DEBUG] [net.minecraftforge.fml.javafmlmod.AutomaticEventSubscriber/LOADING]: Auto-subscribing twilightforest.events.MiscEvents to FORGE
[04Mar2025 02:55:24.835] [modloading-worker-0/DEBUG] [net.minecraftforge.fml.javafmlmod.AutomaticEventSubscriber/LOADING]: Auto-subscribing twilightforest.events.HostileMountEvents to FORGE
[04Mar2025 02:55:24.842] [modloading-worker-0/DEBUG] [net.minecraftforge.fml.javafmlmod.AutomaticEventSubscriber/LOADING]: Auto-subscribing twilightforest.events.EntityEvents to FORGE
[04Mar2025 02:55:24.861] [modloading-worker-0/DEBUG] [net.minecraftforge.fml.javafmlmod.AutomaticEventSubscriber/LOADING]: Auto-subscribing twilightforest.events.CharmEvents to FORGE
[04Mar2025 02:55:24.865] [modloading-worker-0/DEBUG] [net.minecraftforge.fml.javafmlmod.AutomaticEventSubscriber/LOADING]: Auto-subscribing twilightforest.events.CapabilityEvents to FORGE
[04Mar2025 02:55:24.867] [modloading-worker-0/DEBUG] [net.minecraftforge.fml.javafmlmod.AutomaticEventSubscriber/LOADING]: Auto-subscribing twilightforest.data.DataGenerators to MOD
[04Mar2025 02:55:24.869] [modloading-worker-0/DEBUG] [net.minecraftforge.fml.javafmlmod.AutomaticEventSubscriber/LOADING]: Auto-subscribing twilightforest.TFTickHandler to FORGE
[04Mar2025 02:55:24.870] [modloading-worker-0/DEBUG] [net.minecraftforge.fml.javafmlmod.AutomaticEventSubscriber/LOADING]: Auto-subscribing twilightforest.TFConfig to MOD
[04Mar2025 02:55:24.871] [modloading-worker-0/DEBUG] [net.minecraftforge.fml.javafmlmod.AutomaticEventSubscriber/LOADING]: Auto-subscribing twilightforest.TFConfig$ConfigSync to FORGE
[04Mar2025 02:55:24.875] [modloading-worker-0/DEBUG] [net.minecraftforge.fml.javafmlmod.AutomaticEventSubscriber/LOADING]: Attempting to inject @EventBusSubscriber classes into the eventbus for lionfishapi
[04Mar2025 02:55:24.877] [modloading-worker-0/DEBUG] [net.minecraftforge.fml.javafmlmod.AutomaticEventSubscriber/LOADING]: Auto-subscribing com.github.L_Ender.lionfishapi.LionfishAPI to FORGE
[04Mar2025 02:55:24.877] [modloading-worker-0/DEBUG] [net.minecraftforge.fml.javafmlmod.AutomaticEventSubscriber/LOADING]: Auto-subscribing com.github.L_Ender.lionfishapi.CommonProxy to MOD
[04Mar2025 02:55:24.885] [modloading-worker-0/DEBUG] [net.minecraftforge.fml.javafmlmod.AutomaticEventSubscriber/LOADING]: Attempting to inject @EventBusSubscriber classes into the eventbus for botania
[04Mar2025 02:55:24.886] [modloading-worker-0/DEBUG] [net.minecraftforge.fml.javafmlmod.AutomaticEventSubscriber/LOADING]: Auto-subscribing vazkii.botania.forge.internal_caps.ForgeInternalEntityCapabilities$ModBusEvents to MOD
[04Mar2025 02:55:24.887] [modloading-worker-0/DEBUG] [net.minecraftforge.fml.javafmlmod.AutomaticEventSubscriber/LOADING]: Auto-subscribing vazkii.botania.forge.internal_caps.ForgeInternalEntityCapabilities$ForgeBusEvents to FORGE
[04Mar2025 02:55:24.904] [modloading-worker-0/DEBUG] [net.minecraftforge.fml.javafmlmod.AutomaticEventSubscriber/LOADING]: Auto-subscribing vazkii.botania.forge.data.ForgeDatagenInitializer to MOD
[04Mar2025 02:55:24.905] [modloading-worker-0/DEBUG] [net.minecraftforge.fml.javafmlmod.AutomaticEventSubscriber/LOADING]: Auto-subscribing vazkii.botania.forge.ForgeRegistryHandler to MOD
[04Mar2025 02:55:24.906] [modloading-worker-0/DEBUG] [net.minecraftforge.fml.javafmlmod.AutomaticEventSubscriber/LOADING]: Auto-subscribing vazkii.botania.forge.ForgeBotaniaConfig to MOD
[04Mar2025 02:55:24.982] [modloading-worker-0/DEBUG] [net.minecraftforge.fml.config.ConfigTracker/CONFIG]: Config file easy_villagers-server.toml for easy_villagers tracking
[04Mar2025 02:55:24.984] [modloading-worker-0/DEBUG] [net.minecraftforge.fml.config.ConfigTracker/CONFIG]: Config file easy_villagers-client.toml for easy_villagers tracking
[04Mar2025 02:55:24.984] [modloading-worker-0/DEBUG] [net.minecraftforge.fml.javafmlmod.AutomaticEventSubscriber/LOADING]: Attempting to inject @EventBusSubscriber classes into the eventbus for easy_villagers
[04Mar2025 02:55:25.011] [modloading-worker-0/DEBUG] [net.minecraftforge.fml.config.ConfigTracker/CONFIG]: Config file cataclysm.toml for cataclysm tracking
[04Mar2025 02:55:25.042] [modloading-worker-0/DEBUG] [net.minecraftforge.fml.javafmlmod.AutomaticEventSubscriber/LOADING]: Attempting to inject @EventBusSubscriber classes into the eventbus for terramity
[04Mar2025 02:55:25.042] [modloading-worker-0/DEBUG] [net.minecraftforge.fml.javafmlmod.AutomaticEventSubscriber/LOADING]: Auto-subscribing net.mcreator.terramity.world.features.StructureFeature to FORGE
[04Mar2025 02:55:25.044] [modloading-worker-0/DEBUG] [net.minecraftforge.fml.javafmlmod.AutomaticEventSubscriber/LOADING]: Auto-subscribing net.mcreator.terramity.recipes.brewing.VulnerabilityRecipeBrewingRecipe to MOD
[04Mar2025 02:55:25.045] [modloading-worker-0/DEBUG] [net.minecraftforge.fml.javafmlmod.AutomaticEventSubscriber/LOADING]: Auto-subscribing net.mcreator.terramity.recipes.brewing.AmpingRecipeBrewingRecipe to MOD
[04Mar2025 02:55:25.049] [modloading-worker-0/DEBUG] [net.minecraftforge.fml.javafmlmod.AutomaticEventSubscriber/LOADING]: Auto-subscribing net.mcreator.terramity.procedures.XPRemedyRingBonusProcedure to FORGE
[04Mar2025 02:55:25.058] [modloading-worker-0/DEBUG] [net.minecraftforge.fml.javafmlmod.AutomaticEventSubscriber/LOADING]: Auto-subscribing net.mcreator.terramity.procedures.WizardsDespawnProcedure to FORGE
[04Mar2025 02:55:25.059] [modloading-worker-0/DEBUG] [net.minecraftforge.fml.javafmlmod.AutomaticEventSubscriber/LOADING]: Auto-subscribing net.mcreator.terramity.procedures.VulnerableProcProcedure to FORGE
[04Mar2025 02:55:25.060] [modloading-worker-0/DEBUG] [net.minecraftforge.fml.javafmlmod.AutomaticEventSubscriber/LOADING]: Auto-subscribing net.mcreator.terramity.procedures.UntimelyDeathLightningProcedure to FORGE
[04Mar2025 02:55:25.059] [modloading-worker-0/DEBUG] [net.minecraftforge.fml.javafmlmod.AutomaticEventSubscriber/LOADING]: Attempting to inject @EventBusSubscriber classes into the eventbus for domum_ornamentum
[04Mar2025 02:55:25.061] [modloading-worker-0/DEBUG] [net.minecraftforge.fml.javafmlmod.AutomaticEventSubscriber/LOADING]: Auto-subscribing com.ldtteam.domumornamentum.event.handlers.ModBusEventHandler to MOD
[04Mar2025 02:55:25.065] [modloading-worker-0/DEBUG] [net.minecraftforge.fml.javafmlmod.AutomaticEventSubscriber/LOADING]: Auto-subscribing net.mcreator.terramity.procedures.UntimelyDeathDropProcedure to FORGE
[04Mar2025 02:55:25.066] [modloading-worker-0/DEBUG] [net.minecraftforge.fml.javafmlmod.AutomaticEventSubscriber/LOADING]: Auto-subscribing net.mcreator.terramity.procedures.TrueCritProcProcedure to FORGE
[04Mar2025 02:55:25.065] [modloading-worker-0/DEBUG] [net.minecraftforge.fml.javafmlmod.AutomaticEventSubscriber/LOADING]: Auto-subscribing com.ldtteam.domumornamentum.block.ModCreativeTabs to MOD
[04Mar2025 02:55:25.067] [modloading-worker-0/DEBUG] [net.minecraftforge.fml.javafmlmod.AutomaticEventSubscriber/LOADING]: Auto-subscribing com.ldtteam.domumornamentum.block.ModBlocks to MOD
[04Mar2025 02:55:25.072] [modloading-worker-0/DEBUG] [net.minecraftforge.fml.javafmlmod.AutomaticEventSubscriber/LOADING]: Auto-subscribing net.mcreator.terramity.procedures.TrialGuardianDespawnProcedure to FORGE
[04Mar2025 02:55:25.073] [modloading-worker-0/DEBUG] [net.minecraftforge.fml.javafmlmod.AutomaticEventSubscriber/LOADING]: Auto-subscribing net.mcreator.terramity.procedures.TimeObtainProcedure to FORGE
[04Mar2025 02:55:25.075] [modloading-worker-0/DEBUG] [net.minecraftforge.fml.javafmlmod.AutomaticEventSubscriber/LOADING]: Auto-subscribing net.mcreator.terramity.procedures.TerawattBracersProcProcedure to FORGE
[04Mar2025 02:55:25.081] [modloading-worker-0/DEBUG] [net.minecraftforge.fml.config.ConfigTracker/CONFIG]: Config file curios-client.toml for curios tracking
[04Mar2025 02:55:25.086] [modloading-worker-0/DEBUG] [net.minecraftforge.fml.javafmlmod.AutomaticEventSubscriber/LOADING]: Auto-subscribing net.mcreator.terramity.procedures.TearstoneRingEquippedProcedure to FORGE
[04Mar2025 02:55:25.087] [modloading-worker-0/DEBUG] [net.minecraftforge.fml.javafmlmod.AutomaticEventSubscriber/LOADING]: Auto-subscribing net.mcreator.terramity.procedures.SwagGlassesTakenProcProcedure to FORGE
[04Mar2025 02:55:25.088] [modloading-worker-0/DEBUG] [net.minecraftforge.fml.javafmlmod.AutomaticEventSubscriber/LOADING]: Auto-subscribing net.mcreator.terramity.procedures.SwagGlassesDealProcProcedure to FORGE
[04Mar2025 02:55:25.088] [modloading-worker-0/DEBUG] [net.minecraftforge.fml.config.ConfigTracker/CONFIG]: Config file curios-common.toml for curios tracking
[04Mar2025 02:55:25.088] [modloading-worker-0/DEBUG] [net.minecraftforge.fml.config.ConfigTracker/CONFIG]: Config file curios-server.toml for curios tracking
[04Mar2025 02:55:25.088] [modloading-worker-0/DEBUG] [net.minecraftforge.fml.javafmlmod.AutomaticEventSubscriber/LOADING]: Attempting to inject @EventBusSubscriber classes into the eventbus for curios
[04Mar2025 02:55:25.093] [modloading-worker-0/DEBUG] [net.minecraftforge.fml.config.ConfigTracker/CONFIG]: Config file patchouli-client.toml for patchouli tracking
[04Mar2025 02:55:25.094] [modloading-worker-0/DEBUG] [net.minecraftforge.fml.javafmlmod.AutomaticEventSubscriber/LOADING]: Attempting to inject @EventBusSubscriber classes into the eventbus for patchouli
[04Mar2025 02:55:25.095] [modloading-worker-0/DEBUG] [net.minecraftforge.fml.javafmlmod.AutomaticEventSubscriber/LOADING]: Auto-subscribing vazkii.patchouli.forge.common.ForgeModInitializer to MOD
[04Mar2025 02:55:25.096] [modloading-worker-0/DEBUG] [net.minecraftforge.fml.javafmlmod.AutomaticEventSubscriber/LOADING]: Attempting to inject @EventBusSubscriber classes into the eventbus for blockui
[04Mar2025 02:55:25.109] [modloading-worker-0/DEBUG] [net.minecraftforge.fml.javafmlmod.AutomaticEventSubscriber/LOADING]: Auto-subscribing net.mcreator.terramity.procedures.SuperSnifferSpawnProcProcedure to FORGE
[04Mar2025 02:55:25.110] [modloading-worker-0/DEBUG] [net.minecraftforge.fml.javafmlmod.AutomaticEventSubscriber/LOADING]: Auto-subscribing net.mcreator.terramity.procedures.SuperSnifferDespawnProcedure to FORGE
[04Mar2025 02:55:25.111] [modloading-worker-0/DEBUG] [net.minecraftforge.fml.javafmlmod.AutomaticEventSubscriber/LOADING]: Auto-subscribing net.mcreator.terramity.procedures.StillnessScarfProcProcedure to FORGE
[04Mar2025 02:55:25.112] [modloading-worker-0/DEBUG] [net.minecraftforge.fml.javafmlmod.AutomaticEventSubscriber/LOADING]: Auto-subscribing net.mcreator.terramity.procedures.SteelShellProcProcedure to FORGE
[04Mar2025 02:55:25.112] [modloading-worker-0/DEBUG] [net.minecraftforge.fml.javafmlmod.AutomaticEventSubscriber/LOADING]: Auto-subscribing net.mcreator.terramity.procedures.SigilOfInsanityProcProcedure to FORGE
[04Mar2025 02:55:25.113] [modloading-worker-0/DEBUG] [net.minecraftforge.fml.javafmlmod.AutomaticEventSubscriber/LOADING]: Auto-subscribing net.mcreator.terramity.procedures.ShinobiSashProcProcedure to FORGE
[04Mar2025 02:55:25.114] [modloading-worker-0/DEBUG] [net.minecraftforge.fml.javafmlmod.AutomaticEventSubscriber/LOADING]: Auto-subscribing net.mcreator.terramity.procedures.SharpStoneProcProcedure to FORGE
[04Mar2025 02:55:25.115] [modloading-worker-0/DEBUG] [net.minecraftforge.fml.javafmlmod.AutomaticEventSubscriber/LOADING]: Auto-subscribing net.mcreator.terramity.procedures.ShadowflameStoneProcProcedure to FORGE
[04Mar2025 02:55:25.115] [modloading-worker-0/DEBUG] [net.minecraftforge.fml.javafmlmod.AutomaticEventSubscriber/LOADING]: Auto-subscribing net.mcreator.terramity.procedures.ShadowflamePlaceProcedureProcedure to FORGE
[04Mar2025 02:55:25.116] [modloading-worker-0/DEBUG] [net.minecraftforge.fml.javafmlmod.AutomaticEventSubscriber/LOADING]: Auto-subscribing net.mcreator.terramity.procedures.ReveriumPaladinChestplateTickEventProcedure to FORGE
[04Mar2025 02:55:25.117] [modloading-worker-0/DEBUG] [net.minecraftforge.fml.javafmlmod.AutomaticEventSubscriber/LOADING]: Auto-subscribing net.mcreator.terramity.procedures.ReboundScarfReboundProcedure to FORGE
[04Mar2025 02:55:25.117] [modloading-worker-0/DEBUG] [net.minecraftforge.fml.javafmlmod.AutomaticEventSubscriber/LOADING]: Auto-subscribing net.mcreator.terramity.procedures.RangedDamageBonusProcProcedure to FORGE
[04Mar2025 02:55:25.118] [modloading-worker-0/DEBUG] [net.minecraftforge.fml.javafmlmod.AutomaticEventSubscriber/LOADING]: Auto-subscribing net.mcreator.terramity.procedures.ProximityBadgeProcProcedure to FORGE
[04Mar2025 02:55:25.119] [modloading-worker-0/DEBUG] [net.minecraftforge.fml.javafmlmod.AutomaticEventSubscriber/LOADING]: Auto-subscribing net.mcreator.terramity.procedures.ProximityBadgeProcBackwardsProcedure to FORGE
[04Mar2025 02:55:25.119] [modloading-worker-0/DEBUG] [net.minecraftforge.fml.javafmlmod.AutomaticEventSubscriber/LOADING]: Auto-subscribing net.mcreator.terramity.procedures.ProjectileDefenseProcProcedure to FORGE
[04Mar2025 02:55:25.128] [modloading-worker-0/DEBUG] [net.minecraftforge.fml.javafmlmod.AutomaticEventSubscriber/LOADING]: Auto-subscribing net.mcreator.terramity.procedures.PrismaticScarfProcProcedure to FORGE
[04Mar2025 02:55:25.129] [modloading-worker-0/DEBUG] [net.minecraftforge.fml.javafmlmod.AutomaticEventSubscriber/LOADING]: Auto-subscribing net.mcreator.terramity.procedures.PrismaticGauntletProcProcedure to FORGE
[04Mar2025 02:55:25.130] [modloading-worker-0/DEBUG] [net.minecraftforge.fml.javafmlmod.AutomaticEventSubscriber/LOADING]: Auto-subscribing net.mcreator.terramity.procedures.PotOfHotCoalsProcedureProcedure to FORGE
[04Mar2025 02:55:25.130] [modloading-worker-0/DEBUG] [net.minecraftforge.fml.javafmlmod.AutomaticEventSubscriber/LOADING]: Auto-subscribing net.mcreator.terramity.procedures.PokerChipBraceletProcProcedure to FORGE
[04Mar2025 02:55:25.131] [modloading-worker-0/DEBUG] [net.minecraftforge.fml.javafmlmod.AutomaticEventSubscriber/LOADING]: Auto-subscribing net.mcreator.terramity.procedures.PhasingShaderProcedure to FORGE
[04Mar2025 02:55:25.132] [modloading-worker-0/DEBUG] [net.minecraftforge.fml.javafmlmod.AutomaticEventSubscriber/LOADING]: Auto-subscribing net.mcreator.terramity.procedures.NullDiceProcProcedure to FORGE
[04Mar2025 02:55:25.137] [modloading-worker-0/DEBUG] [net.minecraftforge.fml.javafmlmod.AutomaticEventSubscriber/LOADING]: Auto-subscribing net.mcreator.terramity.procedures.MisprogrammedProcProcedure to FORGE
[04Mar2025 02:55:25.137] [modloading-worker-0/DEBUG] [net.minecraftforge.fml.javafmlmod.AutomaticEventSubscriber/LOADING]: Auto-subscribing net.mcreator.terramity.procedures.MerlinDeathProcProcedure to FORGE
[04Mar2025 02:55:25.138] [modloading-worker-0/DEBUG] [net.minecraftforge.fml.javafmlmod.AutomaticEventSubscriber/LOADING]: Auto-subscribing net.mcreator.terramity.procedures.MaledictionBraceletsProcProcedure to FORGE
[04Mar2025 02:55:25.139] [modloading-worker-0/DEBUG] [net.minecraftforge.fml.javafmlmod.AutomaticEventSubscriber/LOADING]: Auto-subscribing net.mcreator.terramity.procedures.MagmaStoneProcProcedure to FORGE
[04Mar2025 02:55:25.149] [modloading-worker-0/DEBUG] [net.minecraftforge.fml.javafmlmod.AutomaticEventSubscriber/LOADING]: Auto-subscribing net.mcreator.terramity.procedures.LifestealProcProcedure to FORGE
[04Mar2025 02:55:25.150] [modloading-worker-0/DEBUG] [net.minecraftforge.fml.javafmlmod.AutomaticEventSubscriber/LOADING]: Auto-subscribing net.mcreator.terramity.procedures.LavaGauntletProcProcedure to FORGE
[04Mar2025 02:55:25.151] [modloading-worker-0/DEBUG] [net.minecraftforge.fml.javafmlmod.AutomaticEventSubscriber/LOADING]: Auto-subscribing net.mcreator.terramity.procedures.HeadhunterProcProcedure to FORGE
[04Mar2025 02:55:25.151] [modloading-worker-0/DEBUG] [net.minecraftforge.fml.javafmlmod.AutomaticEventSubscriber/LOADING]: Auto-subscribing net.mcreator.terramity.procedures.HeadhunterPlusProcProcedure to FORGE
[04Mar2025 02:55:25.157] [modloading-worker-0/DEBUG] [net.minecraftforge.fml.javafmlmod.AutomaticEventSubscriber/LOADING]: Auto-subscribing net.mcreator.terramity.procedures.HamstickProcProcedure to FORGE
[04Mar2025 02:55:25.158] [modloading-worker-0/DEBUG] [net.minecraftforge.fml.javafmlmod.AutomaticEventSubscriber/LOADING]: Auto-subscribing net.mcreator.terramity.procedures.GravityGauntletProcProcedure to FORGE
[04Mar2025 02:55:25.165] [modloading-worker-0/DEBUG] [moe.plushie.armourers_workshop.ArmourersWorkshop/]: Registering Skin Part 'armourers:unknown'
[04Mar2025 02:55:25.165] [modloading-worker-0/DEBUG] [moe.plushie.armourers_workshop.ArmourersWorkshop/]: Registering Skin Part 'armourers:hat.base'
[04Mar2025 02:55:25.165] [modloading-worker-0/DEBUG] [net.minecraftforge.fml.javafmlmod.AutomaticEventSubscriber/LOADING]: Auto-subscribing net.mcreator.terramity.procedures.GoldMedalProcProcedure to FORGE
[04Mar2025 02:55:25.165] [modloading-worker-0/DEBUG] [moe.plushie.armourers_workshop.ArmourersWorkshop/]: Registering Skin Part 'armourers:head.base'
[04Mar2025 02:55:25.165] [modloading-worker-0/DEBUG] [moe.plushie.armourers_workshop.ArmourersWorkshop/]: Registering Skin Part 'armourers:chest.base'
[04Mar2025 02:55:25.165] [modloading-worker-0/DEBUG] [moe.plushie.armourers_workshop.ArmourersWorkshop/]: Registering Skin Part 'armourers:chest.leftArm'
[04Mar2025 02:55:25.165] [modloading-worker-0/DEBUG] [moe.plushie.armourers_workshop.ArmourersWorkshop/]: Registering Skin Part 'armourers:chest.rightArm'
[04Mar2025 02:55:25.167] [modloading-worker-0/DEBUG] [net.minecraftforge.fml.javafmlmod.AutomaticEventSubscriber/LOADING]: Auto-subscribing net.mcreator.terramity.procedures.GoldMedalDamageProcProcedure to FORGE
[04Mar2025 02:55:25.167] [modloading-worker-0/DEBUG] [net.minecraftforge.fml.javafmlmod.AutomaticEventSubscriber/LOADING]: Auto-subscribing net.mcreator.terramity.procedures.GobThisEntityKillsAnotherOneProcedure to FORGE
[04Mar2025 02:55:25.168] [modloading-worker-0/DEBUG] [net.minecraftforge.fml.javafmlmod.AutomaticEventSubscriber/LOADING]: Auto-subscribing net.mcreator.terramity.procedures.GnomeRingProcProcedure to FORGE
[04Mar2025 02:55:25.169] [modloading-worker-0/DEBUG] [net.minecraftforge.fml.javafmlmod.AutomaticEventSubscriber/LOADING]: Auto-subscribing net.mcreator.terramity.procedures.GlassRingFunctionProcedure to FORGE
[04Mar2025 02:55:25.170] [modloading-worker-0/DEBUG] [net.minecraftforge.fml.javafmlmod.AutomaticEventSubscriber/LOADING]: Auto-subscribing net.mcreator.terramity.procedures.GiantSniffersHoofActiveProcProcedure to FORGE
[04Mar2025 02:55:25.172] [modloading-worker-0/DEBUG] [net.minecraftforge.fml.javafmlmod.AutomaticEventSubscriber/LOADING]: Auto-subscribing net.mcreator.terramity.procedures.GauntletOfDecayProcProcedure to FORGE
[04Mar2025 02:55:25.173] [modloading-worker-0/DEBUG] [net.minecraftforge.fml.javafmlmod.AutomaticEventSubscriber/LOADING]: Auto-subscribing net.mcreator.terramity.procedures.FragileDivinityProcProcedure to FORGE
[04Mar2025 02:55:25.174] [modloading-worker-0/DEBUG] [net.minecraftforge.fml.javafmlmod.AutomaticEventSubscriber/LOADING]: Auto-subscribing net.mcreator.terramity.procedures.FocusScarfReviveProcedure to FORGE
[04Mar2025 02:55:25.165] [modloading-worker-0/DEBUG] [moe.plushie.armourers_workshop.ArmourersWorkshop/]: Registering Skin Part 'armourers:legs.skirt'
[04Mar2025 02:55:25.179] [modloading-worker-0/DEBUG] [moe.plushie.armourers_workshop.ArmourersWorkshop/]: Registering Skin Part 'armourers:legs.leftLeg'
[04Mar2025 02:55:25.179] [modloading-worker-0/DEBUG] [moe.plushie.armourers_workshop.ArmourersWorkshop/]: Registering Skin Part 'armourers:legs.rightLeg'
[04Mar2025 02:55:25.179] [modloading-worker-0/DEBUG] [moe.plushie.armourers_workshop.ArmourersWorkshop/]: Registering Skin Part 'armourers:feet.leftFoot'
[04Mar2025 02:55:25.180] [modloading-worker-0/DEBUG] [moe.plushie.armourers_workshop.ArmourersWorkshop/]: Registering Skin Part 'armourers:feet.rightFoot'
[04Mar2025 02:55:25.180] [modloading-worker-0/DEBUG] [moe.plushie.armourers_workshop.ArmourersWorkshop/]: Registering Skin Part 'armourers:wings.leftWing'
[04Mar2025 02:55:25.182] [modloading-worker-0/DEBUG] [net.minecraftforge.fml.javafmlmod.AutomaticEventSubscriber/LOADING]: Auto-subscribing net.mcreator.terramity.procedures.FeatherDamageReductionProcedure to FORGE
[04Mar2025 02:55:25.184] [modloading-worker-0/DEBUG] [net.minecraftforge.fml.javafmlmod.AutomaticEventSubscriber/LOADING]: Auto-subscribing net.mcreator.terramity.procedures.FatefulCoinProcProcedure to FORGE
[04Mar2025 02:55:25.185] [modloading-worker-0/DEBUG] [net.minecraftforge.fml.javafmlmod.AutomaticEventSubscriber/LOADING]: Auto-subscribing net.mcreator.terramity.procedures.FatefulCoinBackwardsProcedure to FORGE
[04Mar2025 02:55:25.186] [modloading-worker-0/DEBUG] [net.minecraftforge.fml.javafmlmod.AutomaticEventSubscriber/LOADING]: Auto-subscribing net.mcreator.terramity.procedures.FamineGauntletProcProcedure to FORGE
[04Mar2025 02:55:25.180] [modloading-worker-0/DEBUG] [moe.plushie.armourers_workshop.ArmourersWorkshop/]: Registering Skin Part 'armourers:wings.rightWing'
[04Mar2025 02:55:25.188] [modloading-worker-0/DEBUG] [moe.plushie.armourers_workshop.ArmourersWorkshop/]: Registering Skin Part 'armourers:wings.leftWing2'
[04Mar2025 02:55:25.189] [modloading-worker-0/DEBUG] [moe.plushie.armourers_workshop.ArmourersWorkshop/]: Registering Skin Part 'armourers:wings.rightWing2'
[04Mar2025 02:55:25.189] [modloading-worker-0/DEBUG] [moe.plushie.armourers_workshop.ArmourersWorkshop/]: Registering Skin Part 'armourers:chest.base2'
[04Mar2025 02:55:25.189] [modloading-worker-0/DEBUG] [moe.plushie.armourers_workshop.ArmourersWorkshop/]: Registering Skin Part 'armourers:chest.leftArm2'
[04Mar2025 02:55:25.189] [modloading-worker-0/DEBUG] [moe.plushie.armourers_workshop.ArmourersWorkshop/]: Registering Skin Part 'armourers:chest.rightArm2'
[04Mar2025 02:55:25.189] [modloading-worker-0/DEBUG] [moe.plushie.armourers_workshop.ArmourersWorkshop/]: Registering Skin Part 'armourers:legs.leftLeg2'
[04Mar2025 02:55:25.189] [modloading-worker-0/DEBUG] [moe.plushie.armourers_workshop.ArmourersWorkshop/]: Registering Skin Part 'armourers:legs.rightLeg2'
[04Mar2025 02:55:25.189] [modloading-worker-0/DEBUG] [moe.plushie.armourers_workshop.ArmourersWorkshop/]: Registering Skin Part 'armourers:pickaxe.base'
[04Mar2025 02:55:25.189] [modloading-worker-0/DEBUG] [moe.plushie.armourers_workshop.ArmourersWorkshop/]: Registering Skin Part 'armourers:axe.base'
[04Mar2025 02:55:25.189] [modloading-worker-0/DEBUG] [moe.plushie.armourers_workshop.ArmourersWorkshop/]: Registering Skin Part 'armourers:shovel.base'
[04Mar2025 02:55:25.189] [modloading-worker-0/DEBUG] [moe.plushie.armourers_workshop.ArmourersWorkshop/]: Registering Skin Part 'armourers:hoe.base'
[04Mar2025 02:55:25.189] [modloading-worker-0/DEBUG] [net.minecraftforge.fml.javafmlmod.AutomaticEventSubscriber/LOADING]: Auto-subscribing net.mcreator.terramity.procedures.FairyBottleReviveProcedure to FORGE
[04Mar2025 02:55:25.192] [modloading-worker-0/DEBUG] [moe.plushie.armourers_workshop.ArmourersWorkshop/]: Registering Skin Part 'armourers:bow.frame0'
[04Mar2025 02:55:25.192] [modloading-worker-0/DEBUG] [moe.plushie.armourers_workshop.ArmourersWorkshop/]: Registering Skin Part 'armourers:bow.frame1'
[04Mar2025 02:55:25.192] [modloading-worker-0/DEBUG] [moe.plushie.armourers_workshop.ArmourersWorkshop/]: Registering Skin Part 'armourers:bow.frame2'
[04Mar2025 02:55:25.193] [modloading-worker-0/DEBUG] [moe.plushie.armourers_workshop.ArmourersWorkshop/]: Registering Skin Part 'armourers:bow.frame3'
[04Mar2025 02:55:25.193] [modloading-worker-0/DEBUG] [moe.plushie.armourers_workshop.ArmourersWorkshop/]: Registering Skin Part 'armourers:bow.arrow'
[04Mar2025 02:55:25.194] [modloading-worker-0/DEBUG] [moe.plushie.armourers_workshop.ArmourersWorkshop/]: Registering Skin Part 'armourers:sword.base'
[04Mar2025 02:55:25.194] [modloading-worker-0/DEBUG] [moe.plushie.armourers_workshop.ArmourersWorkshop/]: Registering Skin Part 'armourers:shield.base'
[04Mar2025 02:55:25.194] [modloading-worker-0/DEBUG] [moe.plushie.armourers_workshop.ArmourersWorkshop/]: Registering Skin Part 'armourers:trident.base'
[04Mar2025 02:55:25.194] [modloading-worker-0/DEBUG] [moe.plushie.armourers_workshop.ArmourersWorkshop/]: Registering Skin Part 'armourers:fishing.rod'
[04Mar2025 02:55:25.194] [modloading-worker-0/DEBUG] [moe.plushie.armourers_workshop.ArmourersWorkshop/]: Registering Skin Part 'armourers:fishing.hook'
[04Mar2025 02:55:25.194] [modloading-worker-0/DEBUG] [moe.plushie.armourers_workshop.ArmourersWorkshop/]: Registering Skin Part 'armourers:backpack.base'
[04Mar2025 02:55:25.195] [modloading-worker-0/DEBUG] [moe.plushie.armourers_workshop.ArmourersWorkshop/]: Registering Skin Part 'armourers:shield.blocking'
[04Mar2025 02:55:25.195] [modloading-worker-0/DEBUG] [moe.plushie.armourers_workshop.ArmourersWorkshop/]: Registering Skin Part 'armourers:trident.throwing'
[04Mar2025 02:55:25.196] [modloading-worker-0/DEBUG] [moe.plushie.armourers_workshop.ArmourersWorkshop/]: Registering Skin Part 'armourers:fishing.rod1'
[04Mar2025 02:55:25.196] [modloading-worker-0/DEBUG] [moe.plushie.armourers_workshop.ArmourersWorkshop/]: Registering Skin Part 'armourers:item.base'
[04Mar2025 02:55:25.196] [modloading-worker-0/DEBUG] [moe.plushie.armourers_workshop.ArmourersWorkshop/]: Registering Skin Part 'armourers:block.base'
[04Mar2025 02:55:25.197] [modloading-worker-0/DEBUG] [moe.plushie.armourers_workshop.ArmourersWorkshop/]: Registering Skin Part 'armourers:block.multiblock'
[04Mar2025 02:55:25.197] [modloading-worker-0/DEBUG] [moe.plushie.armourers_workshop.ArmourersWorkshop/]: Registering Skin Part 'armourers:part.advanced_part'
[04Mar2025 02:55:25.197] [modloading-worker-0/DEBUG] [moe.plushie.armourers_workshop.ArmourersWorkshop/]: Registering Skin Part 'armourers:part.locator'
[04Mar2025 02:55:25.197] [modloading-worker-0/DEBUG] [moe.plushie.armourers_workshop.ArmourersWorkshop/]: Registering Skin Part 'armourers:part.static'
[04Mar2025 02:55:25.197] [modloading-worker-0/DEBUG] [moe.plushie.armourers_workshop.ArmourersWorkshop/]: Registering Skin Part 'armourers:part.float'
[04Mar2025 02:55:25.197] [modloading-worker-0/DEBUG] [moe.plushie.armourers_workshop.ArmourersWorkshop/]: Registering Skin Part 'armourers:boat.base'
[04Mar2025 02:55:25.197] [modloading-worker-0/DEBUG] [moe.plushie.armourers_workshop.ArmourersWorkshop/]: Registering Skin Part 'armourers:boat.leftPaddle'
[04Mar2025 02:55:25.197] [modloading-worker-0/DEBUG] [moe.plushie.armourers_workshop.ArmourersWorkshop/]: Registering Skin Part 'armourers:boat.rightPaddle'
[04Mar2025 02:55:25.198] [modloading-worker-0/DEBUG] [moe.plushie.armourers_workshop.ArmourersWorkshop/]: Registering Skin Part 'armourers:minecart.base'
[04Mar2025 02:55:25.198] [modloading-worker-0/DEBUG] [moe.plushie.armourers_workshop.ArmourersWorkshop/]: Registering Skin Part 'armourers:horse.head'
[04Mar2025 02:55:25.198] [modloading-worker-0/DEBUG] [moe.plushie.armourers_workshop.ArmourersWorkshop/]: Registering Skin Part 'armourers:horse.neck'
[04Mar2025 02:55:25.198] [modloading-worker-0/DEBUG] [moe.plushie.armourers_workshop.ArmourersWorkshop/]: Registering Skin Part 'armourers:horse.chest'
[04Mar2025 02:55:25.198] [modloading-worker-0/DEBUG] [moe.plushie.armourers_workshop.ArmourersWorkshop/]: Registering Skin Part 'armourers:horse.left_front_leg'
[04Mar2025 02:55:25.203] [modloading-worker-0/DEBUG] [moe.plushie.armourers_workshop.ArmourersWorkshop/]: Registering Skin Part 'armourers:horse.right_front_leg'
[04Mar2025 02:55:25.204] [modloading-worker-0/DEBUG] [moe.plushie.armourers_workshop.ArmourersWorkshop/]: Registering Skin Part 'armourers:horse.left_hind_leg'
[04Mar2025 02:55:25.204] [modloading-worker-0/DEBUG] [moe.plushie.armourers_workshop.ArmourersWorkshop/]: Registering Skin Part 'armourers:horse.right_hind_leg'
[04Mar2025 02:55:25.204] [modloading-worker-0/DEBUG] [moe.plushie.armourers_workshop.ArmourersWorkshop/]: Registering Skin Part 'armourers:horse.left_front_leg2'
[04Mar2025 02:55:25.204] [modloading-worker-0/DEBUG] [moe.plushie.armourers_workshop.ArmourersWorkshop/]: Registering Skin Part 'armourers:horse.right_front_leg2'
[04Mar2025 02:55:25.204] [modloading-worker-0/DEBUG] [moe.plushie.armourers_workshop.ArmourersWorkshop/]: Registering Skin Part 'armourers:horse.left_hind_leg2'
[04Mar2025 02:55:25.204] [modloading-worker-0/DEBUG] [moe.plushie.armourers_workshop.ArmourersWorkshop/]: Registering Skin Part 'armourers:horse.right_hind_leg2'
[04Mar2025 02:55:25.204] [modloading-worker-0/DEBUG] [moe.plushie.armourers_workshop.ArmourersWorkshop/]: Registering Skin Part 'armourers:horse.tail'
[04Mar2025 02:55:25.204] [modloading-worker-0/DEBUG] [moe.plushie.armourers_workshop.ArmourersWorkshop/]: Registering Skin 'armourers:unknown'
[04Mar2025 02:55:25.205] [modloading-worker-0/DEBUG] [moe.plushie.armourers_workshop.ArmourersWorkshop/]: Registering Skin 'armourers:head'
[04Mar2025 02:55:25.206] [modloading-worker-0/DEBUG] [moe.plushie.armourers_workshop.ArmourersWorkshop/]: Registering Skin 'armourers:chest'
[04Mar2025 02:55:25.207] [modloading-worker-0/DEBUG] [moe.plushie.armourers_workshop.ArmourersWorkshop/]: Registering Skin 'armourers:legs'
[04Mar2025 02:55:25.207] [modloading-worker-0/DEBUG] [moe.plushie.armourers_workshop.ArmourersWorkshop/]: Registering Skin 'armourers:feet'
[04Mar2025 02:55:25.207] [modloading-worker-0/DEBUG] [moe.plushie.armourers_workshop.ArmourersWorkshop/]: Registering Skin 'armourers:wings'
[04Mar2025 02:55:25.207] [modloading-worker-0/DEBUG] [moe.plushie.armourers_workshop.ArmourersWorkshop/]: Registering Skin 'armourers:outfit'
[04Mar2025 02:55:25.217] [modloading-worker-0/DEBUG] [net.minecraftforge.fml.javafmlmod.AutomaticEventSubscriber/LOADING]: Auto-subscribing net.mcreator.terramity.procedures.EyepatchDamageProcProcedure to FORGE
[04Mar2025 02:55:25.218] [modloading-worker-0/DEBUG] [net.minecraftforge.fml.javafmlmod.AutomaticEventSubscriber/LOADING]: Auto-subscribing net.mcreator.terramity.procedures.ExperienceSappingGauntletProcProcedure to FORGE
[04Mar2025 02:55:25.218] [modloading-worker-0/DEBUG] [net.minecraftforge.fml.javafmlmod.AutomaticEventSubscriber/LOADING]: Auto-subscribing net.mcreator.terramity.procedures.ExodiumTwinBraceletsProcProcedure to FORGE
[04Mar2025 02:55:25.219] [modloading-worker-0/DEBUG] [net.minecraftforge.fml.javafmlmod.AutomaticEventSubscriber/LOADING]: Auto-subscribing net.mcreator.terramity.procedures.ExodiumShieldAmuletProtProcProcedure to FORGE
[04Mar2025 02:55:25.219] [modloading-worker-0/DEBUG] [net.minecraftforge.fml.javafmlmod.AutomaticEventSubscriber/LOADING]: Auto-subscribing net.mcreator.terramity.procedures.ExodiumShieldAmuletProcProcedure to FORGE
[04Mar2025 02:55:25.225] [modloading-worker-0/DEBUG] [net.minecraftforge.fml.javafmlmod.AutomaticEventSubscriber/LOADING]: Auto-subscribing net.mcreator.terramity.procedures.EtherealEclipseEmblemProcProcedure to FORGE
[04Mar2025 02:55:25.227] [modloading-worker-0/DEBUG] [net.minecraftforge.fml.javafmlmod.AutomaticEventSubscriber/LOADING]: Auto-subscribing net.mcreator.terramity.procedures.EternalShadowflameProcProcedure to FORGE
[04Mar2025 02:55:25.227] [modloading-worker-0/DEBUG] [moe.plushie.armourers_workshop.ArmourersWorkshop/]: Registering Item Tag 'armourers_workshop:skinnable/swords'
[04Mar2025 02:55:25.227] [modloading-worker-0/DEBUG] [moe.plushie.armourers_workshop.ArmourersWorkshop/]: Registering Item Tag 'armourers_workshop:skinnable/shields'
[04Mar2025 02:55:25.227] [modloading-worker-0/DEBUG] [moe.plushie.armourers_workshop.ArmourersWorkshop/]: Registering Item Tag 'armourers_workshop:skinnable/bows'
[04Mar2025 02:55:25.227] [modloading-worker-0/DEBUG] [net.minecraftforge.fml.javafmlmod.AutomaticEventSubscriber/LOADING]: Auto-subscribing net.mcreator.terramity.procedures.DivergencyProcProcedure to FORGE
[04Mar2025 02:55:25.232] [modloading-worker-0/DEBUG] [net.minecraftforge.fml.javafmlmod.AutomaticEventSubscriber/LOADING]: Auto-subscribing net.mcreator.terramity.procedures.DieOfRevivalReviveProcedure to FORGE
[04Mar2025 02:55:25.235] [modloading-worker-0/DEBUG] [net.minecraftforge.fml.javafmlmod.AutomaticEventSubscriber/LOADING]: Auto-subscribing net.mcreator.terramity.procedures.DaemoniumGlassRingEquippedProcedure to FORGE
[04Mar2025 02:55:25.227] [modloading-worker-0/DEBUG] [moe.plushie.armourers_workshop.ArmourersWorkshop/]: Registering Item Tag 'armourers_workshop:skinnable/tridents'
[04Mar2025 02:55:25.236] [modloading-worker-0/DEBUG] [moe.plushie.armourers_workshop.ArmourersWorkshop/]: Registering Item Tag 'armourers_workshop:skinnable/pickaxes'
[04Mar2025 02:55:25.236] [modloading-worker-0/DEBUG] [moe.plushie.armourers_workshop.ArmourersWorkshop/]: Registering Item Tag 'armourers_workshop:skinnable/axes'
[04Mar2025 02:55:25.236] [modloading-worker-0/DEBUG] [moe.plushie.armourers_workshop.ArmourersWorkshop/]: Registering Item Tag 'armourers_workshop:skinnable/shovels'
[04Mar2025 02:55:25.236] [modloading-worker-0/DEBUG] [moe.plushie.armourers_workshop.ArmourersWorkshop/]: Registering Item Tag 'armourers_workshop:skinnable/hoes'
[04Mar2025 02:55:25.236] [modloading-worker-0/DEBUG] [moe.plushie.armourers_workshop.ArmourersWorkshop/]: Registering Item Tag 'armourers_workshop:skinnable/boats'
[04Mar2025 02:55:25.236] [modloading-worker-0/DEBUG] [moe.plushie.armourers_workshop.ArmourersWorkshop/]: Registering Item Tag 'armourers_workshop:skinnable/minecarts'
[04Mar2025 02:55:25.236] [modloading-worker-0/DEBUG] [moe.plushie.armourers_workshop.ArmourersWorkshop/]: Registering Item Tag 'armourers_workshop:skinnable/fishing_rods'
[04Mar2025 02:55:25.236] [modloading-worker-0/DEBUG] [moe.plushie.armourers_workshop.ArmourersWorkshop/]: Registering Item Tag 'armourers_workshop:skinnable/backpacks'
[04Mar2025 02:55:25.236] [modloading-worker-0/DEBUG] [moe.plushie.armourers_workshop.ArmourersWorkshop/]: Registering Item Tag 'armourers_workshop:skinnable/horse_armors'
[04Mar2025 02:55:25.237] [modloading-worker-0/DEBUG] [net.minecraftforge.fml.javafmlmod.AutomaticEventSubscriber/LOADING]: Auto-subscribing net.mcreator.terramity.procedures.CursemarkBackwardsProcedure to FORGE
[04Mar2025 02:55:25.237] [modloading-worker-0/DEBUG] [net.minecraftforge.fml.javafmlmod.AutomaticEventSubscriber/LOADING]: Auto-subscribing net.mcreator.terramity.procedures.CuriosBugFixProcedure to FORGE
[04Mar2025 02:55:25.238] [modloading-worker-0/DEBUG] [moe.plushie.armourers_workshop.ArmourersWorkshop/]: Registering Skin 'armourers:sword'
[04Mar2025 02:55:25.238] [modloading-worker-0/DEBUG] [moe.plushie.armourers_workshop.ArmourersWorkshop/]: Registering Skin 'armourers:shield'
[04Mar2025 02:55:25.238] [modloading-worker-0/DEBUG] [moe.plushie.armourers_workshop.ArmourersWorkshop/]: Registering Skin 'armourers:bow'
[04Mar2025 02:55:25.238] [modloading-worker-0/DEBUG] [net.minecraftforge.fml.javafmlmod.AutomaticEventSubscriber/LOADING]: Auto-subscribing net.mcreator.terramity.procedures.CthonicCurseGauntletProcProcedure to FORGE
[04Mar2025 02:55:25.238] [modloading-worker-0/DEBUG] [moe.plushie.armourers_workshop.ArmourersWorkshop/]: Registering Skin 'armourers:trident'
[04Mar2025 02:55:25.238] [modloading-worker-0/DEBUG] [moe.plushie.armourers_workshop.ArmourersWorkshop/]: Registering Skin 'armourers:pickaxe'
[04Mar2025 02:55:25.238] [modloading-worker-0/DEBUG] [moe.plushie.armourers_workshop.ArmourersWorkshop/]: Registering Skin 'armourers:axe'
[04Mar2025 02:55:25.239] [modloading-worker-0/DEBUG] [moe.plushie.armourers_workshop.ArmourersWorkshop/]: Registering Skin 'armourers:shovel'
[04Mar2025 02:55:25.239] [modloading-worker-0/DEBUG] [moe.plushie.armourers_workshop.ArmourersWorkshop/]: Registering Skin 'armourers:hoe'
[04Mar2025 02:55:25.239] [modloading-worker-0/DEBUG] [moe.plushie.armourers_workshop.ArmourersWorkshop/]: Registering Skin 'armourers:item'
[04Mar2025 02:55:25.239] [modloading-worker-0/DEBUG] [moe.plushie.armourers_workshop.ArmourersWorkshop/]: Registering Skin 'armourers:block'
[04Mar2025 02:55:25.239] [modloading-worker-0/DEBUG] [moe.plushie.armourers_workshop.ArmourersWorkshop/]: Registering Skin 'armourers:horse'
[04Mar2025 02:55:25.239] [modloading-worker-0/DEBUG] [moe.plushie.armourers_workshop.ArmourersWorkshop/]: Registering Skin 'armourers:boat'
[04Mar2025 02:55:25.239] [modloading-worker-0/DEBUG] [moe.plushie.armourers_workshop.ArmourersWorkshop/]: Registering Skin 'armourers:minecart'
[04Mar2025 02:55:25.239] [modloading-worker-0/DEBUG] [moe.plushie.armourers_workshop.ArmourersWorkshop/]: Registering Skin 'armourers:fishing'
[04Mar2025 02:55:25.239] [modloading-worker-0/DEBUG] [moe.plushie.armourers_workshop.ArmourersWorkshop/]: Registering Skin 'armourers:backpack'
[04Mar2025 02:55:25.239] [modloading-worker-0/DEBUG] [moe.plushie.armourers_workshop.ArmourersWorkshop/]: Registering Skin 'armourers:part'
[04Mar2025 02:55:25.239] [modloading-worker-0/DEBUG] [net.minecraftforge.fml.javafmlmod.AutomaticEventSubscriber/LOADING]: Auto-subscribing net.mcreator.terramity.procedures.CrestOfTheVoidProcedureProcedure to FORGE
[04Mar2025 02:55:25.246] [modloading-worker-0/DEBUG] [net.minecraftforge.fml.javafmlmod.AutomaticEventSubscriber/LOADING]: Auto-subscribing net.mcreator.terramity.procedures.CoreDamageReductionProcedure to FORGE
[04Mar2025 02:55:25.246] [modloading-worker-0/DEBUG] [moe.plushie.armourers_workshop.ArmourersWorkshop/]: Registering Data Component Type 'armourers_workshop:skin'
[04Mar2025 02:55:25.247] [modloading-worker-0/DEBUG] [net.minecraftforge.fml.javafmlmod.AutomaticEventSubscriber/LOADING]: Auto-subscribing net.mcreator.terramity.procedures.ConjurorHatReductionProcedure to FORGE
[04Mar2025 02:55:25.248] [modloading-worker-0/DEBUG] [net.minecraftforge.fml.javafmlmod.AutomaticEventSubscriber/LOADING]: Auto-subscribing net.mcreator.terramity.procedures.CirceDeathProcProcedure to FORGE
[04Mar2025 02:55:25.252] [modloading-worker-0/DEBUG] [net.minecraftforge.fml.javafmlmod.AutomaticEventSubscriber/LOADING]: Auto-subscribing net.mcreator.terramity.procedures.ChthonicShellCasingReverseProcedure to FORGE
[04Mar2025 02:55:25.253] [modloading-worker-0/DEBUG] [net.minecraftforge.fml.javafmlmod.AutomaticEventSubscriber/LOADING]: Auto-subscribing net.mcreator.terramity.procedures.ChthonicShellCasingProcProcedure to FORGE
[04Mar2025 02:55:25.254] [modloading-worker-0/DEBUG] [net.minecraftforge.fml.javafmlmod.AutomaticEventSubscriber/LOADING]: Auto-subscribing net.mcreator.terramity.procedures.ChthonicNectarProcProcedure to FORGE
[04Mar2025 02:55:25.254] [modloading-worker-0/DEBUG] [net.minecraftforge.fml.javafmlmod.AutomaticEventSubscriber/LOADING]: Auto-subscribing net.mcreator.terramity.procedures.ChaosHeartRingProcProcedure to FORGE
[04Mar2025 02:55:25.255] [modloading-worker-0/DEBUG] [net.minecraftforge.fml.javafmlmod.AutomaticEventSubscriber/LOADING]: Auto-subscribing net.mcreator.terramity.procedures.ChaosHeartRingPlayerLeavesProcedure to FORGE
[04Mar2025 02:55:25.248] [modloading-worker-0/DEBUG] [moe.plushie.armourers_workshop.ArmourersWorkshop/]: Registering Data Component Type 'armourers_workshop:holiday'
[04Mar2025 02:55:25.257] [modloading-worker-0/DEBUG] [moe.plushie.armourers_workshop.ArmourersWorkshop/]: Registering Data Component Type 'armourers_workshop:linked_pos'
[04Mar2025 02:55:25.257] [modloading-worker-0/DEBUG] [moe.plushie.armourers_workshop.ArmourersWorkshop/]: Registering Data Component Type 'armourers_workshop:entity_data'
[04Mar2025 02:55:25.257] [modloading-worker-0/DEBUG] [moe.plushie.armourers_workshop.ArmourersWorkshop/]: Registering Data Component Type 'armourers_workshop:block_entity_data'
[04Mar2025 02:55:25.257] [modloading-worker-0/DEBUG] [moe.plushie.armourers_workshop.ArmourersWorkshop/]: Registering Data Component Type 'armourers_workshop:gift'
[04Mar2025 02:55:25.257] [modloading-worker-0/DEBUG] [moe.plushie.armourers_workshop.ArmourersWorkshop/]: Registering Data Component Type 'armourers_workshop:color1'
[04Mar2025 02:55:25.257] [modloading-worker-0/DEBUG] [moe.plushie.armourers_workshop.ArmourersWorkshop/]: Registering Data Component Type 'armourers_workshop:color2'
[04Mar2025 02:55:25.256] [modloading-worker-0/DEBUG] [net.minecraftforge.fml.javafmlmod.AutomaticEventSubscriber/LOADING]: Auto-subscribing net.mcreator.terramity.procedures.ChaliceDamageReductionProcedure to FORGE
[04Mar2025 02:55:25.258] [modloading-worker-0/DEBUG] [net.minecraftforge.fml.javafmlmod.AutomaticEventSubscriber/LOADING]: Auto-subscribing net.mcreator.terramity.procedures.BombFlowerEmptyBoneMealSuccessConditionProcedure to FORGE
[04Mar2025 02:55:25.263] [modloading-worker-0/DEBUG] [net.minecraftforge.fml.javafmlmod.AutomaticEventSubscriber/LOADING]: Auto-subscribing net.mcreator.terramity.procedures.BombCharmExplosionProcedure to FORGE
[04Mar2025 02:55:25.264] [modloading-worker-0/DEBUG] [net.minecraftforge.fml.javafmlmod.AutomaticEventSubscriber/LOADING]: Auto-subscribing net.mcreator.terramity.procedures.BloodContractProcProcedure to FORGE
[04Mar2025 02:55:25.265] [modloading-worker-0/DEBUG] [net.minecraftforge.fml.javafmlmod.AutomaticEventSubscriber/LOADING]: Auto-subscribing net.mcreator.terramity.procedures.BlastguardProtectionProcedure to FORGE
[04Mar2025 02:55:25.266] [modloading-worker-0/DEBUG] [net.minecraftforge.fml.javafmlmod.AutomaticEventSubscriber/LOADING]: Auto-subscribing net.mcreator.terramity.procedures.BandOfPowerProcProcedure to FORGE
[04Mar2025 02:55:25.268] [modloading-worker-0/DEBUG] [moe.plushie.armourers_workshop.ArmourersWorkshop/]: Registering Skin Paint 'armourers:normal'
[04Mar2025 02:55:25.268] [modloading-worker-0/DEBUG] [moe.plushie.armourers_workshop.ArmourersWorkshop/]: Registering Skin Paint 'armourers:dye_1'
[04Mar2025 02:55:25.269] [modloading-worker-0/DEBUG] [moe.plushie.armourers_workshop.ArmourersWorkshop/]: Registering Skin Paint 'armourers:dye_2'
[04Mar2025 02:55:25.269] [modloading-worker-0/DEBUG] [moe.plushie.armourers_workshop.ArmourersWorkshop/]: Registering Skin Paint 'armourers:dye_3'
[04Mar2025 02:55:25.270] [modloading-worker-0/DEBUG] [moe.plushie.armourers_workshop.ArmourersWorkshop/]: Registering Skin Paint 'armourers:dye_4'
[04Mar2025 02:55:25.270] [modloading-worker-0/DEBUG] [moe.plushie.armourers_workshop.ArmourersWorkshop/]: Registering Skin Paint 'armourers:dye_5'
[04Mar2025 02:55:25.270] [modloading-worker-0/DEBUG] [moe.plushie.armourers_workshop.ArmourersWorkshop/]: Registering Skin Paint 'armourers:dye_6'
[04Mar2025 02:55:25.270] [modloading-worker-0/DEBUG] [moe.plushie.armourers_workshop.ArmourersWorkshop/]: Registering Skin Paint 'armourers:dye_7'
[04Mar2025 02:55:25.270] [modloading-worker-0/DEBUG] [moe.plushie.armourers_workshop.ArmourersWorkshop/]: Registering Skin Paint 'armourers:dye_8'
[04Mar2025 02:55:25.270] [modloading-worker-0/DEBUG] [moe.plushie.armourers_workshop.ArmourersWorkshop/]: Registering Skin Paint 'armourers:rainbow'
[04Mar2025 02:55:25.270] [modloading-worker-0/DEBUG] [moe.plushie.armourers_workshop.ArmourersWorkshop/]: Registering Skin Paint 'armourers:pulse_1'
[04Mar2025 02:55:25.270] [modloading-worker-0/DEBUG] [moe.plushie.armourers_workshop.ArmourersWorkshop/]: Registering Skin Paint 'armourers:pulse_2'
[04Mar2025 02:55:25.270] [modloading-worker-0/DEBUG] [moe.plushie.armourers_workshop.ArmourersWorkshop/]: Registering Skin Paint 'armourers:texture'
[04Mar2025 02:55:25.270] [modloading-worker-0/DEBUG] [moe.plushie.armourers_workshop.ArmourersWorkshop/]: Registering Skin Paint 'armourers:flicker_1'
[04Mar2025 02:55:25.270] [modloading-worker-0/DEBUG] [moe.plushie.armourers_workshop.ArmourersWorkshop/]: Registering Skin Paint 'armourers:flicker_2'
[04Mar2025 02:55:25.270] [modloading-worker-0/DEBUG] [moe.plushie.armourers_workshop.ArmourersWorkshop/]: Registering Skin Paint 'armourers:flash_1'
[04Mar2025 02:55:25.270] [modloading-worker-0/DEBUG] [moe.plushie.armourers_workshop.ArmourersWorkshop/]: Registering Skin Paint 'armourers:flash_2'
[04Mar2025 02:55:25.271] [modloading-worker-0/DEBUG] [moe.plushie.armourers_workshop.ArmourersWorkshop/]: Registering Skin Paint 'armourers:skin'
[04Mar2025 02:55:25.271] [modloading-worker-0/DEBUG] [moe.plushie.armourers_workshop.ArmourersWorkshop/]: Registering Skin Paint 'armourers:hair'
[04Mar2025 02:55:25.271] [modloading-worker-0/DEBUG] [moe.plushie.armourers_workshop.ArmourersWorkshop/]: Registering Skin Paint 'armourers:eye'
[04Mar2025 02:55:25.271] [modloading-worker-0/DEBUG] [moe.plushie.armourers_workshop.ArmourersWorkshop/]: Registering Skin Paint 'armourers:misc_1'
[04Mar2025 02:55:25.271] [modloading-worker-0/DEBUG] [moe.plushie.armourers_workshop.ArmourersWorkshop/]: Registering Skin Paint 'armourers:misc_2'
[04Mar2025 02:55:25.271] [modloading-worker-0/DEBUG] [moe.plushie.armourers_workshop.ArmourersWorkshop/]: Registering Skin Paint 'armourers:misc_3'
[04Mar2025 02:55:25.271] [modloading-worker-0/DEBUG] [moe.plushie.armourers_workshop.ArmourersWorkshop/]: Registering Skin Paint 'armourers:misc_4'
[04Mar2025 02:55:25.271] [modloading-worker-0/DEBUG] [moe.plushie.armourers_workshop.ArmourersWorkshop/]: Registering Skin Paint 'armourers:none'
[04Mar2025 02:55:25.271] [modloading-worker-0/DEBUG] [net.minecraftforge.fml.javafmlmod.AutomaticEventSubscriber/LOADING]: Auto-subscribing net.mcreator.terramity.procedures.BandOfPowerPlusProcProcedure to FORGE
[04Mar2025 02:55:25.272] [modloading-worker-0/DEBUG] [moe.plushie.armourers_workshop.ArmourersWorkshop/]: Registering Data Component Type 'armourers_workshop:color'
[04Mar2025 02:55:25.272] [modloading-worker-0/DEBUG] [moe.plushie.armourers_workshop.ArmourersWorkshop/]: Registering Data Component Type 'armourers_workshop:tool_flags'
[04Mar2025 02:55:25.272] [modloading-worker-0/DEBUG] [moe.plushie.armourers_workshop.ArmourersWorkshop/]: Registering Data Component Type 'armourers_workshop:tool_options'
[04Mar2025 02:55:25.277] [modloading-worker-0/DEBUG] [moe.plushie.armourers_workshop.ArmourersWorkshop/]: Registering Creative Mode Tab 'armourers_workshop:main'
[04Mar2025 02:55:25.278] [modloading-worker-0/DEBUG] [net.minecraftforge.fml.javafmlmod.AutomaticEventSubscriber/LOADING]: Auto-subscribing net.mcreator.terramity.procedures.AnxietyAmuletProcProcedure to FORGE
[04Mar2025 02:55:25.279] [modloading-worker-0/DEBUG] [net.minecraftforge.fml.javafmlmod.AutomaticEventSubscriber/LOADING]: Auto-subscribing net.mcreator.terramity.procedures.AnvilTalismanProcProcedure to FORGE
[04Mar2025 02:55:25.279] [modloading-worker-0/DEBUG] [net.minecraftforge.fml.javafmlmod.AutomaticEventSubscriber/LOADING]: Auto-subscribing net.mcreator.terramity.procedures.AntimatterPacemakerDeathProcedure to FORGE
[04Mar2025 02:55:25.280] [modloading-worker-0/DEBUG] [net.minecraftforge.fml.javafmlmod.AutomaticEventSubscriber/LOADING]: Auto-subscribing net.mcreator.terramity.procedures.AmpedProcProcedure to FORGE
[04Mar2025 02:55:25.281] [modloading-worker-0/DEBUG] [net.minecraftforge.fml.javafmlmod.AutomaticEventSubscriber/LOADING]: Auto-subscribing net.mcreator.terramity.procedures.AcidicAmpouleProcProcedure to FORGE
[04Mar2025 02:55:25.282] [modloading-worker-0/DEBUG] [moe.plushie.armourers_workshop.ArmourersWorkshop/]: Registering Creative Mode Tab 'armourers_workshop:painting_tools'
[04Mar2025 02:55:25.284] [modloading-worker-0/DEBUG] [net.minecraftforge.fml.javafmlmod.AutomaticEventSubscriber/LOADING]: Auto-subscribing net.mcreator.terramity.network.TerramityModVariables to MOD
[04Mar2025 02:55:25.288] [modloading-worker-0/DEBUG] [net.minecraftforge.fml.javafmlmod.AutomaticEventSubscriber/LOADING]: Auto-subscribing net.mcreator.terramity.network.TerramityModVariables$EventBusVariableHandlers to FORGE
[04Mar2025 02:55:25.289] [modloading-worker-0/DEBUG] [net.minecraftforge.fml.javafmlmod.AutomaticEventSubscriber/LOADING]: Auto-subscribing net.mcreator.terramity.network.SwordSwingKeybindMessage to MOD
[04Mar2025 02:55:25.290] [modloading-worker-0/DEBUG] [net.minecraftforge.fml.javafmlmod.AutomaticEventSubscriber/LOADING]: Auto-subscribing net.mcreator.terramity.network.SlamMessage to MOD
[04Mar2025 02:55:25.291] [modloading-worker-0/DEBUG] [net.minecraftforge.fml.javafmlmod.AutomaticEventSubscriber/LOADING]: Auto-subscribing net.mcreator.terramity.network.OcarinaOfPowerUIButtonMessage to MOD
[04Mar2025 02:55:25.291] [modloading-worker-0/DEBUG] [net.minecraftforge.fml.javafmlmod.AutomaticEventSubscriber/LOADING]: Auto-subscribing net.mcreator.terramity.network.FireGunMessage to MOD
[04Mar2025 02:55:25.292] [modloading-worker-0/DEBUG] [net.minecraftforge.fml.javafmlmod.AutomaticEventSubscriber/LOADING]: Auto-subscribing net.mcreator.terramity.network.DoubleJumpMessage to MOD
[04Mar2025 02:55:25.293] [modloading-worker-0/DEBUG] [net.minecraftforge.fml.javafmlmod.AutomaticEventSubscriber/LOADING]: Auto-subscribing net.mcreator.terramity.network.DashAbilityMessage to MOD
[04Mar2025 02:55:25.294] [modloading-worker-0/DEBUG] [net.minecraftforge.fml.javafmlmod.AutomaticEventSubscriber/LOADING]: Auto-subscribing net.mcreator.terramity.network.BloodContractUIButtonMessage to MOD
[04Mar2025 02:55:25.294] [modloading-worker-0/DEBUG] [net.minecraftforge.fml.javafmlmod.AutomaticEventSubscriber/LOADING]: Auto-subscribing net.mcreator.terramity.network.ArmorSetBonusAbilityMessage to MOD
[04Mar2025 02:55:25.297] [modloading-worker-0/DEBUG] [net.minecraftforge.fml.javafmlmod.AutomaticEventSubscriber/LOADING]: Auto-subscribing net.mcreator.terramity.network.ActiveAbilityMessage to MOD
[04Mar2025 02:55:25.298] [modloading-worker-0/DEBUG] [net.minecraftforge.fml.javafmlmod.AutomaticEventSubscriber/LOADING]: Auto-subscribing net.mcreator.terramity.init.TerramityModVillagerProfessions to MOD
[04Mar2025 02:55:25.300] [modloading-worker-0/DEBUG] [net.minecraftforge.fml.javafmlmod.AutomaticEventSubscriber/LOADING]: Auto-subscribing net.mcreator.terramity.init.TerramityModTrades to FORGE
[04Mar2025 02:55:25.300] [modloading-worker-0/DEBUG] [net.minecraftforge.fml.javafmlmod.AutomaticEventSubscriber/LOADING]: Auto-subscribing net.mcreator.terramity.init.TerramityModTabs to MOD
[04Mar2025 02:55:25.312] [modloading-worker-0/DEBUG] [net.minecraftforge.fml.javafmlmod.AutomaticEventSubscriber/LOADING]: Auto-subscribing net.mcreator.terramity.init.TerramityModLootModifier to MOD
[04Mar2025 02:55:25.313] [modloading-worker-0/DEBUG] [net.minecraftforge.fml.javafmlmod.AutomaticEventSubscriber/LOADING]: Auto-subscribing net.mcreator.terramity.init.TerramityModGameRules to MOD
[04Mar2025 02:55:25.303] [modloading-worker-0/DEBUG] [moe.plushie.armourers_workshop.ArmourersWorkshop/]: Registering Block 'armourers_workshop:hologram-projector'
[04Mar2025 02:55:25.324] [modloading-worker-0/DEBUG] [mixin/]: Mixing ForgeBlockHandlerMixin from armourersworkshop-forge-mixins.json into moe.plushie.armourers_workshop.api.common.IBlockHandler
[04Mar2025 02:55:25.324] [modloading-worker-0/DEBUG] [mixin/]: armourersworkshop-forge-mixins.json:ForgeBlockHandlerMixin: Class version 61 required is higher than the class version supported by the current version of Mixin (JAVA_16 supports class version 60)
[04Mar2025 02:55:25.328] [modloading-worker-0/DEBUG] [mixin/]: Mixing ForgeBlockEntityCapabilityMixin from armourersworkshop-compatibility-forge-mixins.json into moe.plushie.armourers_workshop.compatibility.core.AbstractBlockEntity
[04Mar2025 02:55:25.328] [modloading-worker-0/DEBUG] [mixin/]: armourersworkshop-compatibility-forge-mixins.json:ForgeBlockEntityCapabilityMixin: Class version 61 required is higher than the class version supported by the current version of Mixin (JAVA_16 supports class version 60)
[04Mar2025 02:55:25.329] [modloading-worker-0/DEBUG] [mixin/]: Renaming synthetic method lambda$getCapability$0(Ljava/lang/Object;)Ljava/lang/Object; to md376fdc$lambda$getCapability$0$0 in armourersworkshop-compatibility-forge-mixins.json:ForgeBlockEntityCapabilityMixin
[04Mar2025 02:55:25.329] [modloading-worker-0/DEBUG] [mixin/]: Mixing ForgeBlockEntityHandlerMixin from armourersworkshop-compatibility-forge-mixins.json into moe.plushie.armourers_workshop.compatibility.core.AbstractBlockEntity
[04Mar2025 02:55:25.329] [modloading-worker-0/DEBUG] [mixin/]: armourersworkshop-compatibility-forge-mixins.json:ForgeBlockEntityHandlerMixin: Class version 61 required is higher than the class version supported by the current version of Mixin (JAVA_16 supports class version 60)
[04Mar2025 02:55:25.334] [modloading-worker-0/DEBUG] [net.minecraftforge.fml.javafmlmod.AutomaticEventSubscriber/LOADING]: Auto-subscribing net.mcreator.terramity.init.TerramityModFuels to FORGE
[04Mar2025 02:55:25.335] [modloading-worker-0/DEBUG] [net.minecraftforge.fml.javafmlmod.AutomaticEventSubscriber/LOADING]: Auto-subscribing net.mcreator.terramity.init.TerramityModFeatures to FORGE
[04Mar2025 02:55:25.335] [modloading-worker-0/DEBUG] [net.minecraftforge.fml.javafmlmod.AutomaticEventSubscriber/LOADING]: Auto-subscribing net.mcreator.terramity.init.TerramityModEntities to MOD
[04Mar2025 02:55:25.335] [modloading-worker-0/DEBUG] [net.minecraftforge.fml.javafmlmod.AutomaticEventSubscriber/LOADING]: Auto-subscribing net.mcreator.terramity.init.TerramityModCuriosSlots to MOD
[04Mar2025 02:55:25.336] [modloading-worker-0/DEBUG] [net.minecraftforge.fml.javafmlmod.AutomaticEventSubscriber/LOADING]: Auto-subscribing net.mcreator.terramity.init.TerramityModCuriosRenderers to MOD
[04Mar2025 02:55:25.337] [modloading-worker-0/DEBUG] [net.minecraftforge.fml.javafmlmod.AutomaticEventSubscriber/LOADING]: Auto-subscribing net.mcreator.terramity.init.TerramityModConfigs to MOD
[04Mar2025 02:55:25.338] [modloading-worker-0/DEBUG] [net.minecraftforge.fml.javafmlmod.AutomaticEventSubscriber/LOADING]: Auto-subscribing net.mcreator.terramity.init.TerramityModCompostableItems to MOD
[04Mar2025 02:55:25.338] [modloading-worker-0/DEBUG] [net.minecraftforge.fml.javafmlmod.AutomaticEventSubscriber/LOADING]: Auto-subscribing net.mcreator.terramity.init.TerramityModBiomes to FORGE
[04Mar2025 02:55:25.339] [modloading-worker-0/DEBUG] [net.minecraftforge.fml.javafmlmod.AutomaticEventSubscriber/LOADING]: Auto-subscribing net.mcreator.terramity.init.TerramityModAttributes to MOD
[04Mar2025 02:55:25.342] [modloading-worker-0/DEBUG] [net.minecraftforge.fml.javafmlmod.AutomaticEventSubscriber/LOADING]: Auto-subscribing net.mcreator.terramity.init.TerramityModAttributes$Utils to FORGE
[04Mar2025 02:55:25.342] [modloading-worker-0/DEBUG] [net.minecraftforge.fml.javafmlmod.AutomaticEventSubscriber/LOADING]: Auto-subscribing net.mcreator.terramity.init.ItemAnimationFactory to FORGE
[04Mar2025 02:55:25.344] [modloading-worker-0/DEBUG] [net.minecraftforge.fml.javafmlmod.AutomaticEventSubscriber/LOADING]: Auto-subscribing net.mcreator.terramity.init.EntityAnimationFactory to FORGE
[04Mar2025 02:55:25.344] [modloading-worker-0/DEBUG] [net.minecraftforge.fml.javafmlmod.AutomaticEventSubscriber/LOADING]: Auto-subscribing net.mcreator.terramity.init.ArmorAnimationFactory to FORGE
[04Mar2025 02:55:25.347] [modloading-worker-0/DEBUG] [net.minecraftforge.fml.javafmlmod.AutomaticEventSubscriber/LOADING]: Auto-subscribing net.mcreator.terramity.block.listener.ClientListener to MOD
[04Mar2025 02:55:25.349] [modloading-worker-0/DEBUG] [net.minecraftforge.fml.javafmlmod.AutomaticEventSubscriber/LOADING]: Auto-subscribing net.mcreator.terramity.WaveEffect to MOD
[04Mar2025 02:55:25.358] [modloading-worker-0/DEBUG] [moe.plushie.armourers_workshop.ArmourersWorkshop/]: Registering Block 'armourers_workshop:skinnable'
[04Mar2025 02:55:25.360] [modloading-worker-0/DEBUG] [moe.plushie.armourers_workshop.ArmourersWorkshop/]: Registering Block 'armourers_workshop:dye-table'
[04Mar2025 02:55:25.361] [modloading-worker-0/DEBUG] [moe.plushie.armourers_workshop.ArmourersWorkshop/]: Registering Block 'armourers_workshop:skinning-table'
[04Mar2025 02:55:25.361] [modloading-worker-0/DEBUG] [moe.plushie.armourers_workshop.ArmourersWorkshop/]: Registering Block 'armourers_workshop:skin-library-creative'
[04Mar2025 02:55:25.361] [modloading-worker-0/DEBUG] [moe.plushie.armourers_workshop.ArmourersWorkshop/]: Registering Block 'armourers_workshop:skin-library'
[04Mar2025 02:55:25.362] [modloading-worker-0/DEBUG] [moe.plushie.armourers_workshop.ArmourersWorkshop/]: Registering Block 'armourers_workshop:skin-library-global'
[04Mar2025 02:55:25.363] [modloading-worker-0/DEBUG] [moe.plushie.armourers_workshop.ArmourersWorkshop/]: Registering Block 'armourers_workshop:outfit-maker'
[04Mar2025 02:55:25.364] [modloading-worker-0/DEBUG] [moe.plushie.armourers_workshop.ArmourersWorkshop/]: Registering Block 'armourers_workshop:colour-mixer'
[04Mar2025 02:55:25.365] [modloading-worker-0/DEBUG] [moe.plushie.armourers_workshop.ArmourersWorkshop/]: Registering Block 'armourers_workshop:armourer'
[04Mar2025 02:55:25.366] [modloading-worker-0/DEBUG] [moe.plushie.armourers_workshop.ArmourersWorkshop/]: Registering Block 'armourers_workshop:advanced-skin-builder'
[04Mar2025 02:55:25.372] [modloading-worker-0/DEBUG] [moe.plushie.armourers_workshop.ArmourersWorkshop/]: Registering Block 'armourers_workshop:skin-cube'
[04Mar2025 02:55:25.389] [modloading-worker-0/DEBUG] [moe.plushie.armourers_workshop.ArmourersWorkshop/]: Registering Block 'armourers_workshop:skin-cube-glass'
[04Mar2025 02:55:25.389] [modloading-worker-0/DEBUG] [moe.plushie.armourers_workshop.ArmourersWorkshop/]: Registering Block 'armourers_workshop:skin-cube-glowing'
[04Mar2025 02:55:25.389] [modloading-worker-0/DEBUG] [moe.plushie.armourers_workshop.ArmourersWorkshop/]: Registering Block 'armourers_workshop:skin-cube-glass-glowing'
[04Mar2025 02:55:25.391] [modloading-worker-0/DEBUG] [moe.plushie.armourers_workshop.ArmourersWorkshop/]: Registering Block 'armourers_workshop:bounding-box'
[04Mar2025 02:55:25.414] [modloading-worker-0/DEBUG] [moe.plushie.armourers_workshop.ArmourersWorkshop/]: Registering Item 'armourers_workshop:skin'
[04Mar2025 02:55:25.425] [modloading-worker-0/DEBUG] [net.minecraftforge.fml.javafmlmod.AutomaticEventSubscriber/LOADING]: Attempting to inject @EventBusSubscriber classes into the eventbus for cataclysm
[04Mar2025 02:55:25.425] [modloading-worker-0/DEBUG] [net.minecraftforge.fml.javafmlmod.AutomaticEventSubscriber/LOADING]: Auto-subscribing com.github.L_Ender.cataclysm.world.CMWorldRegistry to MOD
[04Mar2025 02:55:25.425] [modloading-worker-0/DEBUG] [mixin/]: Mixing ForgeEntityHandlerMixin from armourersworkshop-forge-mixins.json into moe.plushie.armourers_workshop.api.common.IEntityHandler
[04Mar2025 02:55:25.426] [modloading-worker-0/DEBUG] [mixin/]: armourersworkshop-forge-mixins.json:ForgeEntityHandlerMixin: Class version 61 required is higher than the class version supported by the current version of Mixin (JAVA_16 supports class version 60)
[04Mar2025 02:55:25.432] [modloading-worker-0/DEBUG] [net.minecraftforge.fml.javafmlmod.AutomaticEventSubscriber/LOADING]: Auto-subscribing com.github.L_Ender.cataclysm.init.ModEntities to MOD
[04Mar2025 02:55:25.432] [modloading-worker-0/DEBUG] [net.minecraftforge.fml.javafmlmod.AutomaticEventSubscriber/LOADING]: Auto-subscribing com.github.L_Ender.cataclysm.event.ServerEventHandler to FORGE
[04Mar2025 02:55:25.432] [modloading-worker-0/DEBUG] [net.minecraftforge.fml.javafmlmod.AutomaticEventSubscriber/LOADING]: Auto-subscribing com.github.L_Ender.cataclysm.CommonProxy to MOD
[04Mar2025 02:55:25.432] [modloading-worker-0/DEBUG] [net.minecraftforge.fml.javafmlmod.AutomaticEventSubscriber/LOADING]: Auto-subscribing com.github.L_Ender.cataclysm.Cataclysm to FORGE
[04Mar2025 02:55:25.437] [modloading-worker-0/DEBUG] [moe.plushie.armourers_workshop.ArmourersWorkshop/]: Registering Item 'armourers_workshop:mannequin'
[04Mar2025 02:55:25.438] [modloading-worker-0/DEBUG] [moe.plushie.armourers_workshop.ArmourersWorkshop/]: Registering Item 'armourers_workshop:skin-library'
[04Mar2025 02:55:25.439] [modloading-worker-0/DEBUG] [moe.plushie.armourers_workshop.ArmourersWorkshop/]: Registering Item 'armourers_workshop:skin-library-creative'
[04Mar2025 02:55:25.439] [modloading-worker-0/DEBUG] [moe.plushie.armourers_workshop.ArmourersWorkshop/]: Registering Item 'armourers_workshop:skin-library-global'
[04Mar2025 02:55:25.439] [modloading-worker-0/DEBUG] [moe.plushie.armourers_workshop.ArmourersWorkshop/]: Registering Item 'armourers_workshop:skinning-table'
[04Mar2025 02:55:25.439] [modloading-worker-0/DEBUG] [moe.plushie.armourers_workshop.ArmourersWorkshop/]: Registering Item 'armourers_workshop:dye-table'
[04Mar2025 02:55:25.439] [modloading-worker-0/DEBUG] [moe.plushie.armourers_workshop.ArmourersWorkshop/]: Registering Item 'armourers_workshop:outfit-maker'
[04Mar2025 02:55:25.439] [modloading-worker-0/DEBUG] [moe.plushie.armourers_workshop.ArmourersWorkshop/]: Registering Item 'armourers_workshop:hologram-projector'
[04Mar2025 02:55:25.454] [modloading-worker-0/DEBUG] [moe.plushie.armourers_workshop.ArmourersWorkshop/]: Registering Item 'armourers_workshop:dye-bottle'
[04Mar2025 02:55:25.457] [modloading-worker-0/DEBUG] [moe.plushie.armourers_workshop.ArmourersWorkshop/]: Registering Item 'armourers_workshop:mannequin-tool'
[04Mar2025 02:55:25.458] [modloading-worker-0/DEBUG] [mixin/]: Mixing ForgeItemHandlerMixin from armourersworkshop-forge-mixins.json into moe.plushie.armourers_workshop.api.common.IItemHandler
[04Mar2025 02:55:25.458] [modloading-worker-0/DEBUG] [mixin/]: armourersworkshop-forge-mixins.json:ForgeItemHandlerMixin: Class version 61 required is higher than the class version supported by the current version of Mixin (JAVA_16 supports class version 60)
[04Mar2025 02:55:25.460] [modloading-worker-0/DEBUG] [moe.plushie.armourers_workshop.ArmourersWorkshop/]: Registering Item 'armourers_workshop:armourers-hammer'
[04Mar2025 02:55:25.460] [modloading-worker-0/DEBUG] [moe.plushie.armourers_workshop.ArmourersWorkshop/]: Registering Item 'armourers_workshop:wand-of-style'
[04Mar2025 02:55:25.470] [modloading-worker-0/DEBUG] [moe.plushie.armourers_workshop.ArmourersWorkshop/]: Registering Item 'armourers_workshop:skin-unlock-head'
[04Mar2025 02:55:25.480] [modloading-worker-0/DEBUG] [moe.plushie.armourers_workshop.ArmourersWorkshop/]: Registering Item 'armourers_workshop:skin-unlock-chest'
[04Mar2025 02:55:25.480] [modloading-worker-0/DEBUG] [moe.plushie.armourers_workshop.ArmourersWorkshop/]: Registering Item 'armourers_workshop:skin-unlock-feet'
[04Mar2025 02:55:25.480] [modloading-worker-0/DEBUG] [moe.plushie.armourers_workshop.ArmourersWorkshop/]: Registering Item 'armourers_workshop:skin-unlock-legs'
[04Mar2025 02:55:25.480] [modloading-worker-0/DEBUG] [moe.plushie.armourers_workshop.ArmourersWorkshop/]: Registering Item 'armourers_workshop:skin-unlock-wings'
[04Mar2025 02:55:25.480] [modloading-worker-0/DEBUG] [moe.plushie.armourers_workshop.ArmourersWorkshop/]: Registering Item 'armourers_workshop:skin-unlock-outfit'
[04Mar2025 02:55:25.481] [modloading-worker-0/DEBUG] [moe.plushie.armourers_workshop.ArmourersWorkshop/]: Registering Item 'armourers_workshop:linking-tool'
[04Mar2025 02:55:25.481] [modloading-worker-0/DEBUG] [moe.plushie.armourers_workshop.ArmourersWorkshop/]: Registering Item 'armourers_workshop:skin-template'
[04Mar2025 02:55:25.483] [modloading-worker-0/DEBUG] [moe.plushie.armourers_workshop.ArmourersWorkshop/]: Registering Item 'armourers_workshop:soap'
[04Mar2025 02:55:25.484] [modloading-worker-0/DEBUG] [moe.plushie.armourers_workshop.ArmourersWorkshop/]: Registering Item 'armourers_workshop:gift-sack'
[04Mar2025 02:55:25.485] [modloading-worker-0/DEBUG] [moe.plushie.armourers_workshop.ArmourersWorkshop/]: Registering Item 'armourers_workshop:armourer'
[04Mar2025 02:55:25.485] [modloading-worker-0/DEBUG] [moe.plushie.armourers_workshop.ArmourersWorkshop/]: Registering Item 'armourers_workshop:colour-mixer'
[04Mar2025 02:55:25.485] [modloading-worker-0/DEBUG] [moe.plushie.armourers_workshop.ArmourersWorkshop/]: Registering Item 'armourers_workshop:advanced-skin-builder'
[04Mar2025 02:55:25.486] [modloading-worker-0/DEBUG] [moe.plushie.armourers_workshop.ArmourersWorkshop/]: Registering Item 'armourers_workshop:skin-cube'
[04Mar2025 02:55:25.486] [modloading-worker-0/DEBUG] [moe.plushie.armourers_workshop.ArmourersWorkshop/]: Registering Item 'armourers_workshop:skin-cube-glowing'
[04Mar2025 02:55:25.486] [modloading-worker-0/DEBUG] [moe.plushie.armourers_workshop.ArmourersWorkshop/]: Registering Item 'armourers_workshop:skin-cube-glass'
[04Mar2025 02:55:25.486] [modloading-worker-0/DEBUG] [moe.plushie.armourers_workshop.ArmourersWorkshop/]: Registering Item 'armourers_workshop:skin-cube-glass-glowing'
[04Mar2025 02:55:25.489] [modloading-worker-0/DEBUG] [moe.plushie.armourers_workshop.ArmourersWorkshop/]: Registering Item 'armourers_workshop:paintbrush'
[04Mar2025 02:55:25.490] [modloading-worker-0/DEBUG] [moe.plushie.armourers_workshop.ArmourersWorkshop/]: Registering Item 'armourers_workshop:paint-roller'
[04Mar2025 02:55:25.493] [modloading-worker-0/DEBUG] [moe.plushie.armourers_workshop.ArmourersWorkshop/]: Registering Item 'armourers_workshop:burn-tool'
[04Mar2025 02:55:25.494] [modloading-worker-0/DEBUG] [moe.plushie.armourers_workshop.ArmourersWorkshop/]: Registering Item 'armourers_workshop:dodge-tool'
[04Mar2025 02:55:25.495] [modloading-worker-0/DEBUG] [moe.plushie.armourers_workshop.ArmourersWorkshop/]: Registering Item 'armourers_workshop:shade-noise-tool'
[04Mar2025 02:55:25.497] [modloading-worker-0/DEBUG] [moe.plushie.armourers_workshop.ArmourersWorkshop/]: Registering Item 'armourers_workshop:colour-noise-tool'
[04Mar2025 02:55:25.499] [modloading-worker-0/DEBUG] [moe.plushie.armourers_workshop.ArmourersWorkshop/]: Registering Item 'armourers_workshop:blending-tool'
[04Mar2025 02:55:25.501] [modloading-worker-0/DEBUG] [net.minecraftforge.fml.config.ConfigTracker/CONFIG]: Config file tombstone-client.toml for tombstone tracking
[04Mar2025 02:55:25.501] [modloading-worker-0/DEBUG] [net.minecraftforge.fml.config.ConfigTracker/CONFIG]: Config file tombstone-common.toml for tombstone tracking
[04Mar2025 02:55:25.511] [modloading-worker-0/DEBUG] [moe.plushie.armourers_workshop.ArmourersWorkshop/]: Registering Item 'armourers_workshop:hue-tool'
[04Mar2025 02:55:25.512] [modloading-worker-0/DEBUG] [moe.plushie.armourers_workshop.ArmourersWorkshop/]: Registering Item 'armourers_workshop:colour-picker'
[04Mar2025 02:55:25.512] [modloading-worker-0/DEBUG] [moe.plushie.armourers_workshop.ArmourersWorkshop/]: Registering Item 'armourers_workshop:block-marker'
[04Mar2025 02:55:25.518] [modloading-worker-0/DEBUG] [net.minecraftforge.fml.config.ConfigTracker/CONFIG]: Config file tombstone-server.toml for tombstone tracking
[04Mar2025 02:55:25.519] [modloading-worker-0/DEBUG] [moe.plushie.armourers_workshop.ArmourersWorkshop/]: Registering Block Entity Type 'armourers_workshop:hologram-projector'
[04Mar2025 02:55:25.519] [modloading-worker-0/DEBUG] [net.minecraftforge.fml.javafmlmod.AutomaticEventSubscriber/LOADING]: Attempting to inject @EventBusSubscriber classes into the eventbus for tombstone
[04Mar2025 02:55:25.520] [modloading-worker-0/DEBUG] [net.minecraftforge.fml.javafmlmod.AutomaticEventSubscriber/LOADING]: Auto-subscribing ovh.corail.tombstone.registry.Registration to MOD
[04Mar2025 02:55:25.521] [modloading-worker-0/DEBUG] [moe.plushie.armourers_workshop.ArmourersWorkshop/]: Registering Block Entity Type 'armourers_workshop:outfit-maker'
[04Mar2025 02:55:25.521] [modloading-worker-0/DEBUG] [moe.plushie.armourers_workshop.ArmourersWorkshop/]: Registering Block Entity Type 'armourers_workshop:dye-table'
[04Mar2025 02:55:25.522] [modloading-worker-0/DEBUG] [moe.plushie.armourers_workshop.ArmourersWorkshop/]: Registering Block Entity Type 'armourers_workshop:skinning-table'
[04Mar2025 02:55:25.522] [modloading-worker-0/DEBUG] [net.minecraftforge.fml.javafmlmod.AutomaticEventSubscriber/LOADING]: Auto-subscribing ovh.corail.tombstone.perk.PerkRegistry to MOD
[04Mar2025 02:55:25.523] [modloading-worker-0/DEBUG] [net.minecraftforge.fml.javafmlmod.AutomaticEventSubscriber/LOADING]: Auto-subscribing ovh.corail.tombstone.helper.LootHelper to FORGE
[04Mar2025 02:55:25.523] [modloading-worker-0/DEBUG] [moe.plushie.armourers_workshop.ArmourersWorkshop/]: Registering Block Entity Type 'armourers_workshop:colour-mixer'
[04Mar2025 02:55:25.530] [modloading-worker-0/DEBUG] [moe.plushie.armourers_workshop.ArmourersWorkshop/]: Registering Block Entity Type 'armourers_workshop:armourer'
[04Mar2025 02:55:25.531] [modloading-worker-0/DEBUG] [net.minecraftforge.fml.javafmlmod.AutomaticEventSubscriber/LOADING]: Attempting to inject @EventBusSubscriber classes into the eventbus for gobber2
[04Mar2025 02:55:25.533] [modloading-worker-0/DEBUG] [net.minecraftforge.fml.javafmlmod.AutomaticEventSubscriber/LOADING]: Auto-subscribing com.kwpugh.gobber2.util.PlayerSpecialAbilities to FORGE
[04Mar2025 02:55:25.534] [modloading-worker-0/DEBUG] [net.minecraftforge.fml.javafmlmod.AutomaticEventSubscriber/LOADING]: Auto-subscribing com.kwpugh.gobber2.util.handlers.AbilityEventHandler to FORGE
[04Mar2025 02:55:25.537] [modloading-worker-0/DEBUG] [net.minecraftforge.fml.javafmlmod.AutomaticEventSubscriber/LOADING]: Auto-subscribing com.kwpugh.gobber2.util.handlers.RepairTickEventHandler to FORGE
[04Mar2025 02:55:25.539] [modloading-worker-0/DEBUG] [moe.plushie.armourers_workshop.ArmourersWorkshop/]: Registering Block Entity Type 'armourers_workshop:advanced-skin-builder'
[04Mar2025 02:55:25.540] [modloading-worker-0/DEBUG] [moe.plushie.armourers_workshop.ArmourersWorkshop/]: Registering Block Entity Type 'armourers_workshop:skin-library'
[04Mar2025 02:55:25.541] [modloading-worker-0/DEBUG] [moe.plushie.armourers_workshop.ArmourersWorkshop/]: Registering Block Entity Type 'armourers_workshop:skin-library-global'
[04Mar2025 02:55:25.543] [modloading-worker-0/DEBUG] [moe.plushie.armourers_workshop.ArmourersWorkshop/]: Registering Block Entity Type 'armourers_workshop:skinnable'
[04Mar2025 02:55:25.543] [modloading-worker-0/DEBUG] [moe.plushie.armourers_workshop.ArmourersWorkshop/]: Registering Block Entity Type 'armourers_workshop:bounding-box'
[04Mar2025 02:55:25.544] [modloading-worker-0/DEBUG] [moe.plushie.armourers_workshop.ArmourersWorkshop/]: Registering Block Entity Type 'armourers_workshop:skin-cube'
[04Mar2025 02:55:25.544] [modloading-worker-0/DEBUG] [moe.plushie.armourers_workshop.ArmourersWorkshop/]: Registering Block Entity Type 'armourers_workshop:skinnable-sr'
[04Mar2025 02:55:25.544] [modloading-worker-0/DEBUG] [moe.plushie.armourers_workshop.ArmourersWorkshop/]: Registering Block Entity Type 'armourers_workshop:bounding-box-sr'
[04Mar2025 02:55:25.545] [modloading-worker-0/DEBUG] [moe.plushie.armourers_workshop.ArmourersWorkshop/]: Registering Block Entity Type 'armourers_workshop:skin-cube-sr'
[04Mar2025 02:55:25.548] [modloading-worker-0/DEBUG] [moe.plushie.armourers_workshop.ArmourersWorkshop/]: Registering Entity Type 'armourers_workshop:mannequin'
[04Mar2025 02:55:25.539] [modloading-worker-0/DEBUG] [net.minecraftforge.fml.javafmlmod.AutomaticEventSubscriber/LOADING]: Auto-subscribing com.kwpugh.gobber2.util.handlers.AnvilEventHandler to FORGE
[04Mar2025 02:55:25.549] [modloading-worker-0/DEBUG] [net.minecraftforge.fml.javafmlmod.AutomaticEventSubscriber/LOADING]: Auto-subscribing com.kwpugh.gobber2.util.handlers.MinerBlockManager to FORGE
[04Mar2025 02:55:25.558] [modloading-worker-0/DEBUG] [net.minecraftforge.fml.config.ConfigTracker/CONFIG]: Config file structurize-server.toml for structurize tracking
[04Mar2025 02:55:25.560] [modloading-worker-0/DEBUG] [moe.plushie.armourers_workshop.ArmourersWorkshop/]: Registering Entity Type 'armourers_workshop:seat'
[04Mar2025 02:55:25.587] [modloading-worker-0/DEBUG] [moe.plushie.armourers_workshop.ArmourersWorkshop/]: Registering Entity Data Serializer 'armourers_workshop:player_texture'
[04Mar2025 02:55:25.597] [modloading-worker-0/DEBUG] [net.minecraftforge.fml.javafmlmod.AutomaticEventSubscriber/LOADING]: Auto-subscribing ovh.corail.tombstone.event.EventHandler to FORGE
[04Mar2025 02:55:25.615] [modloading-worker-0/DEBUG] [moe.plushie.armourers_workshop.ArmourersWorkshop/]: Registering Entity Capability 'armourers_workshop:entity-skin-provider'
[04Mar2025 02:55:25.618] [modloading-worker-0/DEBUG] [moe.plushie.armourers_workshop.ArmourersWorkshop/]: Registering Block Entity Capability 'armourers_workshop:item'
[04Mar2025 02:55:25.634] [modloading-worker-0/DEBUG] [net.minecraftforge.fml.javafmlmod.AutomaticEventSubscriber/LOADING]: Attempting to inject @EventBusSubscriber classes into the eventbus for structurize
[04Mar2025 02:55:25.635] [modloading-worker-0/DEBUG] [moe.plushie.armourers_workshop.ArmourersWorkshop/]: Registering Block Entity Capability 'armourers_workshop:fluid'
[04Mar2025 02:55:25.639] [modloading-worker-0/DEBUG] [net.minecraftforge.fml.javafmlmod.AutomaticEventSubscriber/LOADING]: Auto-subscribing com.ldtteam.structurize.items.ModItemGroups to FORGE
[04Mar2025 02:55:25.639] [modloading-worker-0/DEBUG] [moe.plushie.armourers_workshop.ArmourersWorkshop/]: Registering Block Entity Capability 'armourers_workshop:energy'
[04Mar2025 02:55:25.643] [modloading-worker-0/DEBUG] [Modonomicon/]: Loaded com.klikli_dev.modonomicon.platform.ForgePlatformHelper@6e541432 for service interface com.klikli_dev.modonomicon.platform.services.PlatformHelper
[04Mar2025 02:55:25.647] [modloading-worker-0/DEBUG] [mixin/]: Mixing MixinExplosion from majruszlibrary-common.mixins.json into net.minecraft.world.level.Explosion
[04Mar2025 02:55:25.648] [Structurize IO Worker #0/INFO] [structurize/]: Registered structure pack: Warped Netherlands
[04Mar2025 02:55:25.649] [Structurize IO Worker #0/INFO] [structurize/]: Registered structure pack: Stalactite Caves
[04Mar2025 02:55:25.650] [Structurize IO Worker #0/INFO] [structurize/]: Registered structure pack: Space Wars
[04Mar2025 02:55:25.650] [Structurize IO Worker #0/INFO] [structurize/]: Registered structure pack: Shire
[04Mar2025 02:55:25.651] [Structurize IO Worker #0/INFO] [structurize/]: Registered structure pack: Desert Oasis
[04Mar2025 02:55:25.652] [Structurize IO Worker #0/INFO] [structurize/]: Registered structure pack: Pagoda
[04Mar2025 02:55:25.652] [Structurize IO Worker #0/INFO] [structurize/]: Registered structure pack: Minecolonies Original
[04Mar2025 02:55:25.652] [Structurize IO Worker #0/INFO] [structurize/]: Registered structure pack: Nordic Spruce
[04Mar2025 02:55:25.653] [Structurize IO Worker #0/INFO] [structurize/]: Registered structure pack: Medieval Spruce
[04Mar2025 02:55:25.653] [Structurize IO Worker #0/INFO] [structurize/]: Registered structure pack: Medieval Oak
[04Mar2025 02:55:25.654] [Structurize IO Worker #0/INFO] [structurize/]: Registered structure pack: Medieval Dark Oak
[04Mar2025 02:55:25.654] [Structurize IO Worker #0/INFO] [structurize/]: Registered structure pack: Medieval Birch
[04Mar2025 02:55:25.654] [Structurize IO Worker #0/INFO] [structurize/]: Registered structure pack: Lost Mesa City
[04Mar2025 02:55:25.655] [Structurize IO Worker #0/INFO] [structurize/]: Registered structure pack: Jungle Treehouse
[04Mar2025 02:55:25.655] [Structurize IO Worker #0/INFO] [structurize/]: Registered structure pack: Incan
[04Mar2025 02:55:25.656] [Structurize IO Worker #0/INFO] [structurize/]: Registered structure pack: Fortress
[04Mar2025 02:55:25.656] [Structurize IO Worker #0/INFO] [structurize/]: Registered structure pack: Dark Oak Treehouse
[04Mar2025 02:55:25.656] [Structurize IO Worker #0/INFO] [structurize/]: Registered structure pack: Colonial
[04Mar2025 02:55:25.657] [Structurize IO Worker #0/INFO] [structurize/]: Registered structure pack: Cavern
[04Mar2025 02:55:25.657] [Structurize IO Worker #0/INFO] [structurize/]: Registered structure pack: Caledonia
[04Mar2025 02:55:25.657] [Structurize IO Worker #0/INFO] [structurize/]: Registered structure pack: Urban Birch
[04Mar2025 02:55:25.658] [Structurize IO Worker #0/INFO] [structurize/]: Registered structure pack: Ancient Athens
[04Mar2025 02:55:25.658] [Structurize IO Worker #0/INFO] [structurize/]: Registered structure pack: Urban Savanna
[04Mar2025 02:55:25.659] [Structurize IO Worker #0/WARN] [structurize/]: Failed loading packs from main folder path: .
[04Mar2025 02:55:25.660] [Structurize IO Worker #0/WARN] [structurize/]: Failed loading client packs from main folder path: .
[04Mar2025 02:55:25.660] [Structurize IO Worker #0/WARN] [structurize/]: Finished discovering Server Structure packs
[04Mar2025 02:55:25.672] [modloading-worker-0/DEBUG] [Modonomicon/]: Loaded com.klikli_dev.modonomicon.network.ForgeNetworkHelper@2d15ac6b for service interface com.klikli_dev.modonomicon.platform.services.NetworkHelper
[04Mar2025 02:55:25.673] [modloading-worker-0/DEBUG] [Modonomicon/]: Loaded com.klikli_dev.modonomicon.integration.ForgePatchouliHelper@76b2ce7d for service interface com.klikli_dev.modonomicon.platform.services.PatchouliHelper
[04Mar2025 02:55:25.677] [modloading-worker-0/DEBUG] [moe.plushie.armourers_workshop.ArmourersWorkshop/]: Registering Menu Type 'armourers_workshop:wardrobe'
[04Mar2025 02:55:25.678] [modloading-worker-0/DEBUG] [moe.plushie.armourers_workshop.ArmourersWorkshop/]: Registering Menu Type 'armourers_workshop:wardrobe-op'
[04Mar2025 02:55:25.680] [modloading-worker-0/DEBUG] [Modonomicon/]: Loaded com.klikli_dev.modonomicon.registry.ForgeRegistrationFactory@3b78ed30 for service interface com.klikli_dev.modonomicon.registry.RegistrationProvider$Factory
[04Mar2025 02:55:25.680] [modloading-worker-0/DEBUG] [moe.plushie.armourers_workshop.ArmourersWorkshop/]: Registering Menu Type 'armourers_workshop:skinnable'
[04Mar2025 02:55:25.682] [modloading-worker-0/DEBUG] [moe.plushie.armourers_workshop.ArmourersWorkshop/]: Registering Menu Type 'armourers_workshop:dye-table'
[04Mar2025 02:55:25.683] [modloading-worker-0/DEBUG] [moe.plushie.armourers_workshop.ArmourersWorkshop/]: Registering Menu Type 'armourers_workshop:skinning-table'
[04Mar2025 02:55:25.685] [modloading-worker-0/DEBUG] [net.minecraftforge.fml.config.ConfigTracker/CONFIG]: Config file modonomicon-client.toml for modonomicon tracking
[04Mar2025 02:55:25.685] [modloading-worker-0/DEBUG] [moe.plushie.armourers_workshop.ArmourersWorkshop/]: Registering Menu Type 'armourers_workshop:skin-library-creative'
[04Mar2025 02:55:25.685] [modloading-worker-0/DEBUG] [moe.plushie.armourers_workshop.ArmourersWorkshop/]: Registering Menu Type 'armourers_workshop:skin-library'
[04Mar2025 02:55:25.687] [modloading-worker-0/DEBUG] [moe.plushie.armourers_workshop.ArmourersWorkshop/]: Registering Menu Type 'armourers_workshop:skin-library-global'
[04Mar2025 02:55:25.688] [modloading-worker-0/DEBUG] [moe.plushie.armourers_workshop.ArmourersWorkshop/]: Registering Menu Type 'armourers_workshop:hologram-projector'
[04Mar2025 02:55:25.689] [modloading-worker-0/DEBUG] [moe.plushie.armourers_workshop.ArmourersWorkshop/]: Registering Menu Type 'armourers_workshop:colour-mixer'
[04Mar2025 02:55:25.689] [modloading-worker-0/DEBUG] [net.minecraftforge.fml.javafmlmod.AutomaticEventSubscriber/LOADING]: Attempting to inject @EventBusSubscriber classes into the eventbus for modonomicon
[04Mar2025 02:55:25.691] [modloading-worker-0/DEBUG] [moe.plushie.armourers_workshop.ArmourersWorkshop/]: Registering Menu Type 'armourers_workshop:armourer'
[04Mar2025 02:55:25.693] [modloading-worker-0/DEBUG] [moe.plushie.armourers_workshop.ArmourersWorkshop/]: Registering Menu Type 'armourers_workshop:outfit-maker'
[04Mar2025 02:55:25.700] [modloading-worker-0/DEBUG] [moe.plushie.armourers_workshop.ArmourersWorkshop/]: Registering Menu Type 'armourers_workshop:advanced-skin-builder'
[04Mar2025 02:55:25.709] [modloading-worker-0/DEBUG] [moe.plushie.armourers_workshop.ArmourersWorkshop/]: Registering Loot Function Type 'armourers_workshop:skin_randomly'
[04Mar2025 02:55:25.710] [modloading-worker-0/DEBUG] [moe.plushie.armourers_workshop.ArmourersWorkshop/]: Registering Sound Event 'armourers_workshop:page-turn'
[04Mar2025 02:55:25.710] [modloading-worker-0/DEBUG] [moe.plushie.armourers_workshop.ArmourersWorkshop/]: Registering Sound Event 'armourers_workshop:paint'
[04Mar2025 02:55:25.710] [modloading-worker-0/DEBUG] [moe.plushie.armourers_workshop.ArmourersWorkshop/]: Registering Sound Event 'armourers_workshop:burn'
[04Mar2025 02:55:25.710] [modloading-worker-0/DEBUG] [moe.plushie.armourers_workshop.ArmourersWorkshop/]: Registering Sound Event 'armourers_workshop:dodge'
[04Mar2025 02:55:25.710] [modloading-worker-0/DEBUG] [moe.plushie.armourers_workshop.ArmourersWorkshop/]: Registering Sound Event 'armourers_workshop:picker'
[04Mar2025 02:55:25.710] [modloading-worker-0/DEBUG] [moe.plushie.armourers_workshop.ArmourersWorkshop/]: Registering Sound Event 'armourers_workshop:noise'
[04Mar2025 02:55:25.710] [modloading-worker-0/DEBUG] [moe.plushie.armourers_workshop.ArmourersWorkshop/]: Registering Sound Event 'armourers_workshop:boi'
[04Mar2025 02:55:25.723] [modloading-worker-0/DEBUG] [net.minecraftforge.fml.javafmlmod.AutomaticEventSubscriber/LOADING]: Auto-subscribing ovh.corail.tombstone.config.ConfigTombstone$ConfigEvent to MOD
[04Mar2025 02:55:25.747] [modloading-worker-0/DEBUG] [net.minecraftforge.fml.config.ConfigTracker/CONFIG]: Config file armourers_workshop-client.toml for armourers_workshop tracking
[04Mar2025 02:55:25.779] [modloading-worker-0/DEBUG] [net.minecraftforge.fml.config.ConfigTracker/CONFIG]: Config file armourers_workshop-common.toml for armourers_workshop tracking
[04Mar2025 02:55:25.797] [modloading-worker-0/DEBUG] [net.minecraftforge.fml.javafmlmod.AutomaticEventSubscriber/LOADING]: Attempting to inject @EventBusSubscriber classes into the eventbus for born_in_chaos_v1
[04Mar2025 02:55:25.798] [modloading-worker-0/DEBUG] [net.minecraftforge.fml.javafmlmod.AutomaticEventSubscriber/LOADING]: Auto-subscribing net.mcreator.borninchaosv.recipes.brewing.StimulatingDecoctionPBrewingRecipe to MOD
[04Mar2025 02:55:25.799] [modloading-worker-0/DEBUG] [net.minecraftforge.fml.javafmlmod.AutomaticEventSubscriber/LOADING]: Auto-subscribing net.mcreator.borninchaosv.recipes.brewing.SeaTerrorEyeKBrewingRecipe to MOD
[04Mar2025 02:55:25.804] [modloading-worker-0/DEBUG] [net.minecraftforge.fml.javafmlmod.AutomaticEventSubscriber/LOADING]: Auto-subscribing net.mcreator.borninchaosv.recipes.brewing.PotionofRampagekBrewingRecipe to MOD
[04Mar2025 02:55:25.804] [modloading-worker-0/DEBUG] [net.minecraftforge.fml.javafmlmod.AutomaticEventSubscriber/LOADING]: Auto-subscribing net.mcreator.borninchaosv.recipes.brewing.PotionofMagicalDepletionKBrewingRecipe to MOD
[04Mar2025 02:55:25.805] [modloading-worker-0/DEBUG] [net.minecraftforge.fml.javafmlmod.AutomaticEventSubscriber/LOADING]: Auto-subscribing net.mcreator.borninchaosv.recipes.brewing.PotionofLivingCocoonCraftBrewingRecipe to MOD
[04Mar2025 02:55:25.806] [modloading-worker-0/DEBUG] [net.minecraftforge.fml.javafmlmod.AutomaticEventSubscriber/LOADING]: Auto-subscribing net.mcreator.borninchaosv.recipes.brewing.IntoxicationPotionKBrewingRecipe to MOD
[04Mar2025 02:55:25.807] [modloading-worker-0/DEBUG] [net.minecraftforge.fml.javafmlmod.AutomaticEventSubscriber/LOADING]: Auto-subscribing net.mcreator.borninchaosv.recipes.brewing.ElixirofWitherResistanceCraftBrewingRecipe to MOD
[04Mar2025 02:55:25.807] [modloading-worker-0/DEBUG] [net.minecraftforge.fml.javafmlmod.AutomaticEventSubscriber/LOADING]: Auto-subscribing net.mcreator.borninchaosv.recipes.brewing.ElixirofVampirismKBrewingRecipe to MOD
[04Mar2025 02:55:25.808] [modloading-worker-0/DEBUG] [net.minecraftforge.fml.javafmlmod.AutomaticEventSubscriber/LOADING]: Auto-subscribing net.mcreator.borninchaosv.recipes.brewing.ElixirofInsectProtectionCraftBrewingRecipe to MOD
[04Mar2025 02:55:25.813] [modloading-worker-0/DEBUG] [net.minecraftforge.fml.javafmlmod.AutomaticEventSubscriber/LOADING]: Auto-subscribing net.mcreator.borninchaosv.recipes.brewing.ElixirofIceBarrierCraftBrewingRecipe to MOD
[04Mar2025 02:55:25.814] [modloading-worker-0/DEBUG] [net.minecraftforge.fml.javafmlmod.AutomaticEventSubscriber/LOADING]: Auto-subscribing net.mcreator.borninchaosv.recipes.brewing.ChaosComponentCraftBrewingRecipe to MOD
[04Mar2025 02:55:25.815] [modloading-worker-0/DEBUG] [net.minecraftforge.fml.javafmlmod.AutomaticEventSubscriber/LOADING]: Auto-subscribing net.mcreator.borninchaosv.recipes.brewing.BottleOfMagicalEnergyKBrewingRecipe to MOD
[04Mar2025 02:55:25.816] [modloading-worker-0/DEBUG] [net.minecraftforge.fml.javafmlmod.AutomaticEventSubscriber/LOADING]: Auto-subscribing net.mcreator.borninchaosv.procedures.ZombieswithDoorPriObnovlieniiTaktaSushchnostiProcedure to FORGE
[04Mar2025 02:55:25.817] [modloading-worker-0/DEBUG] [net.minecraftforge.fml.javafmlmod.AutomaticEventSubscriber/LOADING]: Auto-subscribing net.mcreator.borninchaosv.procedures.ZombiefishermanatackProcedure to FORGE
[04Mar2025 02:55:25.825] [modloading-worker-0/DEBUG] [net.minecraftforge.fml.javafmlmod.AutomaticEventSubscriber/LOADING]: Auto-subscribing net.mcreator.borninchaosv.procedures.ZombieclownatacProcedure to FORGE
[04Mar2025 02:55:25.831] [modloading-worker-0/DEBUG] [moe.plushie.armourers_workshop.ArmourersWorkshop/]: Registering Argument Type 'armourers_workshop:items'
[04Mar2025 02:55:25.840] [modloading-worker-0/DEBUG] [net.minecraftforge.fml.javafmlmod.AutomaticEventSubscriber/LOADING]: Auto-subscribing net.mcreator.borninchaosv.procedures.ZombieMaggotsProcedure to FORGE
[04Mar2025 02:55:25.841] [modloading-worker-0/DEBUG] [moe.plushie.armourers_workshop.ArmourersWorkshop/]: Registering Argument Type 'armourers_workshop:files'
[04Mar2025 02:55:25.841] [modloading-worker-0/DEBUG] [net.minecraftforge.fml.javafmlmod.AutomaticEventSubscriber/LOADING]: Auto-subscribing net.mcreator.borninchaosv.procedures.ZombieLumberjackAtackProcedure to FORGE
[04Mar2025 02:55:25.842] [modloading-worker-0/DEBUG] [net.minecraftforge.fml.javafmlmod.AutomaticEventSubscriber/LOADING]: Auto-subscribing net.mcreator.borninchaosv.procedures.ZombieBruiseratackProcedure to FORGE
[04Mar2025 02:55:25.842] [modloading-worker-0/DEBUG] [moe.plushie.armourers_workshop.ArmourersWorkshop/]: Registering Argument Type 'armourers_workshop:dye'
[04Mar2025 02:55:25.843] [modloading-worker-0/DEBUG] [net.minecraftforge.fml.javafmlmod.AutomaticEventSubscriber/LOADING]: Auto-subscribing net.mcreator.borninchaosv.procedures.WeaponDescriptionProcedure to FORGE
[04Mar2025 02:55:25.843] [modloading-worker-0/DEBUG] [moe.plushie.armourers_workshop.ArmourersWorkshop/]: Registering Argument Type 'armourers_workshop:color'
[04Mar2025 02:55:25.844] [modloading-worker-0/DEBUG] [net.minecraftforge.fml.javafmlmod.AutomaticEventSubscriber/LOADING]: Auto-subscribing net.mcreator.borninchaosv.procedures.WarningSoundProcedure to FORGE
[04Mar2025 02:55:25.846] [modloading-worker-0/DEBUG] [net.minecraftforge.fml.javafmlmod.AutomaticEventSubscriber/LOADING]: Auto-subscribing net.mcreator.borninchaosv.procedures.VampiricTouchAtackProcedure to FORGE
[04Mar2025 02:55:25.846] [modloading-worker-0/DEBUG] [net.minecraftforge.fml.javafmlmod.AutomaticEventSubscriber/LOADING]: Auto-subscribing net.mcreator.borninchaosv.procedures.TransmutingElixirclicProcedure to FORGE
[04Mar2025 02:55:25.850] [modloading-worker-0/DEBUG] [net.minecraftforge.fml.javafmlmod.AutomaticEventSubscriber/LOADING]: Auto-subscribing net.mcreator.borninchaosv.procedures.ThornshellCrabPriShchielchkiePKMPoSushchnostiProcedure to FORGE
[04Mar2025 02:55:25.851] [modloading-worker-0/DEBUG] [net.minecraftforge.fml.javafmlmod.AutomaticEventSubscriber/LOADING]: Auto-subscribing net.mcreator.borninchaosv.procedures.SweetItemDescriptionProcedure to FORGE
[04Mar2025 02:55:25.860] [modloading-worker-0/DEBUG] [net.minecraftforge.fml.javafmlmod.AutomaticEventSubscriber/LOADING]: Auto-subscribing net.mcreator.borninchaosv.procedures.SwarmerPreparationProcedure to FORGE
[04Mar2025 02:55:25.861] [modloading-worker-0/DEBUG] [net.minecraftforge.fml.javafmlmod.AutomaticEventSubscriber/LOADING]: Auto-subscribing net.mcreator.borninchaosv.procedures.SpiritofChaosAtackProcedure to FORGE
[04Mar2025 02:55:25.862] [modloading-worker-0/DEBUG] [net.minecraftforge.fml.javafmlmod.AutomaticEventSubscriber/LOADING]: Auto-subscribing net.mcreator.borninchaosv.procedures.SpiritGuideAtacProcedure to FORGE
[04Mar2025 02:55:25.863] [modloading-worker-0/DEBUG] [net.minecraftforge.fml.javafmlmod.AutomaticEventSubscriber/LOADING]: Auto-subscribing net.mcreator.borninchaosv.procedures.SpinyShellArmorKazhdyiTikDliaShliemaProcedure to FORGE
[04Mar2025 02:55:25.864] [modloading-worker-0/DEBUG] [net.minecraftforge.fml.javafmlmod.AutomaticEventSubscriber/LOADING]: Auto-subscribing net.mcreator.borninchaosv.procedures.SkeletonThrasherDProcedure to FORGE
[04Mar2025 02:55:25.872] [modloading-worker-0/DEBUG] [net.minecraftforge.fml.javafmlmod.AutomaticEventSubscriber/LOADING]: Auto-subscribing net.mcreator.borninchaosv.procedures.SerPumpkinheadAtacProcedure to FORGE
[04Mar2025 02:55:25.873] [modloading-worker-0/DEBUG] [net.minecraftforge.fml.javafmlmod.AutomaticEventSubscriber/LOADING]: Auto-subscribing net.mcreator.borninchaosv.procedures.SearedspiritPProcedure to FORGE
[04Mar2025 02:55:25.874] [modloading-worker-0/DEBUG] [net.minecraftforge.fml.javafmlmod.AutomaticEventSubscriber/LOADING]: Auto-subscribing net.mcreator.borninchaosv.procedures.RampagePProcedure to FORGE
[04Mar2025 02:55:25.877] [modloading-worker-0/DEBUG] [net.minecraftforge.fml.javafmlmod.AutomaticEventSubscriber/LOADING]: Auto-subscribing net.mcreator.borninchaosv.procedures.PumpkinbruiserAtacProcedure to FORGE
[04Mar2025 02:55:25.878] [modloading-worker-0/DEBUG] [net.minecraftforge.fml.javafmlmod.AutomaticEventSubscriber/LOADING]: Auto-subscribing net.mcreator.borninchaosv.procedures.PositiveTamingProcedure to FORGE
[04Mar2025 02:55:25.879] [modloading-worker-0/DEBUG] [net.minecraftforge.fml.javafmlmod.AutomaticEventSubscriber/LOADING]: Auto-subscribing net.mcreator.borninchaosv.procedures.PositiveFertilizerProcedure to FORGE
[04Mar2025 02:55:25.880] [modloading-worker-0/DEBUG] [net.minecraftforge.fml.javafmlmod.AutomaticEventSubscriber/LOADING]: Auto-subscribing net.mcreator.borninchaosv.procedures.PiritAtacProcedure to FORGE
[04Mar2025 02:55:25.888] [modloading-worker-0/DEBUG] [net.minecraftforge.fml.javafmlmod.AutomaticEventSubscriber/LOADING]: Auto-subscribing net.mcreator.borninchaosv.procedures.ObsessiondeadProcedure to FORGE
[04Mar2025 02:55:25.897] [modloading-worker-0/DEBUG] [net.minecraftforge.fml.javafmlmod.AutomaticEventSubscriber/LOADING]: Auto-subscribing net.mcreator.borninchaosv.procedures.NightmareStalkerDamProcedure to FORGE
[04Mar2025 02:55:25.897] [modloading-worker-0/DEBUG] [net.minecraftforge.fml.javafmlmod.AutomaticEventSubscriber/LOADING]: Auto-subscribing net.mcreator.borninchaosv.procedures.MrPumpkinAtacProcedure to FORGE
[04Mar2025 02:55:25.898] [modloading-worker-0/DEBUG] [net.minecraftforge.fml.javafmlmod.AutomaticEventSubscriber/LOADING]: Auto-subscribing net.mcreator.borninchaosv.procedures.MotherSpiderAtackProcedure to FORGE
[04Mar2025 02:55:25.899] [modloading-worker-0/DEBUG] [net.minecraftforge.fml.javafmlmod.AutomaticEventSubscriber/LOADING]: Auto-subscribing net.mcreator.borninchaosv.procedures.MissionaryHatpProcedure to FORGE
[04Mar2025 02:55:25.904] [modloading-worker-0/DEBUG] [net.minecraftforge.fml.javafmlmod.AutomaticEventSubscriber/LOADING]: Auto-subscribing net.mcreator.borninchaosv.procedures.MissionaryAtacktargetProcedure to FORGE
[04Mar2025 02:55:25.905] [modloading-worker-0/DEBUG] [net.minecraftforge.fml.javafmlmod.AutomaticEventSubscriber/LOADING]: Auto-subscribing net.mcreator.borninchaosv.procedures.MinionsattacktargetProcedure to FORGE
[04Mar2025 02:55:25.906] [modloading-worker-0/DEBUG] [net.minecraftforge.fml.javafmlmod.AutomaticEventSubscriber/LOADING]: Auto-subscribing net.mcreator.borninchaosv.procedures.LunarSpruceCowboyPProcedure to FORGE
[04Mar2025 02:55:25.907] [modloading-worker-0/DEBUG] [net.minecraftforge.fml.javafmlmod.AutomaticEventSubscriber/LOADING]: Auto-subscribing net.mcreator.borninchaosv.procedures.LordsFelsteedatackProcedure to FORGE
[04Mar2025 02:55:25.908] [modloading-worker-0/DEBUG] [net.minecraftforge.fml.javafmlmod.AutomaticEventSubscriber/LOADING]: Auto-subscribing net.mcreator.borninchaosv.procedures.LordTheHeadlessAtackProcedure to FORGE
[04Mar2025 02:55:25.915] [modloading-worker-0/DEBUG] [net.minecraftforge.fml.javafmlmod.AutomaticEventSubscriber/LOADING]: Auto-subscribing net.mcreator.borninchaosv.procedures.LordPumpkinheadsHatHitProcedure to FORGE
[04Mar2025 02:55:25.910] [modloading-worker-0/DEBUG] [net.minecraftforge.fml.javafmlmod.AutomaticEventSubscriber/LOADING]: Attempting to inject @EventBusSubscriber classes into the eventbus for armourers_workshop
[04Mar2025 02:55:25.923] [modloading-worker-0/DEBUG] [net.minecraftforge.fml.javafmlmod.AutomaticEventSubscriber/LOADING]: Auto-subscribing net.mcreator.borninchaosv.procedures.LordPumpkinheadatackProcedure to FORGE
[04Mar2025 02:55:25.924] [modloading-worker-0/DEBUG] [net.minecraftforge.fml.javafmlmod.AutomaticEventSubscriber/LOADING]: Auto-subscribing net.mcreator.borninchaosv.procedures.LivingcocoonplayersideDeadProcedure to FORGE
[04Mar2025 02:55:25.925] [modloading-worker-0/DEBUG] [net.minecraftforge.fml.javafmlmod.AutomaticEventSubscriber/LOADING]: Auto-subscribing net.mcreator.borninchaosv.procedures.LivingCocoonDeadProcedure to FORGE
[04Mar2025 02:55:25.926] [modloading-worker-0/DEBUG] [net.minecraftforge.fml.javafmlmod.AutomaticEventSubscriber/LOADING]: Auto-subscribing net.mcreator.borninchaosv.procedures.LifestealerTFAtackProcedure to FORGE
[04Mar2025 02:55:25.927] [modloading-worker-0/DEBUG] [net.minecraftforge.fml.javafmlmod.AutomaticEventSubscriber/LOADING]: Auto-subscribing net.mcreator.borninchaosv.procedures.LifestealerAtackProcedure to FORGE
[04Mar2025 02:55:25.927] [modloading-worker-0/DEBUG] [net.minecraftforge.fml.javafmlmod.AutomaticEventSubscriber/LOADING]: Auto-subscribing net.mcreator.borninchaosv.procedures.KrampusHenchmanAttackProcedure to FORGE
[04Mar2025 02:55:25.922] [modloading-worker-0/DEBUG] [net.minecraftforge.fml.config.ConfigTracker/CONFIG]: Config file deeperdarker-common.toml for deeperdarker tracking
[04Mar2025 02:55:25.928] [modloading-worker-0/DEBUG] [net.minecraftforge.fml.javafmlmod.AutomaticEventSubscriber/LOADING]: Attempting to inject @EventBusSubscriber classes into the eventbus for deeperdarker
[04Mar2025 02:55:25.929] [modloading-worker-0/DEBUG] [net.minecraftforge.fml.javafmlmod.AutomaticEventSubscriber/LOADING]: Auto-subscribing com.kyanite.deeperdarker.DeeperDarkerEvents to FORGE
[04Mar2025 02:55:25.929] [modloading-worker-0/DEBUG] [net.minecraftforge.fml.javafmlmod.AutomaticEventSubscriber/LOADING]: Auto-subscribing net.mcreator.borninchaosv.procedures.KrampusAttackProcedure to FORGE
[04Mar2025 02:55:25.931] [modloading-worker-0/DEBUG] [net.minecraftforge.fml.javafmlmod.AutomaticEventSubscriber/LOADING]: Auto-subscribing net.mcreator.borninchaosv.procedures.KillinganimalsProcedure to FORGE
[04Mar2025 02:55:25.935] [modloading-worker-0/DEBUG] [net.minecraftforge.fml.javafmlmod.AutomaticEventSubscriber/LOADING]: Attempting to inject @EventBusSubscriber classes into the eventbus for octolib
[04Mar2025 02:55:25.936] [modloading-worker-0/DEBUG] [net.minecraftforge.fml.javafmlmod.AutomaticEventSubscriber/LOADING]: Auto-subscribing net.mcreator.borninchaosv.procedures.KillingVillagersProcedure to FORGE
[04Mar2025 02:55:25.939] [modloading-worker-0/DEBUG] [net.minecraftforge.fml.javafmlmod.AutomaticEventSubscriber/LOADING]: Auto-subscribing net.mcreator.borninchaosv.procedures.ItemsDescriptionTooltipProcedure to FORGE
[04Mar2025 02:55:25.941] [modloading-worker-0/DEBUG] [net.minecraftforge.fml.javafmlmod.AutomaticEventSubscriber/LOADING]: Auto-subscribing net.mcreator.borninchaosv.procedures.InsectProtectionTrigerProcedure to FORGE
[04Mar2025 02:55:25.942] [modloading-worker-0/DEBUG] [net.minecraftforge.fml.javafmlmod.AutomaticEventSubscriber/LOADING]: Auto-subscribing net.mcreator.borninchaosv.procedures.InfernalSpiritAtackProcedure to FORGE
[04Mar2025 02:55:25.944] [modloading-worker-0/DEBUG] [net.minecraftforge.fml.javafmlmod.AutomaticEventSubscriber/LOADING]: Auto-subscribing net.mcreator.borninchaosv.procedures.IceBarrierAttackProcedure to FORGE
[04Mar2025 02:55:25.952] [modloading-worker-0/DEBUG] [net.minecraftforge.fml.javafmlmod.AutomaticEventSubscriber/LOADING]: Auto-subscribing net.mcreator.borninchaosv.procedures.HewnScorchedLogPProcedure to FORGE
[04Mar2025 02:55:25.953] [modloading-worker-0/DEBUG] [net.minecraftforge.fml.javafmlmod.AutomaticEventSubscriber/LOADING]: Auto-subscribing net.mcreator.borninchaosv.procedures.HatsDescriptionProcedure to FORGE
[04Mar2025 02:55:25.954] [modloading-worker-0/DEBUG] [net.minecraftforge.fml.javafmlmod.AutomaticEventSubscriber/LOADING]: Auto-subscribing net.mcreator.borninchaosv.procedures.GluttonfishatackProcedure to FORGE
[04Mar2025 02:55:25.955] [modloading-worker-0/DEBUG] [net.minecraftforge.fml.javafmlmod.AutomaticEventSubscriber/LOADING]: Auto-subscribing net.mcreator.borninchaosv.procedures.FragileScorchedPlanksPProcedure to FORGE
[04Mar2025 02:55:25.956] [modloading-worker-0/DEBUG] [net.minecraftforge.fml.javafmlmod.AutomaticEventSubscriber/LOADING]: Auto-subscribing net.mcreator.borninchaosv.procedures.FirelightDProcedure to FORGE
[04Mar2025 02:55:25.956] [modloading-worker-0/DEBUG] [net.minecraftforge.fml.javafmlmod.AutomaticEventSubscriber/LOADING]: Auto-subscribing net.mcreator.borninchaosv.procedures.EvilCarvedPumpkinPProcedure to FORGE
[04Mar2025 02:55:25.958] [modloading-worker-0/DEBUG] [net.minecraftforge.fml.javafmlmod.AutomaticEventSubscriber/LOADING]: Auto-subscribing net.mcreator.borninchaosv.procedures.EatingRottenFleshProcedure to FORGE
[04Mar2025 02:55:25.961] [modloading-worker-0/DEBUG] [net.minecraftforge.fml.javafmlmod.AutomaticEventSubscriber/LOADING]: Auto-subscribing net.mcreator.borninchaosv.procedures.DreadHoundPriNazhatiiPravoiKnopkiNaSushchnostProcedure to FORGE
[04Mar2025 02:55:25.968] [modloading-worker-0/DEBUG] [net.minecraftforge.fml.javafmlmod.AutomaticEventSubscriber/LOADING]: Auto-subscribing net.mcreator.borninchaosv.procedures.DreadHoundAtacProcedure to FORGE
[04Mar2025 02:55:25.969] [modloading-worker-0/DEBUG] [net.minecraftforge.fml.javafmlmod.AutomaticEventSubscriber/LOADING]: Auto-subscribing net.mcreator.borninchaosv.procedures.DireHoundLeaderAtackProcedure to FORGE
[04Mar2025 02:55:25.962] [modloading-worker-0/DEBUG] [net.minecraftforge.fml.javafmlmod.AutomaticEventSubscriber/LOADING]: Attempting to inject @EventBusSubscriber classes into the eventbus for architectury
[04Mar2025 02:55:25.981] [modloading-worker-0/DEBUG] [net.minecraftforge.fml.javafmlmod.AutomaticEventSubscriber/LOADING]: Auto-subscribing dev.architectury.registry.level.entity.trade.forge.TradeRegistryImpl to FORGE
[04Mar2025 02:55:25.982] [modloading-worker-0/DEBUG] [net.minecraftforge.fml.javafmlmod.AutomaticEventSubscriber/LOADING]: Auto-subscribing net.mcreator.borninchaosv.procedures.DimonBaitProcedure to FORGE
[04Mar2025 02:55:25.982] [modloading-worker-0/DEBUG] [net.minecraftforge.fml.javafmlmod.AutomaticEventSubscriber/LOADING]: Auto-subscribing dev.architectury.registry.forge.ReloadListenerRegistryImpl to FORGE
[04Mar2025 02:55:25.985] [modloading-worker-0/DEBUG] [net.minecraftforge.fml.javafmlmod.AutomaticEventSubscriber/LOADING]: Auto-subscribing dev.architectury.networking.forge.NetworkManagerImpl to FORGE
[04Mar2025 02:55:25.990] [modloading-worker-0/DEBUG] [net.minecraftforge.fml.config.ConfigTracker/CONFIG]: Config file lootr-common.toml for lootr tracking
[04Mar2025 02:55:25.992] [modloading-worker-0/DEBUG] [net.minecraftforge.fml.config.ConfigTracker/CONFIG]: Config file lootr-client.toml for lootr tracking
[04Mar2025 02:55:25.991] [modloading-worker-0/DEBUG] [net.minecraftforge.fml.javafmlmod.AutomaticEventSubscriber/LOADING]: Auto-subscribing net.mcreator.borninchaosv.procedures.DescriptionArmorProcedure to FORGE
[04Mar2025 02:55:25.993] [modloading-worker-0/DEBUG] [net.minecraftforge.fml.javafmlmod.AutomaticEventSubscriber/LOADING]: Auto-subscribing net.mcreator.borninchaosv.procedures.DeathTotemKoghdaPriedmietNakhoditsiaVRukieProcedure to FORGE
[04Mar2025 02:55:25.995] [modloading-worker-0/DEBUG] [net.minecraftforge.fml.javafmlmod.AutomaticEventSubscriber/LOADING]: Auto-subscribing net.mcreator.borninchaosv.procedures.DarkWardActivProcedure to FORGE
[04Mar2025 02:55:26.003] [modloading-worker-0/DEBUG] [net.minecraftforge.fml.javafmlmod.AutomaticEventSubscriber/LOADING]: Auto-subscribing net.mcreator.borninchaosv.procedures.DarkRitualDaggerPProcedure to FORGE
[04Mar2025 02:55:26.004] [modloading-worker-0/DEBUG] [net.minecraftforge.fml.javafmlmod.AutomaticEventSubscriber/LOADING]: Auto-subscribing net.mcreator.borninchaosv.procedures.DZombieDProcedure to FORGE
[04Mar2025 02:55:26.011] [modloading-worker-0/DEBUG] [net.minecraftforge.fml.javafmlmod.AutomaticEventSubscriber/LOADING]: Auto-subscribing net.mcreator.borninchaosv.procedures.CursedMarkAtacProcedure to FORGE
[04Mar2025 02:55:26.013] [modloading-worker-0/DEBUG] [net.minecraftforge.fml.javafmlmod.AutomaticEventSubscriber/LOADING]: Auto-subscribing net.mcreator.borninchaosv.procedures.CorpseflyatacProcedure to FORGE
[04Mar2025 02:55:26.019] [modloading-worker-0/DEBUG] [net.minecraftforge.fml.javafmlmod.AutomaticEventSubscriber/LOADING]: Auto-subscribing net.mcreator.borninchaosv.procedures.BoneBarrierProProcedure to FORGE
[04Mar2025 02:55:26.020] [modloading-worker-0/DEBUG] [net.minecraftforge.fml.javafmlmod.AutomaticEventSubscriber/LOADING]: Auto-subscribing net.mcreator.borninchaosv.procedures.BloodyGadflyAtacProcedure to FORGE
[04Mar2025 02:55:26.021] [modloading-worker-0/DEBUG] [net.minecraftforge.fml.javafmlmod.AutomaticEventSubscriber/LOADING]: Auto-subscribing net.mcreator.borninchaosv.procedures.BlockSkeletonTrasherProcedure to FORGE
[04Mar2025 02:55:26.022] [modloading-worker-0/DEBUG] [net.minecraftforge.fml.javafmlmod.AutomaticEventSubscriber/LOADING]: Auto-subscribing net.mcreator.borninchaosv.procedures.BabyspidercontrolledAtackProcedure to FORGE
[04Mar2025 02:55:26.023] [modloading-worker-0/DEBUG] [net.minecraftforge.fml.javafmlmod.AutomaticEventSubscriber/LOADING]: Auto-subscribing net.mcreator.borninchaosv.procedures.BabySpiderAtackProcedure to FORGE
[04Mar2025 02:55:26.024] [modloading-worker-0/DEBUG] [net.minecraftforge.fml.javafmlmod.AutomaticEventSubscriber/LOADING]: Auto-subscribing net.mcreator.borninchaosv.procedures.AxeAtackProcedure to FORGE
[04Mar2025 02:55:26.031] [modloading-worker-0/DEBUG] [mixin/]: Mixing MixinNbtPredicate from curios.mixins.json into net.minecraft.advancements.critereon.NbtPredicate
[04Mar2025 02:55:26.032] [modloading-worker-0/DEBUG] [net.minecraftforge.fml.javafmlmod.AutomaticEventSubscriber/LOADING]: Auto-subscribing net.mcreator.borninchaosv.procedures.AttackoftheDisobedientProcedure to FORGE
[04Mar2025 02:55:26.033] [modloading-worker-0/DEBUG] [net.minecraftforge.fml.javafmlmod.AutomaticEventSubscriber/LOADING]: Attempting to inject @EventBusSubscriber classes into the eventbus for lootr
[04Mar2025 02:55:26.033] [modloading-worker-0/DEBUG] [net.minecraftforge.fml.javafmlmod.AutomaticEventSubscriber/LOADING]: Auto-subscribing noobanidus.mods.lootr.setup.CommonSetup to MOD
[04Mar2025 02:55:26.033] [modloading-worker-0/DEBUG] [net.minecraftforge.fml.javafmlmod.AutomaticEventSubscriber/LOADING]: Auto-subscribing net.mcreator.borninchaosv.network.BornInChaosV1ModVariables to MOD
[04Mar2025 02:55:26.034] [modloading-worker-0/DEBUG] [net.minecraftforge.fml.javafmlmod.AutomaticEventSubscriber/LOADING]: Auto-subscribing net.mcreator.borninchaosv.network.BornInChaosV1ModVariables$PlayerVariablesProvider to FORGE
[04Mar2025 02:55:26.035] [modloading-worker-0/DEBUG] [net.minecraftforge.fml.javafmlmod.AutomaticEventSubscriber/LOADING]: Auto-subscribing noobanidus.mods.lootr.init.ModTabs to MOD
[04Mar2025 02:55:26.035] [modloading-worker-0/DEBUG] [net.minecraftforge.fml.javafmlmod.AutomaticEventSubscriber/LOADING]: Auto-subscribing noobanidus.mods.lootr.init.ModItems to MOD
[04Mar2025 02:55:26.035] [modloading-worker-0/DEBUG] [net.minecraftforge.fml.javafmlmod.AutomaticEventSubscriber/LOADING]: Auto-subscribing noobanidus.mods.lootr.gen.LootrDataGenerators to MOD
[04Mar2025 02:55:26.035] [modloading-worker-0/DEBUG] [net.minecraftforge.fml.javafmlmod.AutomaticEventSubscriber/LOADING]: Auto-subscribing net.mcreator.borninchaosv.network.BornInChaosV1ModVariables$EventBusVariableHandlers to FORGE
[04Mar2025 02:55:26.035] [modloading-worker-0/DEBUG] [net.minecraftforge.fml.javafmlmod.AutomaticEventSubscriber/LOADING]: Auto-subscribing noobanidus.mods.lootr.event.HandleChunk to FORGE
[04Mar2025 02:55:26.037] [modloading-worker-0/DEBUG] [net.minecraftforge.fml.javafmlmod.AutomaticEventSubscriber/LOADING]: Auto-subscribing net.mcreator.borninchaosv.init.ItemAnimationFactory to FORGE
[04Mar2025 02:55:26.038] [modloading-worker-0/DEBUG] [net.minecraftforge.fml.javafmlmod.AutomaticEventSubscriber/LOADING]: Auto-subscribing net.mcreator.borninchaosv.init.EntityAnimationFactory to FORGE
[04Mar2025 02:55:26.039] [modloading-worker-0/DEBUG] [net.minecraftforge.fml.javafmlmod.AutomaticEventSubscriber/LOADING]: Auto-subscribing net.mcreator.borninchaosv.init.BornInChaosV1ModGameRules to MOD
[04Mar2025 02:55:26.040] [modloading-worker-0/DEBUG] [net.minecraftforge.fml.javafmlmod.AutomaticEventSubscriber/LOADING]: Auto-subscribing net.mcreator.borninchaosv.init.BornInChaosV1ModFuels to FORGE
[04Mar2025 02:55:26.041] [modloading-worker-0/DEBUG] [net.minecraftforge.fml.javafmlmod.AutomaticEventSubscriber/LOADING]: Auto-subscribing net.mcreator.borninchaosv.init.BornInChaosV1ModFeatures to FORGE
[04Mar2025 02:55:26.041] [modloading-worker-0/DEBUG] [net.minecraftforge.fml.javafmlmod.AutomaticEventSubscriber/LOADING]: Auto-subscribing net.mcreator.borninchaosv.init.BornInChaosV1ModEntities to MOD
[04Mar2025 02:55:26.042] [modloading-worker-0/DEBUG] [net.minecraftforge.fml.javafmlmod.AutomaticEventSubscriber/LOADING]: Auto-subscribing net.mcreator.borninchaosv.init.BornInChaosV1ModCompostableItems to MOD
[04Mar2025 02:55:26.047] [modloading-worker-0/DEBUG] [net.minecraftforge.fml.javafmlmod.AutomaticEventSubscriber/LOADING]: Auto-subscribing noobanidus.mods.lootr.event.HandleCart to FORGE
[04Mar2025 02:55:26.063] [modloading-worker-0/DEBUG] [net.minecraftforge.fml.config.ConfigTracker/CONFIG]: Config file occultism-server.toml for occultism tracking
[04Mar2025 02:55:26.065] [modloading-worker-0/DEBUG] [net.minecraftforge.fml.ModLoadingContext/]: Attempted to register an empty config for type COMMON on mod occultism
[04Mar2025 02:55:26.065] [modloading-worker-0/DEBUG] [net.minecraftforge.fml.config.ConfigTracker/CONFIG]: Config file occultism-client.toml for occultism tracking
[04Mar2025 02:55:26.068] [modloading-worker-0/DEBUG] [net.minecraftforge.fml.javafmlmod.AutomaticEventSubscriber/LOADING]: Auto-subscribing noobanidus.mods.lootr.event.HandleBreak to FORGE
[04Mar2025 02:55:26.069] [modloading-worker-0/DEBUG] [net.minecraftforge.fml.javafmlmod.AutomaticEventSubscriber/LOADING]: Auto-subscribing noobanidus.mods.lootr.event.HandleAdvancement to FORGE
[04Mar2025 02:55:26.069] [modloading-worker-0/DEBUG] [net.minecraftforge.fml.javafmlmod.AutomaticEventSubscriber/LOADING]: Auto-subscribing noobanidus.mods.lootr.entity.EntityTicker to FORGE
[04Mar2025 02:55:26.070] [modloading-worker-0/DEBUG] [net.minecraftforge.fml.javafmlmod.AutomaticEventSubscriber/LOADING]: Auto-subscribing noobanidus.mods.lootr.config.ConfigManager to MOD
[04Mar2025 02:55:26.071] [modloading-worker-0/DEBUG] [net.minecraftforge.fml.javafmlmod.AutomaticEventSubscriber/LOADING]: Auto-subscribing noobanidus.mods.lootr.block.entities.TileTicker to FORGE
[04Mar2025 02:55:26.127] [modloading-worker-0/DEBUG] [net.minecraftforge.fml.config.ConfigTracker/CONFIG]: Config file minecolonies-client.toml for minecolonies tracking
[04Mar2025 02:55:26.127] [modloading-worker-0/DEBUG] [net.minecraftforge.fml.config.ConfigTracker/CONFIG]: Config file minecolonies-server.toml for minecolonies tracking
[04Mar2025 02:55:26.127] [modloading-worker-0/DEBUG] [net.minecraftforge.fml.config.ConfigTracker/CONFIG]: Config file minecolonies-common.toml for minecolonies tracking
[04Mar2025 02:55:26.339] [modloading-worker-0/DEBUG] [net.minecraftforge.fml.javafmlmod.AutomaticEventSubscriber/LOADING]: Attempting to inject @EventBusSubscriber classes into the eventbus for minecolonies
[04Mar2025 02:55:26.340] [modloading-worker-0/DEBUG] [net.minecraftforge.fml.javafmlmod.AutomaticEventSubscriber/LOADING]: Auto-subscribing com.minecolonies.core.event.QuestObjectiveEventHandler to FORGE
[04Mar2025 02:55:26.342] [modloading-worker-0/DEBUG] [net.minecraftforge.fml.javafmlmod.AutomaticEventSubscriber/LOADING]: Auto-subscribing com.minecolonies.apiimp.initializer.ModParticleTypesInitializer$CommonRegistration to MOD
[04Mar2025 02:55:26.343] [modloading-worker-0/DEBUG] [net.minecraftforge.fml.javafmlmod.AutomaticEventSubscriber/LOADING]: Auto-subscribing com.minecolonies.apiimp.initializer.ModItemsInitializer to MOD
[04Mar2025 02:55:26.355] [modloading-worker-0/DEBUG] [net.minecraftforge.fml.javafmlmod.AutomaticEventSubscriber/LOADING]: Attempting to inject @EventBusSubscriber classes into the eventbus for occultism
[04Mar2025 02:55:26.359] [modloading-worker-0/DEBUG] [net.minecraftforge.fml.javafmlmod.AutomaticEventSubscriber/LOADING]: Auto-subscribing com.klikli_dev.occultism.handlers.PlayerEventHandler to FORGE
[04Mar2025 02:55:26.361] [modloading-worker-0/DEBUG] [net.minecraftforge.fml.javafmlmod.AutomaticEventSubscriber/LOADING]: Auto-subscribing com.klikli_dev.occultism.handlers.LootEventHandler to FORGE
[04Mar2025 02:55:26.363] [modloading-worker-0/DEBUG] [net.minecraftforge.fml.javafmlmod.AutomaticEventSubscriber/LOADING]: Auto-subscribing com.klikli_dev.occultism.handlers.ForgeEventHandler to FORGE
[04Mar2025 02:55:26.376] [modloading-worker-0/DEBUG] [net.minecraftforge.fml.javafmlmod.AutomaticEventSubscriber/LOADING]: Auto-subscribing com.klikli_dev.occultism.handlers.FamiliarEventHandler to FORGE
[04Mar2025 02:55:26.379] [modloading-worker-0/DEBUG] [net.minecraftforge.fml.javafmlmod.AutomaticEventSubscriber/LOADING]: Auto-subscribing com.klikli_dev.occultism.handlers.CapabilityEventHandler to FORGE
[04Mar2025 02:55:26.381] [modloading-worker-0/DEBUG] [net.minecraftforge.fml.javafmlmod.AutomaticEventSubscriber/LOADING]: Auto-subscribing com.klikli_dev.occultism.datagen.DataGenerators to MOD
[04Mar2025 02:55:26.382] [modloading-worker-0/INFO] [be.florens.expandability.ExpandAbility/]: ExpandAbility here, who dis?
[04Mar2025 02:55:26.383] [modloading-worker-0/DEBUG] [net.minecraftforge.fml.javafmlmod.AutomaticEventSubscriber/LOADING]: Attempting to inject @EventBusSubscriber classes into the eventbus for expandability
[04Mar2025 02:55:26.418] [modloading-worker-0/DEBUG] [net.minecraftforge.fml.javafmlmod.AutomaticEventSubscriber/LOADING]: Auto-subscribing com.minecolonies.apiimp.initializer.ModContainerInitializers to MOD
[04Mar2025 02:55:26.418] [modloading-worker-0/DEBUG] [net.minecraftforge.fml.javafmlmod.AutomaticEventSubscriber/LOADING]: Auto-subscribing com.minecolonies.apiimp.initializer.ModBlocksInitializer to MOD
[04Mar2025 02:55:26.428] [modloading-worker-0/DEBUG] [net.minecraftforge.fml.javafmlmod.AutomaticEventSubscriber/LOADING]: Auto-subscribing com.minecolonies.apiimp.initializer.EntityInitializer to MOD
[04Mar2025 02:55:26.429] [modloading-worker-0/DEBUG] [net.minecraftforge.fml.javafmlmod.AutomaticEventSubscriber/LOADING]: Auto-subscribing com.minecolonies.api.creativetab.ModCreativeTabs to FORGE
[04Mar2025 02:55:26.602] [modloading-worker-0/DEBUG] [net.minecraftforge.fml.javafmlmod.AutomaticEventSubscriber/LOADING]: Attempting to inject @EventBusSubscriber classes into the eventbus for majruszsenchantments
[04Mar2025 02:55:26.967] [modloading-worker-0/DEBUG] [mixin/]: Mixing MixinLootDataManager from architectury.mixins.json into net.minecraft.world.level.storage.loot.LootDataManager
[04Mar2025 02:55:27.014] [modloading-worker-0/INFO] [simplyswords/]: Registering Gobber compat Items for simplyswords
[04Mar2025 02:55:27.027] [modloading-worker-0/DEBUG] [net.minecraftforge.fml.javafmlmod.AutomaticEventSubscriber/LOADING]: Attempting to inject @EventBusSubscriber classes into the eventbus for simplyswords
[04Mar2025 02:55:27.156] [modloading-worker-0/DEBUG] [net.minecraftforge.fml.javafmlmod.AutomaticEventSubscriber/LOADING]: Attempting to inject @EventBusSubscriber classes into the eventbus for majruszlibrary
[04Mar2025 02:55:27.157] [modloading-worker-0/DEBUG] [net.minecraftforge.fml.javafmlmod.AutomaticEventSubscriber/LOADING]: Auto-subscribing com.majruszlibrary.events.OnItemFishedForge to FORGE
[04Mar2025 02:55:27.157] [modloading-worker-0/DEBUG] [net.minecraftforge.fml.javafmlmod.AutomaticEventSubscriber/LOADING]: Auto-subscribing com.majruszlibrary.events.OnEnderManAngeredForge to FORGE
[04Mar2025 02:55:27.164] [modloading-worker-0/DEBUG] [net.minecraftforge.fml.javafmlmod.AutomaticEventSubscriber/LOADING]: Auto-subscribing com.majruszlibrary.events.OnBreakSpeedGetForge to FORGE
[04Mar2025 02:55:27.179] [main/DEBUG] [net.minecraftforge.fml.DeferredWorkQueue/LOADING]: Dispatching synchronous work for work queue CONSTRUCT: 11 jobs
[04Mar2025 02:55:27.182] [main/DEBUG] [net.minecraftforge.fml.config.ConfigTracker/CONFIG]: Config file rpgstats.toml for rpgstats tracking
[04Mar2025 02:55:27.188] [main/DEBUG] [epicfight/]: Loaded enums in class yesman.epicfight.api.animation.LivingMotions
[04Mar2025 02:55:27.188] [main/DEBUG] [epicfight/]: All enums are loaded: living_motion [ALL, INACTION, IDLE, CONFRONT, ANGRY, FLOAT, WALK, RUN, SWIM, FLY, SNEAK, KNEEL, FALL, SIT, MOUNT, DEATH, CHASE, SPELLCAST, JUMP, CELEBRATE, LANDING_RECOVERY, CREATIVE_FLY, CREATIVE_IDLE, DIGGING, ADMIRE, CLIMB, SLEEP, DRINK, EAT, NONE, AIM, BLOCK, BLOCK_SHIELD, RELOAD, SHOT, SPECTATE]
[04Mar2025 02:55:27.188] [main/DEBUG] [epicfight/]: Loaded enums in class yesman.epicfight.skill.SkillCategories
[04Mar2025 02:55:27.188] [main/DEBUG] [epicfight/]: All enums are loaded: skill_category [BASIC_ATTACK, AIR_ATTACK, DODGE, PASSIVE, WEAPON_PASSIVE, WEAPON_INNATE, GUARD, KNOCKDOWN_WAKEUP, MOVER, IDENTITY]
[04Mar2025 02:55:27.189] [main/DEBUG] [epicfight/]: Loaded enums in class yesman.epicfight.skill.SkillSlots
[04Mar2025 02:55:27.189] [main/DEBUG] [epicfight/]: All enums are loaded: skill_slot [BASIC_ATTACK, AIR_ATTACK, DODGE, PASSIVE1, PASSIVE2, PASSIVE3, WEAPON_PASSIVE, WEAPON_INNATE, GUARD, KNOCKDOWN_WAKEUP, MOVER, IDENTITY]
[04Mar2025 02:55:27.189] [main/DEBUG] [epicfight/]: Loaded enums in class yesman.epicfight.world.capabilities.item.CapabilityItem$Styles
[04Mar2025 02:55:27.189] [main/DEBUG] [epicfight/]: All enums are loaded: style [COMMON, ONE_HAND, TWO_HAND, MOUNT, RANGED, SHEATH, OCHS]
[04Mar2025 02:55:27.189] [main/DEBUG] [epicfight/]: Loaded enums in class yesman.epicfight.world.capabilities.item.CapabilityItem$WeaponCategories
[04Mar2025 02:55:27.189] [main/DEBUG] [epicfight/]: All enums are loaded: weapon_category [NOT_WEAPON, AXE, FIST, GREATSWORD, HOE, PICKAXE, SHOVEL, SWORD, UCHIGATANA, SPEAR, TACHI, TRIDENT, LONGSWORD, DAGGER, SHIELD, RANGED]
[04Mar2025 02:55:27.192] [main/DEBUG] [net.minecraftforge.fml.config.ConfigTracker/CONFIG]: Config file terramity-client-config.toml for terramity tracking
[04Mar2025 02:55:27.201] [main/DEBUG] [net.minecraftforge.fml.config.ConfigTracker/CONFIG]: Config file TerramityBossHealthConfig.toml for terramity tracking
[04Mar2025 02:55:27.215] [main/DEBUG] [net.minecraftforge.fml.DeferredWorkQueue/LOADING]: Synchronous work queue completed in 34.89 ms
[04Mar2025 02:55:27.359] [main/DEBUG] [net.minecraftforge.common.capabilities.CapabilityManager/CAPABILITIES]: Attempting to automatically register: Lnet/minecraftforge/energy/IEnergyStorage;
[04Mar2025 02:55:27.359] [main/DEBUG] [net.minecraftforge.common.capabilities.CapabilityManager/CAPABILITIES]: Attempting to automatically register: Lnet/minecraftforge/fluids/capability/IFluidHandler;
[04Mar2025 02:55:27.359] [main/DEBUG] [net.minecraftforge.common.capabilities.CapabilityManager/CAPABILITIES]: Attempting to automatically register: Lnet/minecraftforge/fluids/capability/IFluidHandlerItem;
[04Mar2025 02:55:27.359] [main/DEBUG] [net.minecraftforge.common.capabilities.CapabilityManager/CAPABILITIES]: Attempting to automatically register: Lnet/minecraftforge/items/IItemHandler;
[04Mar2025 02:55:30.999] [main/DEBUG] [io.netty.util.internal.InternalThreadLocalMap/]: -Dio.netty.threadLocalMap.stringBuilder.initialSize: 1024
[04Mar2025 02:55:30.999] [main/DEBUG] [io.netty.util.internal.InternalThreadLocalMap/]: -Dio.netty.threadLocalMap.stringBuilder.maxSize: 4096
[04Mar2025 02:55:31.000] [main/DEBUG] [io.netty.util.internal.ThreadLocalRandom/]: -Dio.netty.initialSeedUniquifier: 0x2f58815b01e50fba
[04Mar2025 02:55:31.028] [main/DEBUG] [mixin/]: Mixing impl.MixinBlockHelper from glitchcore.forge.mixins.json into glitchcore.util.BlockHelper
[04Mar2025 02:55:31.582] [main/DEBUG] [dev.architectury.core.item.ArchitecturySpawnEggItem/]: Registering spawn egg mimic_spawn_egg for artifacts:mimic
[04Mar2025 02:55:32.153] [main/INFO] [evilcraft/]: 2205 possible Broom base combinations are ready for flying!
[04Mar2025 02:55:32.156] [main/DEBUG] [mixin/]: Mixing PotionUtilsMixin from alexscaves.mixins.json into net.minecraft.world.item.alchemy.PotionUtils
[04Mar2025 02:55:32.156] [main/DEBUG] [mixin/]: Renaming synthetic method lambda$ac_getColor$0(Lnet/minecraft/world/effect/MobEffectInstance;)Z to md376fdc$lambda$ac_getColor$0$0 in alexscaves.mixins.json:PotionUtilsMixin
[04Mar2025 02:55:32.309] [main/DEBUG] [mixin/]: Mixing MixinInventoryMenu from majruszlibrary-common.mixins.json into net.minecraft.world.inventory.InventoryMenu
[04Mar2025 02:55:32.373] [main/DEBUG] [mixin/]: Mixing accessor.ShapelessRecipeAccessor from tombstone.mixins.json into net.minecraft.world.item.crafting.ShapelessRecipe
[04Mar2025 02:55:33.077] [main/DEBUG] [mixin/]: Mixing ForgeHooksMixin from tombstone.mixins.json into net.minecraftforge.common.ForgeHooks
[04Mar2025 02:55:33.112] [main/WARN] [net.minecraft.network.syncher.SynchedEntityData/]: defineId called for: class net.minecraft.world.entity.player.Player from class yesman.epicfight.world.capabilities.entitypatch.player.PlayerPatch
[04Mar2025 02:55:33.144] [main/WARN] [net.minecraft.network.syncher.SynchedEntityData/]: defineId called for: class com.github.alexmodguy.alexscaves.server.entity.living.TremorzillaEntity from class com.github.alexmodguy.alexscaves.server.entity.living.LicowitchEntity
[04Mar2025 02:55:33.152] [main/WARN] [net.minecraft.network.syncher.SynchedEntityData/]: defineId called for: class net.mcreator.borninchaosv.entity.BabySpiderEntity from class net.mcreator.borninchaosv.entity.MotherSpiderEntity
[04Mar2025 02:55:33.155] [main/DEBUG] [mixin/]: Mixing SpawnRestrictionAccessor from graveyard-common.mixins.json into net.minecraft.world.entity.SpawnPlacements
[04Mar2025 02:55:33.155] [main/DEBUG] [mixin/]: Renaming @Invoker method callRegister(Lnet/minecraft/world/entity/EntityType;Lnet/minecraft/world/entity/SpawnPlacements$Type;Lnet/minecraft/world/level/levelgen/Heightmap$Types;Lnet/minecraft/world/entity/SpawnPlacements$SpawnPredicate;)V to callRegister_$md$376fdc$0 in graveyard-common.mixins.json:SpawnRestrictionAccessor
[04Mar2025 02:55:33.155] [main/DEBUG] [mixin/]: Mixing SpawnPlacementsMixin from botania_xplat.mixins.json into net.minecraft.world.entity.SpawnPlacements
[04Mar2025 02:55:33.156] [main/DEBUG] [mixin/]: Mixing IMixinSpawnPlacements from majruszlibrary-common.mixins.json into net.minecraft.world.entity.SpawnPlacements
[04Mar2025 02:55:33.156] [main/DEBUG] [mixin/]: Renaming @Invoker method register(Lnet/minecraft/world/entity/EntityType;Lnet/minecraft/world/entity/SpawnPlacements$Type;Lnet/minecraft/world/level/levelgen/Heightmap$Types;Lnet/minecraft/world/entity/SpawnPlacements$SpawnPredicate;)V to register_$md$376fdc$1 in majruszlibrary-common.mixins.json:IMixinSpawnPlacements
[04Mar2025 02:55:33.171] [main/WARN] [net.minecraft.network.syncher.SynchedEntityData/]: defineId called for: class com.klikli_dev.occultism.common.entity.spirit.DjinniEntity from class com.klikli_dev.occultism.common.entity.spirit.FoliotEntity
[04Mar2025 02:55:33.189] [main/WARN] [net.minecraft.network.syncher.SynchedEntityData/]: defineId called for: class net.minecraft.world.entity.boss.wither.WitherBoss from class yesman.epicfight.world.capabilities.entitypatch.boss.WitherPatch
[04Mar2025 02:55:33.190] [main/WARN] [net.minecraft.network.syncher.SynchedEntityData/]: defineId called for: class net.minecraft.world.entity.boss.wither.WitherBoss from class yesman.epicfight.world.capabilities.entitypatch.boss.WitherPatch
[04Mar2025 02:55:33.190] [main/WARN] [net.minecraft.network.syncher.SynchedEntityData/]: defineId called for: class net.minecraft.world.entity.boss.wither.WitherBoss from class yesman.epicfight.world.capabilities.entitypatch.boss.WitherPatch
[04Mar2025 02:55:33.190] [main/WARN] [net.minecraft.network.syncher.SynchedEntityData/]: defineId called for: class net.minecraft.world.entity.boss.wither.WitherBoss from class yesman.epicfight.world.capabilities.entitypatch.boss.WitherPatch
[04Mar2025 02:55:33.190] [main/WARN] [net.minecraft.network.syncher.SynchedEntityData/]: defineId called for: class net.minecraft.world.entity.boss.wither.WitherBoss from class yesman.epicfight.world.capabilities.entitypatch.boss.WitherPatch
[04Mar2025 02:55:33.190] [main/WARN] [net.minecraft.network.syncher.SynchedEntityData/]: defineId called for: class net.minecraft.world.entity.boss.wither.WitherBoss from class yesman.epicfight.world.capabilities.entitypatch.boss.WitherPatch
[04Mar2025 02:55:33.190] [main/WARN] [net.minecraft.network.syncher.SynchedEntityData/]: defineId called for: class net.minecraft.world.entity.boss.wither.WitherBoss from class yesman.epicfight.world.capabilities.entitypatch.boss.WitherPatch
[04Mar2025 02:55:33.191] [main/WARN] [net.minecraft.network.syncher.SynchedEntityData/]: defineId called for: class net.minecraft.world.entity.boss.wither.WitherBoss from class yesman.epicfight.world.capabilities.entitypatch.boss.WitherPatch
[04Mar2025 02:55:33.191] [main/WARN] [net.minecraft.network.syncher.SynchedEntityData/]: defineId called for: class net.minecraft.world.entity.boss.wither.WitherBoss from class yesman.epicfight.world.capabilities.entitypatch.boss.WitherPatch
[04Mar2025 02:55:33.215] [main/DEBUG] [net.minecraftforge.fml.config.ConfigTracker/CONFIG]: Loading configs type COMMON
[04Mar2025 02:55:33.216] [main/DEBUG] [net.minecraftforge.fml.config.ConfigFileTypeHandler/CONFIG]: Built TOML config for /workspaces/panaserver2.0/servidor_minecraft/config/cucumber-common.toml
[04Mar2025 02:55:33.216] [main/DEBUG] [net.minecraftforge.fml.config.ConfigFileTypeHandler/CONFIG]: Loaded TOML config file /workspaces/panaserver2.0/servidor_minecraft/config/cucumber-common.toml
[04Mar2025 02:55:33.221] [main/DEBUG] [net.minecraftforge.fml.config.ConfigFileTypeHandler/CONFIG]: Watching TOML config file /workspaces/panaserver2.0/servidor_minecraft/config/cucumber-common.toml for changes
[04Mar2025 02:55:33.221] [main/DEBUG] [net.minecraftforge.fml.config.ConfigFileTypeHandler/CONFIG]: Built TOML config for /workspaces/panaserver2.0/servidor_minecraft/config/cyclopscore-common.toml
[04Mar2025 02:55:33.222] [main/DEBUG] [net.minecraftforge.fml.config.ConfigFileTypeHandler/CONFIG]: Loaded TOML config file /workspaces/panaserver2.0/servidor_minecraft/config/cyclopscore-common.toml
[04Mar2025 02:55:33.222] [main/DEBUG] [net.minecraftforge.fml.config.ConfigFileTypeHandler/CONFIG]: Watching TOML config file /workspaces/panaserver2.0/servidor_minecraft/config/cyclopscore-common.toml for changes
[04Mar2025 02:55:33.222] [Thread-3/DEBUG] [net.minecraftforge.fml.config.ConfigFileTypeHandler/CONFIG]: Config file cyclopscore-common.toml changed, sending notifies
[04Mar2025 02:55:33.222] [main/DEBUG] [net.minecraftforge.fml.config.ConfigFileTypeHandler/CONFIG]: Built TOML config for /workspaces/panaserver2.0/servidor_minecraft/config/waystones-common.toml
[04Mar2025 02:55:33.223] [Thread-3/DEBUG] [net.minecraftforge.fml.config.ConfigFileTypeHandler/CONFIG]: Config file cyclopscore-common.toml changed, sending notifies
[04Mar2025 02:55:33.223] [main/DEBUG] [net.minecraftforge.fml.config.ConfigFileTypeHandler/CONFIG]: Loaded TOML config file /workspaces/panaserver2.0/servidor_minecraft/config/waystones-common.toml
[04Mar2025 02:55:33.224] [main/DEBUG] [net.minecraftforge.fml.config.ConfigFileTypeHandler/CONFIG]: Watching TOML config file /workspaces/panaserver2.0/servidor_minecraft/config/waystones-common.toml for changes
[04Mar2025 02:55:33.225] [Thread-3/DEBUG] [net.minecraftforge.fml.config.ConfigFileTypeHandler/CONFIG]: Config file waystones-common.toml changed, sending notifies
[04Mar2025 02:55:33.226] [main/DEBUG] [net.minecraftforge.fml.config.ConfigFileTypeHandler/CONFIG]: Built TOML config for /workspaces/panaserver2.0/servidor_minecraft/config/citadel-common.toml
[04Mar2025 02:55:33.228] [main/DEBUG] [net.minecraftforge.fml.config.ConfigFileTypeHandler/CONFIG]: Loaded TOML config file /workspaces/panaserver2.0/servidor_minecraft/config/citadel-common.toml
[04Mar2025 02:55:33.228] [main/DEBUG] [net.minecraftforge.fml.config.ConfigFileTypeHandler/CONFIG]: Watching TOML config file /workspaces/panaserver2.0/servidor_minecraft/config/citadel-common.toml for changes
[04Mar2025 02:55:33.229] [main/DEBUG] [net.minecraftforge.fml.config.ConfigFileTypeHandler/CONFIG]: Built TOML config for /workspaces/panaserver2.0/servidor_minecraft/config/balm-common.toml
[04Mar2025 02:55:33.229] [main/DEBUG] [net.minecraftforge.fml.config.ConfigFileTypeHandler/CONFIG]: Loaded TOML config file /workspaces/panaserver2.0/servidor_minecraft/config/balm-common.toml
[04Mar2025 02:55:33.229] [main/DEBUG] [net.minecraftforge.fml.config.ConfigFileTypeHandler/CONFIG]: Watching TOML config file /workspaces/panaserver2.0/servidor_minecraft/config/balm-common.toml for changes
[04Mar2025 02:55:33.230] [Thread-3/DEBUG] [net.minecraftforge.fml.config.ConfigFileTypeHandler/CONFIG]: Config file waystones-common.toml changed, sending notifies
[04Mar2025 02:55:33.230] [main/DEBUG] [net.minecraftforge.fml.config.ConfigFileTypeHandler/CONFIG]: Built TOML config for /workspaces/panaserver2.0/servidor_minecraft/config/twilightforest-common.toml
[04Mar2025 02:55:33.230] [Thread-3/DEBUG] [net.minecraftforge.fml.config.ConfigFileTypeHandler/CONFIG]: Config file citadel-common.toml changed, sending notifies
[04Mar2025 02:55:33.231] [main/DEBUG] [net.minecraftforge.fml.config.ConfigFileTypeHandler/CONFIG]: Loaded TOML config file /workspaces/panaserver2.0/servidor_minecraft/config/twilightforest-common.toml
[04Mar2025 02:55:33.231] [main/DEBUG] [net.minecraftforge.fml.config.ConfigFileTypeHandler/CONFIG]: Watching TOML config file /workspaces/panaserver2.0/servidor_minecraft/config/twilightforest-common.toml for changes
[04Mar2025 02:55:33.231] [Thread-3/DEBUG] [net.minecraftforge.fml.config.ConfigFileTypeHandler/CONFIG]: Config file twilightforest-common.toml changed, sending notifies
[04Mar2025 02:55:33.233] [main/DEBUG] [net.minecraftforge.fml.config.ConfigFileTypeHandler/CONFIG]: Built TOML config for /workspaces/panaserver2.0/servidor_minecraft/config/evilcraft-common.toml
[04Mar2025 02:55:33.233] [Thread-3/DEBUG] [net.minecraftforge.fml.config.ConfigFileTypeHandler/CONFIG]: Config file twilightforest-common.toml changed, sending notifies
[04Mar2025 02:55:33.234] [main/DEBUG] [net.minecraftforge.fml.config.ConfigFileTypeHandler/CONFIG]: Loaded TOML config file /workspaces/panaserver2.0/servidor_minecraft/config/evilcraft-common.toml
[04Mar2025 02:55:33.234] [main/DEBUG] [net.minecraftforge.fml.config.ConfigFileTypeHandler/CONFIG]: Watching TOML config file /workspaces/panaserver2.0/servidor_minecraft/config/evilcraft-common.toml for changes
[04Mar2025 02:55:33.236] [Thread-3/DEBUG] [net.minecraftforge.fml.config.ConfigFileTypeHandler/CONFIG]: Config file evilcraft-common.toml changed, sending notifies
[04Mar2025 02:55:33.237] [main/DEBUG] [net.minecraftforge.fml.config.ConfigFileTypeHandler/CONFIG]: Built TOML config for /workspaces/panaserver2.0/servidor_minecraft/config/mysticalagriculture-common.toml
[04Mar2025 02:55:33.237] [main/DEBUG] [net.minecraftforge.fml.config.ConfigFileTypeHandler/CONFIG]: Loaded TOML config file /workspaces/panaserver2.0/servidor_minecraft/config/mysticalagriculture-common.toml
[04Mar2025 02:55:33.237] [main/DEBUG] [net.minecraftforge.fml.config.ConfigFileTypeHandler/CONFIG]: Watching TOML config file /workspaces/panaserver2.0/servidor_minecraft/config/mysticalagriculture-common.toml for changes
[04Mar2025 02:55:33.238] [main/DEBUG] [net.minecraftforge.fml.config.ConfigFileTypeHandler/CONFIG]: Built TOML config for /workspaces/panaserver2.0/servidor_minecraft/config/alexscaves-general.toml
[04Mar2025 02:55:33.238] [main/DEBUG] [net.minecraftforge.fml.config.ConfigFileTypeHandler/CONFIG]: Loaded TOML config file /workspaces/panaserver2.0/servidor_minecraft/config/alexscaves-general.toml
[04Mar2025 02:55:33.239] [main/DEBUG] [net.minecraftforge.fml.config.ConfigFileTypeHandler/CONFIG]: Watching TOML config file /workspaces/panaserver2.0/servidor_minecraft/config/alexscaves-general.toml for changes
[04Mar2025 02:55:33.248] [Thread-3/DEBUG] [net.minecraftforge.fml.config.ConfigFileTypeHandler/CONFIG]: Config file alexscaves-general.toml changed, sending notifies
[04Mar2025 02:55:33.249] [main/DEBUG] [net.minecraftforge.fml.config.ConfigFileTypeHandler/CONFIG]: Built TOML config for /workspaces/panaserver2.0/servidor_minecraft/config/botania-common.toml
[04Mar2025 02:55:33.250] [main/DEBUG] [net.minecraftforge.fml.config.ConfigFileTypeHandler/CONFIG]: Loaded TOML config file /workspaces/panaserver2.0/servidor_minecraft/config/botania-common.toml
[04Mar2025 02:55:33.250] [Thread-3/DEBUG] [net.minecraftforge.fml.config.ConfigFileTypeHandler/CONFIG]: Config file alexscaves-general.toml changed, sending notifies
[04Mar2025 02:55:33.250] [main/DEBUG] [net.minecraftforge.fml.config.ConfigFileTypeHandler/CONFIG]: Watching TOML config file /workspaces/panaserver2.0/servidor_minecraft/config/botania-common.toml for changes
[04Mar2025 02:55:33.254] [Thread-3/DEBUG] [net.minecraftforge.fml.config.ConfigFileTypeHandler/CONFIG]: Config file botania-common.toml changed, sending notifies
[04Mar2025 02:55:33.254] [main/DEBUG] [net.minecraftforge.fml.config.ConfigFileTypeHandler/CONFIG]: Built TOML config for /workspaces/panaserver2.0/servidor_minecraft/config/cataclysm.toml
[04Mar2025 02:55:33.254] [Thread-3/DEBUG] [net.minecraftforge.fml.config.ConfigFileTypeHandler/CONFIG]: Config file botania-common.toml changed, sending notifies
[04Mar2025 02:55:33.256] [main/DEBUG] [net.minecraftforge.fml.config.ConfigFileTypeHandler/CONFIG]: Loaded TOML config file /workspaces/panaserver2.0/servidor_minecraft/config/cataclysm.toml
[04Mar2025 02:55:33.256] [main/DEBUG] [net.minecraftforge.fml.config.ConfigFileTypeHandler/CONFIG]: Watching TOML config file /workspaces/panaserver2.0/servidor_minecraft/config/cataclysm.toml for changes
[04Mar2025 02:55:33.264] [Thread-3/DEBUG] [net.minecraftforge.fml.config.ConfigFileTypeHandler/CONFIG]: Config file cataclysm.toml changed, sending notifies
[04Mar2025 02:55:33.266] [main/DEBUG] [net.minecraftforge.fml.config.ConfigFileTypeHandler/CONFIG]: Built TOML config for /workspaces/panaserver2.0/servidor_minecraft/config/curios-common.toml
[04Mar2025 02:55:33.266] [main/DEBUG] [net.minecraftforge.fml.config.ConfigFileTypeHandler/CONFIG]: Loaded TOML config file /workspaces/panaserver2.0/servidor_minecraft/config/curios-common.toml
[04Mar2025 02:55:33.266] [main/DEBUG] [net.minecraftforge.fml.config.ConfigFileTypeHandler/CONFIG]: Watching TOML config file /workspaces/panaserver2.0/servidor_minecraft/config/curios-common.toml for changes
[04Mar2025 02:55:33.267] [main/DEBUG] [net.minecraftforge.fml.config.ConfigFileTypeHandler/CONFIG]: Built TOML config for /workspaces/panaserver2.0/servidor_minecraft/config/tombstone-common.toml
[04Mar2025 02:55:33.268] [main/DEBUG] [net.minecraftforge.fml.config.ConfigFileTypeHandler/CONFIG]: Loaded TOML config file /workspaces/panaserver2.0/servidor_minecraft/config/tombstone-common.toml
[04Mar2025 02:55:33.268] [main/DEBUG] [net.minecraftforge.fml.config.ConfigFileTypeHandler/CONFIG]: Watching TOML config file /workspaces/panaserver2.0/servidor_minecraft/config/tombstone-common.toml for changes
[04Mar2025 02:55:33.270] [main/DEBUG] [net.minecraftforge.fml.config.ConfigFileTypeHandler/CONFIG]: Built TOML config for /workspaces/panaserver2.0/servidor_minecraft/config/armourers_workshop-common.toml
[04Mar2025 02:55:33.270] [main/DEBUG] [net.minecraftforge.fml.config.ConfigFileTypeHandler/CONFIG]: Loaded TOML config file /workspaces/panaserver2.0/servidor_minecraft/config/armourers_workshop-common.toml
[04Mar2025 02:55:33.270] [main/DEBUG] [net.minecraftforge.fml.config.ConfigFileTypeHandler/CONFIG]: Watching TOML config file /workspaces/panaserver2.0/servidor_minecraft/config/armourers_workshop-common.toml for changes
[04Mar2025 02:55:33.271] [main/DEBUG] [moe.plushie.armourers_workshop.ArmourersWorkshop/]: apply COMMON changes from spec
[04Mar2025 02:55:33.272] [main/DEBUG] [net.minecraftforge.fml.config.ConfigFileTypeHandler/CONFIG]: Built TOML config for /workspaces/panaserver2.0/servidor_minecraft/config/deeperdarker-common.toml
[04Mar2025 02:55:33.272] [main/DEBUG] [net.minecraftforge.fml.config.ConfigFileTypeHandler/CONFIG]: Loaded TOML config file /workspaces/panaserver2.0/servidor_minecraft/config/deeperdarker-common.toml
[04Mar2025 02:55:33.272] [main/DEBUG] [net.minecraftforge.fml.config.ConfigFileTypeHandler/CONFIG]: Watching TOML config file /workspaces/panaserver2.0/servidor_minecraft/config/deeperdarker-common.toml for changes
[04Mar2025 02:55:33.273] [main/DEBUG] [net.minecraftforge.fml.config.ConfigFileTypeHandler/CONFIG]: Built TOML config for /workspaces/panaserver2.0/servidor_minecraft/config/lootr-common.toml
[04Mar2025 02:55:33.273] [main/DEBUG] [net.minecraftforge.fml.config.ConfigFileTypeHandler/CONFIG]: Loaded TOML config file /workspaces/panaserver2.0/servidor_minecraft/config/lootr-common.toml
[04Mar2025 02:55:33.273] [main/DEBUG] [net.minecraftforge.fml.config.ConfigFileTypeHandler/CONFIG]: Watching TOML config file /workspaces/panaserver2.0/servidor_minecraft/config/lootr-common.toml for changes
[04Mar2025 02:55:33.274] [Thread-3/DEBUG] [net.minecraftforge.fml.config.ConfigFileTypeHandler/CONFIG]: Config file armourers_workshop-common.toml changed, sending notifies
[04Mar2025 02:55:33.274] [main/DEBUG] [net.minecraftforge.fml.config.ConfigFileTypeHandler/CONFIG]: Built TOML config for /workspaces/panaserver2.0/servidor_minecraft/config/minecolonies-common.toml
[04Mar2025 02:55:33.274] [Thread-3/DEBUG] [moe.plushie.armourers_workshop.ArmourersWorkshop/]: apply COMMON changes from spec
[04Mar2025 02:55:33.274] [main/DEBUG] [net.minecraftforge.fml.config.ConfigFileTypeHandler/CONFIG]: Loaded TOML config file /workspaces/panaserver2.0/servidor_minecraft/config/minecolonies-common.toml
[04Mar2025 02:55:33.275] [main/DEBUG] [net.minecraftforge.fml.config.ConfigFileTypeHandler/CONFIG]: Watching TOML config file /workspaces/panaserver2.0/servidor_minecraft/config/minecolonies-common.toml for changes
[04Mar2025 02:55:33.275] [main/DEBUG] [net.minecraftforge.fml.config.ConfigFileTypeHandler/CONFIG]: Built TOML config for /workspaces/panaserver2.0/servidor_minecraft/config/TerramityBossHealthConfig.toml
[04Mar2025 02:55:33.275] [main/DEBUG] [net.minecraftforge.fml.config.ConfigFileTypeHandler/CONFIG]: Loaded TOML config file /workspaces/panaserver2.0/servidor_minecraft/config/TerramityBossHealthConfig.toml
[04Mar2025 02:55:33.276] [main/DEBUG] [net.minecraftforge.fml.config.ConfigFileTypeHandler/CONFIG]: Watching TOML config file /workspaces/panaserver2.0/servidor_minecraft/config/TerramityBossHealthConfig.toml for changes
[04Mar2025 02:55:33.281] [Thread-3/DEBUG] [net.minecraftforge.fml.config.ConfigFileTypeHandler/CONFIG]: Config file armourers_workshop-common.toml changed, sending notifies
[04Mar2025 02:55:33.281] [Thread-3/DEBUG] [moe.plushie.armourers_workshop.ArmourersWorkshop/]: apply COMMON changes from spec
[04Mar2025 02:55:33.288] [modloading-worker-0/DEBUG] [mixin/]: Mixing MixinCommands from majruszlibrary-common.mixins.json into net.minecraft.commands.Commands
[04Mar2025 02:55:33.296] [modloading-worker-0/DEBUG] [mixin/]: Mixing IMixinSharedSuggestionProvider from majruszlibrary-common.mixins.json into net.minecraft.commands.SharedSuggestionProvider
[04Mar2025 02:55:33.358] [modloading-worker-0/INFO] [Mystical Agriculture/]: Loaded 136 crops
[04Mar2025 02:55:33.358] [modloading-worker-0/INFO] [Mystical Agriculture/]: Loaded 6 crop tiers
[04Mar2025 02:55:33.359] [modloading-worker-0/INFO] [Mystical Agriculture/]: Loaded 2 crop types
[04Mar2025 02:55:33.359] [modloading-worker-0/INFO] [Mystical Agriculture/]: Loaded 55 augments
[04Mar2025 02:55:33.359] [modloading-worker-0/INFO] [Mystical Agriculture/]: Loaded 20 mob soul types
[04Mar2025 02:55:33.386] [modloading-worker-0/DEBUG] [mixin/]: Mixing item.wearable.charmofsinking.EnchantmentHelperMixin from mixins.artifacts.common.json into net.minecraft.world.item.enchantment.EnchantmentHelper
[04Mar2025 02:55:33.387] [modloading-worker-0/DEBUG] [mixin/]: Mixing MixinEnchantmentHelper from majruszlibrary-common.mixins.json into net.minecraft.world.item.enchantment.EnchantmentHelper
[04Mar2025 02:55:33.409] [modloading-worker-0/INFO] [evilcraft/]: Registered packet handler.
[04Mar2025 02:55:33.441] [modloading-worker-0/DEBUG] [mixin/]: Mixing MixinSlotAttribute from curios.mixins.json into top.theillusivec4.curios.api.SlotAttribute
[04Mar2025 02:55:33.442] [modloading-worker-0/DEBUG] [mixin/]: Mixing MixinCuriosApi from curios.mixins.json into top.theillusivec4.curios.api.CuriosApi
[04Mar2025 02:55:33.474] [modloading-worker-0/DEBUG] [botania/]: Instantiating vazkii.botania.common.impl.corporea.CorporeaHelperImpl for service vazkii.botania.api.corporea.CorporeaHelper
[04Mar2025 02:55:33.508] [modloading-worker-0/DEBUG] [patchouli/]: Instantiating xplat impl: vazkii.patchouli.forge.xplat.ForgeXplatImpl
[04Mar2025 02:55:33.535] [modloading-worker-0/DEBUG] [moe.plushie.armourers_workshop.ArmourersWorkshop/]: Registering Holiday 'armourers_workshop:halloween'
[04Mar2025 02:55:33.539] [modloading-worker-0/DEBUG] [moe.plushie.armourers_workshop.ArmourersWorkshop/]: Registering Holiday 'armourers_workshop:halloween-season'
[04Mar2025 02:55:33.539] [modloading-worker-0/DEBUG] [moe.plushie.armourers_workshop.ArmourersWorkshop/]: Registering Holiday 'armourers_workshop:christmas'
[04Mar2025 02:55:33.541] [modloading-worker-0/DEBUG] [moe.plushie.armourers_workshop.ArmourersWorkshop/]: Registering Holiday 'armourers_workshop:christmas-season'
[04Mar2025 02:55:33.557] [modloading-worker-0/DEBUG] [moe.plushie.armourers_workshop.ArmourersWorkshop/]: Registering Holiday 'armourers_workshop:valentines'
[04Mar2025 02:55:33.560] [modloading-worker-0/DEBUG] [moe.plushie.armourers_workshop.ArmourersWorkshop/]: Registering Holiday 'armourers_workshop:new-years'
[04Mar2025 02:55:33.560] [modloading-worker-0/DEBUG] [moe.plushie.armourers_workshop.ArmourersWorkshop/]: Registering Holiday 'armourers_workshop:ponytail-day'
[04Mar2025 02:55:33.560] [modloading-worker-0/DEBUG] [moe.plushie.armourers_workshop.ArmourersWorkshop/]: Registering Holiday 'armourers_workshop:april-fools'
[04Mar2025 02:55:33.571] [modloading-worker-0/DEBUG] [moe.plushie.armourers_workshop.ArmourersWorkshop/]: Registering Permission 'armourers_workshop:skin-cube.undo'
[04Mar2025 02:55:33.575] [modloading-worker-0/DEBUG] [moe.plushie.armourers_workshop.ArmourersWorkshop/]: Registering Permission 'armourers_workshop:skin-cube.redo'
[04Mar2025 02:55:33.575] [modloading-worker-0/DEBUG] [moe.plushie.armourers_workshop.ArmourersWorkshop/]: Registering Permission 'armourers_workshop:skinnable.sit'
[04Mar2025 02:55:33.575] [modloading-worker-0/DEBUG] [moe.plushie.armourers_workshop.ArmourersWorkshop/]: Registering Permission 'armourers_workshop:skinnable.sleep'
[04Mar2025 02:55:33.575] [modloading-worker-0/DEBUG] [moe.plushie.armourers_workshop.ArmourersWorkshop/]: Registering Permission 'armourers_workshop:armourer.save'
[04Mar2025 02:55:33.575] [modloading-worker-0/DEBUG] [moe.plushie.armourers_workshop.ArmourersWorkshop/]: Registering Permission 'armourers_workshop:armourer.load'
[04Mar2025 02:55:33.575] [modloading-worker-0/DEBUG] [moe.plushie.armourers_workshop.ArmourersWorkshop/]: Registering Permission 'armourers_workshop:armourer.setting'
[04Mar2025 02:55:33.576] [modloading-worker-0/DEBUG] [moe.plushie.armourers_workshop.ArmourersWorkshop/]: Registering Permission 'armourers_workshop:armourer.clear'
[04Mar2025 02:55:33.576] [modloading-worker-0/DEBUG] [moe.plushie.armourers_workshop.ArmourersWorkshop/]: Registering Permission 'armourers_workshop:armourer.copy'
[04Mar2025 02:55:33.576] [modloading-worker-0/DEBUG] [moe.plushie.armourers_workshop.ArmourersWorkshop/]: Registering Permission 'armourers_workshop:armourer.replace'
[04Mar2025 02:55:33.576] [modloading-worker-0/DEBUG] [moe.plushie.armourers_workshop.ArmourersWorkshop/]: Registering Permission 'armourers_workshop:outfit-maker.make'
[04Mar2025 02:55:33.576] [modloading-worker-0/DEBUG] [moe.plushie.armourers_workshop.ArmourersWorkshop/]: Registering Permission 'armourers_workshop:skin-library.reload'
[04Mar2025 02:55:33.576] [modloading-worker-0/DEBUG] [moe.plushie.armourers_workshop.ArmourersWorkshop/]: Registering Permission 'armourers_workshop:skin-library.mkdir'
[04Mar2025 02:55:33.576] [modloading-worker-0/DEBUG] [moe.plushie.armourers_workshop.ArmourersWorkshop/]: Registering Permission 'armourers_workshop:skin-library.rename'
[04Mar2025 02:55:33.576] [modloading-worker-0/DEBUG] [moe.plushie.armourers_workshop.ArmourersWorkshop/]: Registering Permission 'armourers_workshop:skin-library.delete'
[04Mar2025 02:55:33.576] [modloading-worker-0/DEBUG] [moe.plushie.armourers_workshop.ArmourersWorkshop/]: Registering Permission 'armourers_workshop:skin-library.skin.upload'
[04Mar2025 02:55:33.576] [modloading-worker-0/DEBUG] [moe.plushie.armourers_workshop.ArmourersWorkshop/]: Registering Permission 'armourers_workshop:skin-library.skin.download'
[04Mar2025 02:55:33.576] [modloading-worker-0/DEBUG] [moe.plushie.armourers_workshop.ArmourersWorkshop/]: Registering Permission 'armourers_workshop:skin-library.skin.load'
[04Mar2025 02:55:33.576] [modloading-worker-0/DEBUG] [moe.plushie.armourers_workshop.ArmourersWorkshop/]: Registering Permission 'armourers_workshop:skin-library.skin.save'
[04Mar2025 02:55:33.577] [modloading-worker-0/DEBUG] [moe.plushie.armourers_workshop.ArmourersWorkshop/]: Registering Permission 'armourers_workshop:advanced-skin-builder.skin.export'
[04Mar2025 02:55:33.582] [modloading-worker-0/DEBUG] [moe.plushie.armourers_workshop.ArmourersWorkshop/]: Registering Permission 'armourers_workshop:advanced-skin-builder.skin.import'
[04Mar2025 02:55:33.582] [modloading-worker-0/DEBUG] [moe.plushie.armourers_workshop.ArmourersWorkshop/]: Registering Permission 'armourers_workshop:skin-library-global.skin.upload'
[04Mar2025 02:55:33.583] [modloading-worker-0/DEBUG] [moe.plushie.armourers_workshop.ArmourersWorkshop/]: Registering Permission 'armourers_workshop:wardrobe.open-gui'
[04Mar2025 02:55:33.583] [modloading-worker-0/DEBUG] [moe.plushie.armourers_workshop.ArmourersWorkshop/]: Registering Permission 'armourers_workshop:wardrobe-op.open-gui'
[04Mar2025 02:55:33.584] [modloading-worker-0/DEBUG] [moe.plushie.armourers_workshop.ArmourersWorkshop/]: Registering Permission 'armourers_workshop:skinnable.open-gui'
[04Mar2025 02:55:33.584] [modloading-worker-0/DEBUG] [moe.plushie.armourers_workshop.ArmourersWorkshop/]: Registering Permission 'armourers_workshop:dye-table.open-gui'
[04Mar2025 02:55:33.584] [modloading-worker-0/DEBUG] [moe.plushie.armourers_workshop.ArmourersWorkshop/]: Registering Permission 'armourers_workshop:skinning-table.open-gui'
[04Mar2025 02:55:33.584] [modloading-worker-0/DEBUG] [moe.plushie.armourers_workshop.ArmourersWorkshop/]: Registering Permission 'armourers_workshop:skin-library-creative.open-gui'
[04Mar2025 02:55:33.584] [modloading-worker-0/DEBUG] [moe.plushie.armourers_workshop.ArmourersWorkshop/]: Registering Permission 'armourers_workshop:skin-library.open-gui'
[04Mar2025 02:55:33.584] [modloading-worker-0/DEBUG] [moe.plushie.armourers_workshop.ArmourersWorkshop/]: Registering Permission 'armourers_workshop:skin-library-global.open-gui'
[04Mar2025 02:55:33.584] [modloading-worker-0/DEBUG] [moe.plushie.armourers_workshop.ArmourersWorkshop/]: Registering Permission 'armourers_workshop:hologram-projector.open-gui'
[04Mar2025 02:55:33.584] [modloading-worker-0/DEBUG] [moe.plushie.armourers_workshop.ArmourersWorkshop/]: Registering Permission 'armourers_workshop:colour-mixer.open-gui'
[04Mar2025 02:55:33.584] [modloading-worker-0/DEBUG] [moe.plushie.armourers_workshop.ArmourersWorkshop/]: Registering Permission 'armourers_workshop:armourer.open-gui'
[04Mar2025 02:55:33.584] [modloading-worker-0/DEBUG] [moe.plushie.armourers_workshop.ArmourersWorkshop/]: Registering Permission 'armourers_workshop:outfit-maker.open-gui'
[04Mar2025 02:55:33.584] [modloading-worker-0/DEBUG] [moe.plushie.armourers_workshop.ArmourersWorkshop/]: Registering Permission 'armourers_workshop:advanced-skin-builder.open-gui'
[04Mar2025 02:55:33.662] [Forge Version Check/INFO] [net.minecraftforge.fml.VersionChecker/]: [cyclopscore] Starting version check at https://raw.githubusercontent.com/CyclopsMC/Versions/master/forge_update/cyclops-core.json
[04Mar2025 02:55:33.715] [modloading-worker-0/INFO] [com.klikli_dev.occultism.Occultism/]: Common setup complete.
[04Mar2025 02:55:33.732] [modloading-worker-0/DEBUG] [moe.plushie.armourers_workshop.ArmourersWorkshop/]: Registering Armature 'armourers_workshop:humanoid'
[04Mar2025 02:55:33.742] [modloading-worker-0/DEBUG] [moe.plushie.armourers_workshop.ArmourersWorkshop/]: Registering Armature 'armourers_workshop:horse'
[04Mar2025 02:55:33.744] [modloading-worker-0/DEBUG] [moe.plushie.armourers_workshop.ArmourersWorkshop/]: Registering Armature 'armourers_workshop:boat'
[04Mar2025 02:55:33.745] [modloading-worker-0/DEBUG] [moe.plushie.armourers_workshop.ArmourersWorkshop/]: Registering Armature 'armourers_workshop:minecart'
[04Mar2025 02:55:33.746] [modloading-worker-0/DEBUG] [moe.plushie.armourers_workshop.ArmourersWorkshop/]: Registering Armature 'armourers_workshop:any'
[04Mar2025 02:55:33.747] [modloading-worker-0/DEBUG] [moe.plushie.armourers_workshop.ArmourersWorkshop/]: Registering Armature 'armourers_workshop:hand'
[04Mar2025 02:55:33.768] [modloading-worker-0/DEBUG] [moe.plushie.armourers_workshop.ArmourersWorkshop/]: reload ws library
[04Mar2025 02:55:33.770] [AW-SKIN/L-LD/DEBUG] [moe.plushie.armourers_workshop.ArmourersWorkshop/]: loading skin library
[04Mar2025 02:55:33.925] [AW-SKIN/L-LD/DEBUG] [moe.plushie.armourers_workshop.ArmourersWorkshop/]: finished loading 0 client library skins in 154 ms
[04Mar2025 02:55:34.112] [Forge Version Check/DEBUG] [net.minecraftforge.fml.VersionChecker/]: [cyclopscore] Received version check data:
{
  "homepage": "https://www.curseforge.com/minecraft/mc-mods/cyclops-core",
  "promos": {
    "1.21.1-recommended": "1.25.7",
    "1.20.1-recommended": "1.19.7",
    "1.19.2-recommended": "1.19.7",
    "1.18.2-recommended": "1.17.10",
    "1.19.4-recommended": "1.18.4",
    "1.19.3-recommended": "1.18.2",
    "1.19-recommended": "1.17.0",
    "1.16.5-recommended": "1.13.0",
    "1.18.1-recommended": "1.13.4",
    "1.16.4-recommended": "1.11.0",
    "1.12.2-recommended": "1.6.7",
    "1.15.2-recommended": "1.9.0",
    "1.14.4-recommended": "1.6.1",
    "1.21.1-latest": "1.25.7",
    "1.20.1-latest": "1.19.7",
    "1.19.2-latest": "1.19.7",
    "1.18.2-latest": "1.17.10",
    "1.19.4-latest": "1.18.4",
    "1.19.3-latest": "1.18.2",
    "1.19-latest": "1.17.0",
    "1.16.5-latest": "1.13.0",
    "1.18.1-latest": "1.13.4",
    "1.16.4-latest": "1.11.0",
    "1.12.2-latest": "1.6.7",
    "1.15.2-latest": "1.9.0",
    "1.14.4-latest": "1.6.1"
  },
  "1.21.1": {
    "1.25.7": "Download and changelog available at https://www.curseforge.com/minecraft/mc-mods/cyclops-core/files/6230087",
    "1.25.6": "Download and changelog available at https://www.curseforge.com/minecraft/mc-mods/cyclops-core/files/6154646",
    "1.25.5": "Download and changelog available at https://www.curseforge.com/minecraft/mc-mods/cyclops-core/files/5968182",
    "1.25.4": "Download and changelog available at https://www.curseforge.com/minecraft/mc-mods/cyclops-core/files/5936369",
    "1.25.3": "Download and changelog available at https://www.curseforge.com/minecraft/mc-mods/cyclops-core/files/5918951",
    "1.25.2": "Download and changelog available at https://www.curseforge.com/minecraft/mc-mods/cyclops-core/files/5838031",
    "1.25.1": "Download and changelog available at https://www.curseforge.com/minecraft/mc-mods/cyclops-core/files/5797841",
    "1.25.0": "Download and changelog available at https://www.curseforge.com/minecraft/mc-mods/cyclops-core/files/5797458",
    "1.24.0": "Download and changelog available at https://www.curseforge.com/minecraft/mc-mods/cyclops-core/files/5770880",
    "1.23.0": "Download and changelog available at https://www.curseforge.com/minecraft/mc-mods/cyclops-core/files/5728674",
    "1.22.0": "Download and changelog available at https://www.curseforge.com/minecraft/mc-mods/cyclops-core/files/5692551",
    "1.21.1": "Download and changelog available at https://www.curseforge.com/minecraft/mc-mods/cyclops-core/files/5683763",
    "1.21.0": "Download and changelog available at https://www.curseforge.com/minecraft/mc-mods/cyclops-core/files/5683327",
    "1.20.5": "Download and changelog available at https://www.curseforge.com/minecraft/mc-mods/cyclops-core/files/5662888",
    "1.20.4": "Download and changelog available at https://www.curseforge.com/minecraft/mc-mods/cyclops-core/files/5658015",
    "1.20.3": "Download and changelog available at https://www.curseforge.com/minecraft/mc-mods/cyclops-core/files/5655396",
    "1.20.2": "Download and changelog available at https://www.curseforge.com/minecraft/mc-mods/cyclops-core/files/5653258",
    "1.20.1": "Download and changelog available at https://www.curseforge.com/minecraft/mc-mods/cyclops-core/files/5647403",
    "1.20.0": "Download and changelog available at https://www.curseforge.com/minecraft/mc-mods/cyclops-core/files/5640110"
  },
  "1.20.1": {
    "1.19.7": "Download and changelog available at https://www.curseforge.com/minecraft/mc-mods/cyclops-core/files/6199446",
    "1.19.6": "Download and changelog available at https://www.curseforge.com/minecraft/mc-mods/cyclops-core/files/6154520",
    "1.19.5": "Download and changelog available at https://www.curseforge.com/minecraft/mc-mods/cyclops-core/files/5583765",
    "1.19.4": "Download and changelog available at https://www.curseforge.com/minecraft/mc-mods/cyclops-core/files/5557176",
    "1.19.3": "Download and changelog available at https://www.curseforge.com/minecraft/mc-mods/cyclops-core/files/5550871",
    "1.19.2": "Download and changelog available at https://www.curseforge.com/minecraft/mc-mods/cyclops-core/files/5467217",
    "1.19.1": "Download and changelog available at https://www.curseforge.com/minecraft/mc-mods/cyclops-core/files/5262063",
    "1.19.0": "Download and changelog available at https://www.curseforge.com/minecraft/mc-mods/cyclops-core/files/5080553",
    "1.18.14": "Download and changelog available at https://www.curseforge.com/minecraft/mc-mods/cyclops-core/files/4905983",
    "1.18.13": "Download and changelog available at https://www.curseforge.com/minecraft/mc-mods/cyclops-core/files/4808715",
    "1.18.12": "Download and changelog available at https://www.curseforge.com/minecraft/mc-mods/cyclops-core/files/4806275",
    "1.18.11": "Download and changelog available at https://www.curseforge.com/minecraft/mc-mods/cyclops-core/files/4796675",
    "1.18.10": "Download and changelog available at https://www.curseforge.com/minecraft/mc-mods/cyclops-core/files/4724211",
    "1.18.9": "Download and changelog available at https://www.curseforge.com/minecraft/mc-mods/cyclops-core/files/4681655",
    "1.18.8": "Download and changelog available at https://www.curseforge.com/minecraft/mc-mods/cyclops-core/files/4674315",
    "1.18.7": "Download and changelog available at https://www.curseforge.com/minecraft/mc-mods/cyclops-core/files/4646983",
    "1.18.6": "Download and changelog available at https://www.curseforge.com/minecraft/mc-mods/cyclops-core/files/4631544",
    "1.18.5": "Download and changelog available at https://www.curseforge.com/minecraft/mc-mods/cyclops-core/files/4624723",
    "1.18.4": "Download and changelog available at https://www.curseforge.com/minecraft/mc-mods/cyclops-core/files/4620477"
  },
  "1.19.2": {
    "1.19.7": "Download and changelog available at https://www.curseforge.com/minecraft/mc-mods/cyclops-core/files/6199442",
    "1.19.6": "Download and changelog available at https://www.curseforge.com/minecraft/mc-mods/cyclops-core/files/6154519",
    "1.19.5": "Download and changelog available at https://www.curseforge.com/minecraft/mc-mods/cyclops-core/files/5583714",
    "1.19.4": "Download and changelog available at https://www.curseforge.com/minecraft/mc-mods/cyclops-core/files/5557159",
    "1.19.3": "Download and changelog available at https://www.curseforge.com/minecraft/mc-mods/cyclops-core/files/5550859",
    "1.19.2": "Download and changelog available at https://www.curseforge.com/minecraft/mc-mods/cyclops-core/files/5467203",
    "1.19.1": "Download and changelog available at https://www.curseforge.com/minecraft/mc-mods/cyclops-core/files/5262031",
    "1.19.0": "Download and changelog available at https://www.curseforge.com/minecraft/mc-mods/cyclops-core/files/5080403",
    "1.18.11": "Download and changelog available at https://www.curseforge.com/minecraft/mc-mods/cyclops-core/files/4905969",
    "1.18.10": "Download and changelog available at https://www.curseforge.com/minecraft/mc-mods/cyclops-core/files/4808713",
    "1.18.9": "Download and changelog available at https://www.curseforge.com/minecraft/mc-mods/cyclops-core/files/4806269",
    "1.18.8": "Download and changelog available at https://www.curseforge.com/minecraft/mc-mods/cyclops-core/files/4724186",
    "1.18.7": "Download and changelog available at https://www.curseforge.com/minecraft/mc-mods/cyclops-core/files/4681659",
    "1.18.6": "Download and changelog available at https://www.curseforge.com/minecraft/mc-mods/cyclops-core/files/4578156",
    "1.18.5": "Download and changelog available at https://www.curseforge.com/minecraft/mc-mods/cyclops-core/files/4566201",
    "1.18.4": "Download and changelog available at https://www.curseforge.com/minecraft/mc-mods/cyclops-core/files/4515669",
    "1.18.3": "Download and changelog available at https://www.curseforge.com/minecraft/mc-mods/cyclops-core/files/4493161",
    "1.18.2": "Download and changelog available at https://www.curseforge.com/minecraft/mc-mods/cyclops-core/files/4438232",
    "1.18.1": "Download and changelog available at https://www.curseforge.com/minecraft/mc-mods/cyclops-core/files/4422924",
    "1.18.0": "Download and changelog available at https://www.curseforge.com/minecraft/mc-mods/cyclops-core/files/4422776",
    "1.17.5": "Download and changelog available at https://www.curseforge.com/minecraft/mc-mods/cyclops-core/files/4392595",
    "1.17.4": "Download and changelog available at https://www.curseforge.com/minecraft/mc-mods/cyclops-core/files/4357249",
    "1.17.3": "Download and changelog available at https://www.curseforge.com/minecraft/mc-mods/cyclops-core/files/4279134",
    "1.17.2": "Download and changelog available at https://www.curseforge.com/minecraft/mc-mods/cyclops-core/files/4162688",
    "1.17.1": "Download and changelog available at https://www.curseforge.com/minecraft/mc-mods/cyclops-core/files/4159790",
    "1.17.0": "Download and changelog available at https://www.curseforge.com/minecraft/mc-mods/cyclops-core/files/3929867"
  },
  "1.18.2": {
    "1.17.10": "Download and changelog available at https://www.curseforge.com/minecraft/mc-mods/cyclops-core/files/5262021",
    "1.17.9": "Download and changelog available at https://www.curseforge.com/minecraft/mc-mods/cyclops-core/files/4905958",
    "1.17.8": "Download and changelog available at https://www.curseforge.com/minecraft/mc-mods/cyclops-core/files/4808709",
    "1.17.7": "Download and changelog available at https://www.curseforge.com/minecraft/mc-mods/cyclops-core/files/4806262",
    "1.17.6": "Download and changelog available at https://www.curseforge.com/minecraft/mc-mods/cyclops-core/files/4724147",
    "1.17.5": "Download and changelog available at https://www.curseforge.com/minecraft/mc-mods/cyclops-core/files/4578150",
    "1.17.4": "Download and changelog available at https://www.curseforge.com/minecraft/mc-mods/cyclops-core/files/4566184",
    "1.17.3": "Download and changelog available at https://www.curseforge.com/minecraft/mc-mods/cyclops-core/files/4515662",
    "1.17.2": "Download and changelog available at https://www.curseforge.com/minecraft/mc-mods/cyclops-core/files/4493154",
    "1.17.1": "Download and changelog available at https://www.curseforge.com/minecraft/mc-mods/cyclops-core/files/4422919",
    "1.17.0": "Download and changelog available at https://www.curseforge.com/minecraft/mc-mods/cyclops-core/files/4422741",
    "1.16.2": "Download and changelog available at https://www.curseforge.com/minecraft/mc-mods/cyclops-core/files/4357243",
    "1.16.1": "Download and changelog available at https://www.curseforge.com/minecraft/mc-mods/cyclops-core/files/4162660",
    "1.16.0": "Download and changelog available at https://www.curseforge.com/minecraft/mc-mods/cyclops-core/files/3900719",
    "1.15.1": "Download and changelog available at https://www.curseforge.com/minecraft/mc-mods/cyclops-core/files/3832119",
    "1.15.0": "Download and changelog available at https://www.curseforge.com/minecraft/mc-mods/cyclops-core/files/3824461",
    "1.14.0": "Download and changelog available at https://www.curseforge.com/minecraft/mc-mods/cyclops-core/files/3818256",
    "1.13.7": "Download and changelog available at https://www.curseforge.com/minecraft/mc-mods/cyclops-core/files/3809427",
    "1.13.6": "Download and changelog available at https://www.curseforge.com/minecraft/mc-mods/cyclops-core/files/3778682",
    "1.13.5": "Download and changelog available at https://www.curseforge.com/minecraft/mc-mods/cyclops-core/files/3776253",
    "1.13.4": "Download and changelog available at https://www.curseforge.com/minecraft/mc-mods/cyclops-core/files/3768458"
  },
  "1.19.4": {
    "1.18.4": "Download and changelog available at https://www.curseforge.com/minecraft/mc-mods/cyclops-core/files/4578164",
    "1.18.3": "Download and changelog available at https://www.curseforge.com/minecraft/mc-mods/cyclops-core/files/4566212",
    "1.18.2": "Download and changelog available at https://www.curseforge.com/minecraft/mc-mods/cyclops-core/files/4517659"
  },
  "1.19.3": {
    "1.18.2": "Download and changelog available at https://www.curseforge.com/minecraft/mc-mods/cyclops-core/files/4438259",
    "1.18.1": "Download and changelog available at https://www.curseforge.com/minecraft/mc-mods/cyclops-core/files/4422915",
    "1.18.0": "Download and changelog available at https://www.curseforge.com/minecraft/mc-mods/cyclops-core/files/4422853",
    "1.17.6": "Download and changelog available at https://www.curseforge.com/minecraft/mc-mods/cyclops-core/files/4392602",
    "1.17.5": "Download and changelog available at https://www.curseforge.com/minecraft/mc-mods/cyclops-core/files/4357257",
    "1.17.4": "Download and changelog available at https://www.curseforge.com/minecraft/mc-mods/cyclops-core/files/4352072",
    "1.17.3": "Download and changelog available at https://www.curseforge.com/minecraft/mc-mods/cyclops-core/files/4344601"
  },
  "1.19": {
    "1.17.0": "Download and changelog available at https://www.curseforge.com/minecraft/mc-mods/cyclops-core/files/3900755",
    "1.16.1": "Download and changelog available at https://www.curseforge.com/minecraft/mc-mods/cyclops-core/files/3884804",
    "1.16.0": "Download and changelog available at https://www.curseforge.com/minecraft/mc-mods/cyclops-core/files/3848759",
    "1.15.0": "Download and changelog available at https://www.curseforge.com/minecraft/mc-mods/cyclops-core/files/3830667"
  },
  "1.16.5": {
    "1.13.0": "Download and changelog available at https://www.curseforge.com/minecraft/mc-mods/cyclops-core/files/3900678",
    "1.12.4": "Download and changelog available at https://www.curseforge.com/minecraft/mc-mods/cyclops-core/files/3796009",
    "1.12.3": "Download and changelog available at https://www.curseforge.com/minecraft/mc-mods/cyclops-core/files/3756546",
    "1.12.2": "Download and changelog available at https://www.curseforge.com/minecraft/mc-mods/cyclops-core/files/3694450",
    "1.12.1": "Download and changelog available at https://www.curseforge.com/minecraft/mc-mods/cyclops-core/files/3517568",
    "1.12.0": "Download and changelog available at https://www.curseforge.com/minecraft/mc-mods/cyclops-core/files/3498270",
    "1.11.10": "Download and changelog available at https://www.curseforge.com/minecraft/mc-mods/cyclops-core/files/3474910",
    "1.11.9": "Download and changelog available at https://www.curseforge.com/minecraft/mc-mods/cyclops-core/files/3443983",
    "1.11.8": "Download and changelog available at https://www.curseforge.com/minecraft/mc-mods/cyclops-core/files/3409904",
    "1.11.7": "Download and changelog available at https://www.curseforge.com/minecraft/mc-mods/cyclops-core/files/3336467",
    "1.11.6": "Download and changelog available at https://www.curseforge.com/minecraft/mc-mods/cyclops-core/files/3292066",
    "1.11.5": "Download and changelog available at https://www.curseforge.com/minecraft/mc-mods/cyclops-core/files/3261776",
    "1.11.4": "Download and changelog available at https://www.curseforge.com/minecraft/mc-mods/cyclops-core/files/3225366",
    "1.11.3": "Download and changelog available at https://www.curseforge.com/minecraft/mc-mods/cyclops-core/files/3207425",
    "1.11.2": "Download and changelog available at https://www.curseforge.com/minecraft/mc-mods/cyclops-core/files/3206349",
    "1.11.1": "Download and changelog available at https://www.curseforge.com/minecraft/mc-mods/cyclops-core/files/3184812"
  },
  "1.18.1": {
    "1.13.4": "Download and changelog available at https://www.curseforge.com/minecraft/mc-mods/cyclops-core/files/3756561",
    "1.13.3": "Download and changelog available at https://www.curseforge.com/minecraft/mc-mods/cyclops-core/files/3736284",
    "1.13.2": "Download and changelog available at https://www.curseforge.com/minecraft/mc-mods/cyclops-core/files/3694468",
    "1.13.1": "Download and changelog available at https://www.curseforge.com/minecraft/mc-mods/cyclops-core/files/3683831",
    "1.13.0": "Download and changelog available at https://www.curseforge.com/minecraft/mc-mods/cyclops-core/files/3614847",
    "1.12.1": "Download and changelog available at https://www.curseforge.com/minecraft/mc-mods/cyclops-core/files/3576779"
  },
  "1.16.4": {
    "1.11.0": "Download and changelog available at https://www.curseforge.com/minecraft/mc-mods/cyclops-core/files/3179470",
    "1.10.1": "Download and changelog available at https://www.curseforge.com/minecraft/mc-mods/cyclops-core/files/3176295",
    "1.10.0": "Download and changelog available at https://www.curseforge.com/minecraft/mc-mods/cyclops-core/files/3174000",
    "1.9.5": "Download and changelog available at https://www.curseforge.com/minecraft/mc-mods/cyclops-core/files/3163284",
    "1.9.4": "Download and changelog available at https://www.curseforge.com/minecraft/mc-mods/cyclops-core/files/3156214",
    "1.9.3": "Download and changelog available at https://www.curseforge.com/minecraft/mc-mods/cyclops-core/files/3154202",
    "1.9.2": "Download and changelog available at https://www.curseforge.com/minecraft/mc-mods/cyclops-core/files/3153156",
    "1.9.1": "Download and changelog available at https://www.curseforge.com/minecraft/mc-mods/cyclops-core/files/3152504",
    "1.9.0": "Download and changelog available at https://www.curseforge.com/minecraft/mc-mods/cyclops-core/files/3151300"
  },
  "1.12.2": {
    "1.6.7": "Download and changelog available at https://www.curseforge.com/minecraft/mc-mods/cyclops-core/files/3159497",
    "1.6.6": "Download and changelog available at https://www.curseforge.com/minecraft/mc-mods/cyclops-core/files/3010617",
    "1.6.5": "Download and changelog available at https://www.curseforge.com/minecraft/mc-mods/cyclops-core/files/3005725",
    "1.6.4": "Download and changelog available at https://www.curseforge.com/minecraft/mc-mods/cyclops-core/files/2953029",
    "1.6.3": "Download and changelog available at https://www.curseforge.com/minecraft/mc-mods/cyclops-core/files/2929967",
    "1.6.2": "Download and changelog available at https://www.curseforge.com/minecraft/mc-mods/cyclops-core/files/2920796",
    "1.6.1": "Download and changelog available at https://www.curseforge.com/minecraft/mc-mods/cyclops-core/files/2880441",
    "1.6.0": "Download and changelog available at https://www.curseforge.com/minecraft/mc-mods/cyclops-core/files/2831241",
    "1.5.1": "Download and changelog available at https://www.curseforge.com/minecraft/mc-mods/cyclops-core/files/2811241",
    "1.5.0": "Download and changelog available at https://www.curseforge.com/minecraft/mc-mods/cyclops-core/files/2753297"
  },
  "1.15.2": {
    "1.9.0": "Download and changelog available at https://www.curseforge.com/minecraft/mc-mods/cyclops-core/files/3143029",
    "1.8.6": "Download and changelog available at https://www.curseforge.com/minecraft/mc-mods/cyclops-core/files/3080728",
    "1.8.5": "Download and changelog available at https://www.curseforge.com/minecraft/mc-mods/cyclops-core/files/3075508",
    "1.8.4": "Download and changelog available at https://www.curseforge.com/minecraft/mc-mods/cyclops-core/files/3053835",
    "1.8.3": "Download and changelog available at https://www.curseforge.com/minecraft/mc-mods/cyclops-core/files/3033133",
    "1.8.2": "Download and changelog available at https://www.curseforge.com/minecraft/mc-mods/cyclops-core/files/3031397",
    "1.8.1": "Download and changelog available at https://www.curseforge.com/minecraft/mc-mods/cyclops-core/files/3025868",
    "1.8.0": "Download and changelog available at https://www.curseforge.com/minecraft/mc-mods/cyclops-core/files/3014375",
    "1.7.1": "Download and changelog available at https://www.curseforge.com/minecraft/mc-mods/cyclops-core/files/2994087",
    "1.7.0": "Download and changelog available at https://www.curseforge.com/minecraft/mc-mods/cyclops-core/files/2987659",
    "1.6.2": "Download and changelog available at https://www.curseforge.com/minecraft/mc-mods/cyclops-core/files/2930009",
    "1.6.1": "Download and changelog available at https://www.curseforge.com/minecraft/mc-mods/cyclops-core/files/2928085"
  },
  "1.14.4": {
    "1.6.1": "Download and changelog available at https://www.curseforge.com/minecraft/mc-mods/cyclops-core/files/2831234",
    "1.6.0": "Download and changelog available at https://www.curseforge.com/minecraft/mc-mods/cyclops-core/files/2830062",
    "1.5.5": "Download and changelog available at https://www.curseforge.com/minecraft/mc-mods/cyclops-core/files/2810604",
    "1.5.4": "Download and changelog available at https://www.curseforge.com/minecraft/mc-mods/cyclops-core/files/2808606",
    "1.5.3": "Download and changelog available at https://www.curseforge.com/minecraft/mc-mods/cyclops-core/files/2795881",
    "1.5.2": "Download and changelog available at https://www.curseforge.com/minecraft/mc-mods/cyclops-core/files/2788854",
    "1.5.1": "Download and changelog available at https://www.curseforge.com/minecraft/mc-mods/cyclops-core/files/2786579",
    "1.5.0": "Download and changelog available at https://www.curseforge.com/minecraft/mc-mods/cyclops-core/files/2783128"
  }
}
[04Mar2025 02:55:34.114] [Forge Version Check/INFO] [net.minecraftforge.fml.VersionChecker/]: [cyclopscore] Found status: OUTDATED Current: 1.19.6 Target: 1.19.7
[04Mar2025 02:55:34.115] [Forge Version Check/INFO] [net.minecraftforge.fml.VersionChecker/]: [evilcraft] Starting version check at https://raw.githubusercontent.com/CyclopsMC/Versions/master/forge_update/evilcraft.json
[04Mar2025 02:55:34.128] [Forge Version Check/DEBUG] [net.minecraftforge.fml.VersionChecker/]: [evilcraft] Received version check data:
{
  "homepage": "https://www.curseforge.com/minecraft/mc-mods/evilcraft",
  "promos": {
    "1.19.2-recommended": "1.2.42",
    "1.20.1-recommended": "1.2.51",
    "1.18.2-recommended": "1.2.23",
    "1.19.4-recommended": "1.2.22",
    "1.19.3-recommended": "1.2.17",
    "1.19-recommended": "1.2.6",
    "1.16.5-recommended": "1.1.17",
    "1.18.1-recommended": "1.1.18",
    "1.16.4-recommended": "1.0.7",
    "1.15.2-recommended": "1.0.0",
    "1.12.2-recommended": "0.10.78",
    "1.19.2-latest": "1.2.42",
    "1.20.1-latest": "1.2.51",
    "1.18.2-latest": "1.2.23",
    "1.19.4-latest": "1.2.22",
    "1.19.3-latest": "1.2.17",
    "1.19-latest": "1.2.6",
    "1.16.5-latest": "1.1.17",
    "1.18.1-latest": "1.1.18",
    "1.16.4-latest": "1.0.7",
    "1.15.2-latest": "1.0.0",
    "1.12.2-latest": "0.10.78"
  },
  "1.19.2": {
    "1.2.42": "Download and changelog available at https://www.curseforge.com/minecraft/mc-mods/evilcraft/files/6154558",
    "1.2.41": "Download and changelog available at https://www.curseforge.com/minecraft/mc-mods/evilcraft/files/5987303",
    "1.2.40": "Download and changelog available at https://www.curseforge.com/minecraft/mc-mods/evilcraft/files/5707135",
    "1.2.39": "Download and changelog available at https://www.curseforge.com/minecraft/mc-mods/evilcraft/files/5694979",
    "1.2.38": "Download and changelog available at https://www.curseforge.com/minecraft/mc-mods/evilcraft/files/5683758",
    "1.2.37": "Download and changelog available at https://www.curseforge.com/minecraft/mc-mods/evilcraft/files/5561139",
    "1.2.36": "Download and changelog available at https://www.curseforge.com/minecraft/mc-mods/evilcraft/files/5561129",
    "1.2.35": "Download and changelog available at https://www.curseforge.com/minecraft/mc-mods/evilcraft/files/5553992",
    "1.2.34": "Download and changelog available at https://www.curseforge.com/minecraft/mc-mods/evilcraft/files/5537771",
    "1.2.33": "Download and changelog available at https://www.curseforge.com/minecraft/mc-mods/evilcraft/files/5467006",
    "1.2.32": "Download and changelog available at https://www.curseforge.com/minecraft/mc-mods/evilcraft/files/5314641",
    "1.2.31": "Download and changelog available at https://www.curseforge.com/minecraft/mc-mods/evilcraft/files/5243028",
    "1.2.30": "Download and changelog available at https://www.curseforge.com/minecraft/mc-mods/evilcraft/files/4905743",
    "1.2.29": "Download and changelog available at https://www.curseforge.com/minecraft/mc-mods/evilcraft/files/4791844",
    "1.2.28": "Download and changelog available at https://www.curseforge.com/minecraft/mc-mods/evilcraft/files/4768366",
    "1.2.27": "Download and changelog available at https://www.curseforge.com/minecraft/mc-mods/evilcraft/files/4744916",
    "1.2.26": "Download and changelog available at https://www.curseforge.com/minecraft/mc-mods/evilcraft/files/4724200",
    "1.2.25": "Download and changelog available at https://www.curseforge.com/minecraft/mc-mods/evilcraft/files/4672371",
    "1.2.24": "Download and changelog available at https://www.curseforge.com/minecraft/mc-mods/evilcraft/files/4624843",
    "1.2.23": "Download and changelog available at https://www.curseforge.com/minecraft/mc-mods/evilcraft/files/4566197",
    "1.2.22": "Download and changelog available at https://www.curseforge.com/minecraft/mc-mods/evilcraft/files/4565216",
    "1.2.21": "Download and changelog available at https://www.curseforge.com/minecraft/mc-mods/evilcraft/files/4545828",
    "1.2.20": "Download and changelog available at https://www.curseforge.com/minecraft/mc-mods/evilcraft/files/4545037",
    "1.2.19": "Download and changelog available at https://www.curseforge.com/minecraft/mc-mods/evilcraft/files/4531515",
    "1.2.18": "Download and changelog available at https://www.curseforge.com/minecraft/mc-mods/evilcraft/files/4488762",
    "1.2.17": "Download and changelog available at https://www.curseforge.com/minecraft/mc-mods/evilcraft/files/4469871",
    "1.2.16": "Download and changelog available at https://www.curseforge.com/minecraft/mc-mods/evilcraft/files/4445175",
    "1.2.15": "Download and changelog available at https://www.curseforge.com/minecraft/mc-mods/evilcraft/files/4392576",
    "1.2.14": "Download and changelog available at https://www.curseforge.com/minecraft/mc-mods/evilcraft/files/4368718",
    "1.2.13": "Download and changelog available at https://www.curseforge.com/minecraft/mc-mods/evilcraft/files/4279124",
    "1.2.12": "Download and changelog available at https://www.curseforge.com/minecraft/mc-mods/evilcraft/files/4240518",
    "1.2.11": "Download and changelog available at https://www.curseforge.com/minecraft/mc-mods/evilcraft/files/4159794",
    "1.2.10": "Download and changelog available at https://www.curseforge.com/minecraft/mc-mods/evilcraft/files/4077777",
    "1.2.9": "Download and changelog available at https://www.curseforge.com/minecraft/mc-mods/evilcraft/files/4014871",
    "1.2.8": "Download and changelog available at https://www.curseforge.com/minecraft/mc-mods/evilcraft/files/3993403",
    "1.2.7": "Download and changelog available at https://www.curseforge.com/minecraft/mc-mods/evilcraft/files/3948524",
    "1.2.6": "Download and changelog available at https://www.curseforge.com/minecraft/mc-mods/evilcraft/files/3929898"
  },
  "1.20.1": {
    "1.2.51": "Download and changelog available at https://www.curseforge.com/minecraft/mc-mods/evilcraft/files/6154548",
    "1.2.50": "Download and changelog available at https://www.curseforge.com/minecraft/mc-mods/evilcraft/files/6102305",
    "1.2.49": "Download and changelog available at https://www.curseforge.com/minecraft/mc-mods/evilcraft/files/5987310",
    "1.2.48": "Download and changelog available at https://www.curseforge.com/minecraft/mc-mods/evilcraft/files/5776778",
    "1.2.47": "Download and changelog available at https://www.curseforge.com/minecraft/mc-mods/evilcraft/files/5707140",
    "1.2.46": "Download and changelog available at https://www.curseforge.com/minecraft/mc-mods/evilcraft/files/5694993",
    "1.2.45": "Download and changelog available at https://www.curseforge.com/minecraft/mc-mods/evilcraft/files/5683782",
    "1.2.44": "Download and changelog available at https://www.curseforge.com/minecraft/mc-mods/evilcraft/files/5591769",
    "1.2.43": "Download and changelog available at https://www.curseforge.com/minecraft/mc-mods/evilcraft/files/5561214",
    "1.2.42": "Download and changelog available at https://www.curseforge.com/minecraft/mc-mods/evilcraft/files/5554002",
    "1.2.41": "Download and changelog available at https://www.curseforge.com/minecraft/mc-mods/evilcraft/files/5537777",
    "1.2.40": "Download and changelog available at https://www.curseforge.com/minecraft/mc-mods/evilcraft/files/5467013",
    "1.2.39": "Download and changelog available at https://www.curseforge.com/minecraft/mc-mods/evilcraft/files/5314647",
    "1.2.38": "Download and changelog available at https://www.curseforge.com/minecraft/mc-mods/evilcraft/files/5243055",
    "1.2.37": "Download and changelog available at https://www.curseforge.com/minecraft/mc-mods/evilcraft/files/5082975",
    "1.2.36": "Download and changelog available at https://www.curseforge.com/minecraft/mc-mods/evilcraft/files/4987047",
    "1.2.35": "Download and changelog available at https://www.curseforge.com/minecraft/mc-mods/evilcraft/files/4936943",
    "1.2.34": "Download and changelog available at https://www.curseforge.com/minecraft/mc-mods/evilcraft/files/4905748",
    "1.2.33": "Download and changelog available at https://www.curseforge.com/minecraft/mc-mods/evilcraft/files/4823006",
    "1.2.32": "Download and changelog available at https://www.curseforge.com/minecraft/mc-mods/evilcraft/files/4817841",
    "1.2.31": "Download and changelog available at https://www.curseforge.com/minecraft/mc-mods/evilcraft/files/4791850",
    "1.2.30": "Download and changelog available at https://www.curseforge.com/minecraft/mc-mods/evilcraft/files/4768378",
    "1.2.29": "Download and changelog available at https://www.curseforge.com/minecraft/mc-mods/evilcraft/files/4744922",
    "1.2.28": "Download and changelog available at https://www.curseforge.com/minecraft/mc-mods/evilcraft/files/4724229",
    "1.2.27": "Download and changelog available at https://www.curseforge.com/minecraft/mc-mods/evilcraft/files/4676026",
    "1.2.26": "Download and changelog available at https://www.curseforge.com/minecraft/mc-mods/evilcraft/files/4672367",
    "1.2.25": "Download and changelog available at https://www.curseforge.com/minecraft/mc-mods/evilcraft/files/4624848",
    "1.2.24": "Download and changelog available at https://www.curseforge.com/minecraft/mc-mods/evilcraft/files/4621192",
    "1.2.23": "Download and changelog available at https://www.curseforge.com/minecraft/mc-mods/evilcraft/files/4620578",
    "1.2.22": "Download and changelog available at https://www.curseforge.com/minecraft/mc-mods/evilcraft/files/4620490"
  },
  "1.18.2": {
    "1.2.23": "Download and changelog available at https://www.curseforge.com/minecraft/mc-mods/evilcraft/files/4905738",
    "1.2.22": "Download and changelog available at https://www.curseforge.com/minecraft/mc-mods/evilcraft/files/4768361",
    "1.2.21": "Download and changelog available at https://www.curseforge.com/minecraft/mc-mods/evilcraft/files/4744912",
    "1.2.20": "Download and changelog available at https://www.curseforge.com/minecraft/mc-mods/evilcraft/files/4724151",
    "1.2.19": "Download and changelog available at https://www.curseforge.com/minecraft/mc-mods/evilcraft/files/4672376",
    "1.2.18": "Download and changelog available at https://www.curseforge.com/minecraft/mc-mods/evilcraft/files/4624838",
    "1.2.17": "Download and changelog available at https://www.curseforge.com/minecraft/mc-mods/evilcraft/files/4624802",
    "1.2.16": "Download and changelog available at https://www.curseforge.com/minecraft/mc-mods/evilcraft/files/4566188",
    "1.2.15": "Download and changelog available at https://www.curseforge.com/minecraft/mc-mods/evilcraft/files/4531509",
    "1.2.14": "Download and changelog available at https://www.curseforge.com/minecraft/mc-mods/evilcraft/files/4445171",
    "1.2.13": "Download and changelog available at https://www.curseforge.com/minecraft/mc-mods/evilcraft/files/4392550",
    "1.2.12": "Download and changelog available at https://www.curseforge.com/minecraft/mc-mods/evilcraft/files/4159784",
    "1.2.11": "Download and changelog available at https://www.curseforge.com/minecraft/mc-mods/evilcraft/files/4077773",
    "1.2.10": "Download and changelog available at https://www.curseforge.com/minecraft/mc-mods/evilcraft/files/4014867",
    "1.2.9": "Download and changelog available at https://www.curseforge.com/minecraft/mc-mods/evilcraft/files/3993390",
    "1.2.8": "Download and changelog available at https://www.curseforge.com/minecraft/mc-mods/evilcraft/files/3953124",
    "1.2.7": "Download and changelog available at https://www.curseforge.com/minecraft/mc-mods/evilcraft/files/3948507",
    "1.2.6": "Download and changelog available at https://www.curseforge.com/minecraft/mc-mods/evilcraft/files/3928091",
    "1.2.5": "Download and changelog available at https://www.curseforge.com/minecraft/mc-mods/evilcraft/files/3899318",
    "1.2.4": "Download and changelog available at https://www.curseforge.com/minecraft/mc-mods/evilcraft/files/3884889",
    "1.2.3": "Download and changelog available at https://www.curseforge.com/minecraft/mc-mods/evilcraft/files/3865665",
    "1.2.2": "Download and changelog available at https://www.curseforge.com/minecraft/mc-mods/evilcraft/files/3853061",
    "1.2.1": "Download and changelog available at https://www.curseforge.com/minecraft/mc-mods/evilcraft/files/3851738",
    "1.2.0": "Download and changelog available at https://www.curseforge.com/minecraft/mc-mods/evilcraft/files/3824486",
    "1.1.24": "Download and changelog available at https://www.curseforge.com/minecraft/mc-mods/evilcraft/files/3818265",
    "1.1.23": "Download and changelog available at https://www.curseforge.com/minecraft/mc-mods/evilcraft/files/3809245",
    "1.1.22": "Download and changelog available at https://www.curseforge.com/minecraft/mc-mods/evilcraft/files/3805272",
    "1.1.21": "Download and changelog available at https://www.curseforge.com/minecraft/mc-mods/evilcraft/files/3800950",
    "1.1.20": "Download and changelog available at https://www.curseforge.com/minecraft/mc-mods/evilcraft/files/3795956",
    "1.1.19": "Download and changelog available at https://www.curseforge.com/minecraft/mc-mods/evilcraft/files/3777486",
    "1.1.18": "Download and changelog available at https://www.curseforge.com/minecraft/mc-mods/evilcraft/files/3768508"
  },
  "1.19.4": {
    "1.2.22": "Download and changelog available at https://www.curseforge.com/minecraft/mc-mods/evilcraft/files/4566206",
    "1.2.21": "Download and changelog available at https://www.curseforge.com/minecraft/mc-mods/evilcraft/files/4565220",
    "1.2.20": "Download and changelog available at https://www.curseforge.com/minecraft/mc-mods/evilcraft/files/4545832",
    "1.2.19": "Download and changelog available at https://www.curseforge.com/minecraft/mc-mods/evilcraft/files/4545053",
    "1.2.18": "Download and changelog available at https://www.curseforge.com/minecraft/mc-mods/evilcraft/files/4531524",
    "1.2.17": "Download and changelog available at https://www.curseforge.com/minecraft/mc-mods/evilcraft/files/4517706"
  },
  "1.19.3": {
    "1.2.17": "Download and changelog available at https://www.curseforge.com/minecraft/mc-mods/evilcraft/files/4445181",
    "1.2.16": "Download and changelog available at https://www.curseforge.com/minecraft/mc-mods/evilcraft/files/4392611",
    "1.2.15": "Download and changelog available at https://www.curseforge.com/minecraft/mc-mods/evilcraft/files/4367781",
    "1.2.14": "Download and changelog available at https://www.curseforge.com/minecraft/mc-mods/evilcraft/files/4352076",
    "1.2.13": "Download and changelog available at https://www.curseforge.com/minecraft/mc-mods/evilcraft/files/4344672"
  },
  "1.19": {
    "1.2.6": "Download and changelog available at https://www.curseforge.com/minecraft/mc-mods/evilcraft/files/3899324",
    "1.2.5": "Download and changelog available at https://www.curseforge.com/minecraft/mc-mods/evilcraft/files/3884895",
    "1.2.4": "Download and changelog available at https://www.curseforge.com/minecraft/mc-mods/evilcraft/files/3884867",
    "1.2.3": "Download and changelog available at https://www.curseforge.com/minecraft/mc-mods/evilcraft/files/3865671",
    "1.2.2": "Download and changelog available at https://www.curseforge.com/minecraft/mc-mods/evilcraft/files/3853065",
    "1.2.1": "Download and changelog available at https://www.curseforge.com/minecraft/mc-mods/evilcraft/files/3851742",
    "1.2.0": "Download and changelog available at https://www.curseforge.com/minecraft/mc-mods/evilcraft/files/3848778"
  },
  "1.16.5": {
    "1.1.17": "Download and changelog available at https://www.curseforge.com/minecraft/mc-mods/evilcraft/files/3851721",
    "1.1.16": "Download and changelog available at https://www.curseforge.com/minecraft/mc-mods/evilcraft/files/3806961",
    "1.1.15": "Download and changelog available at https://www.curseforge.com/minecraft/mc-mods/evilcraft/files/3693401",
    "1.1.14": "Download and changelog available at https://www.curseforge.com/minecraft/mc-mods/evilcraft/files/3644274",
    "1.1.13": "Download and changelog available at https://www.curseforge.com/minecraft/mc-mods/evilcraft/files/3640132",
    "1.1.12": "Download and changelog available at https://www.curseforge.com/minecraft/mc-mods/evilcraft/files/3620539",
    "1.1.11": "Download and changelog available at https://www.curseforge.com/minecraft/mc-mods/evilcraft/files/3546741",
    "1.1.10": "Download and changelog available at https://www.curseforge.com/minecraft/mc-mods/evilcraft/files/3525654",
    "1.1.9": "Download and changelog available at https://www.curseforge.com/minecraft/mc-mods/evilcraft/files/3517572",
    "1.1.8": "Download and changelog available at https://www.curseforge.com/minecraft/mc-mods/evilcraft/files/3505497",
    "1.1.7": "Download and changelog available at https://www.curseforge.com/minecraft/mc-mods/evilcraft/files/3466563",
    "1.1.6": "Download and changelog available at https://www.curseforge.com/minecraft/mc-mods/evilcraft/files/3346628",
    "1.1.5": "Download and changelog available at https://www.curseforge.com/minecraft/mc-mods/evilcraft/files/3307952",
    "1.1.4": "Download and changelog available at https://www.curseforge.com/minecraft/mc-mods/evilcraft/files/3292057",
    "1.1.3": "Download and changelog available at https://www.curseforge.com/minecraft/mc-mods/evilcraft/files/3289789",
    "1.1.2": "Download and changelog available at https://www.curseforge.com/minecraft/mc-mods/evilcraft/files/3271264",
    "1.1.1": "Download and changelog available at https://www.curseforge.com/minecraft/mc-mods/evilcraft/files/3259948",
    "1.1.0": "Download and changelog available at https://www.curseforge.com/minecraft/mc-mods/evilcraft/files/3206360",
    "1.0.8": "Download and changelog available at https://www.curseforge.com/minecraft/mc-mods/evilcraft/files/3184821"
  },
  "1.18.1": {
    "1.1.18": "Download and changelog available at https://www.curseforge.com/minecraft/mc-mods/evilcraft/files/3753599",
    "1.1.17": "Download and changelog available at https://www.curseforge.com/minecraft/mc-mods/evilcraft/files/3736289",
    "1.1.16": "Download and changelog available at https://www.curseforge.com/minecraft/mc-mods/evilcraft/files/3732099",
    "1.1.15": "Download and changelog available at https://www.curseforge.com/minecraft/mc-mods/evilcraft/files/3693405",
    "1.1.14": "Download and changelog available at https://www.curseforge.com/minecraft/mc-mods/evilcraft/files/3683841"
  },
  "1.16.4": {
    "1.0.7": "Download and changelog available at https://www.curseforge.com/minecraft/mc-mods/evilcraft/files/3181137",
    "1.0.6": "Download and changelog available at https://www.curseforge.com/minecraft/mc-mods/evilcraft/files/3174009",
    "1.0.5": "Download and changelog available at https://www.curseforge.com/minecraft/mc-mods/evilcraft/files/3163295",
    "1.0.4": "Download and changelog available at https://www.curseforge.com/minecraft/mc-mods/evilcraft/files/3156210",
    "1.0.3": "Download and changelog available at https://www.curseforge.com/minecraft/mc-mods/evilcraft/files/3154246",
    "1.0.2": "Download and changelog available at https://www.curseforge.com/minecraft/mc-mods/evilcraft/files/3154201",
    "1.0.1": "Download and changelog available at https://www.curseforge.com/minecraft/mc-mods/evilcraft/files/3153165",
    "1.0.0": "Download and changelog available at https://www.curseforge.com/minecraft/mc-mods/evilcraft/files/3151352"
  },
  "1.15.2": {
    "1.0.0": "Download and changelog available at https://www.curseforge.com/minecraft/mc-mods/evilcraft/files/3143038"
  },
  "1.12.2": {
    "0.10.78": "Download and changelog available at https://www.curseforge.com/minecraft/mc-mods/evilcraft/files/2811267",
    "0.10.77": "Download and changelog available at https://www.curseforge.com/minecraft/mc-mods/evilcraft/files/2753302"
  }
}
[04Mar2025 02:55:34.129] [Forge Version Check/INFO] [net.minecraftforge.fml.VersionChecker/]: [evilcraft] Found status: UP_TO_DATE Current: 1.2.51 Target: null
[04Mar2025 02:55:34.130] [Forge Version Check/INFO] [net.minecraftforge.fml.VersionChecker/]: [forge] Starting version check at https://files.minecraftforge.net/net/minecraftforge/forge/promotions_slim.json
[04Mar2025 02:55:34.165] [main/DEBUG] [net.minecraftforge.fml.DeferredWorkQueue/LOADING]: Dispatching synchronous work for work queue COMMON_SETUP: 51 jobs
[04Mar2025 02:55:34.251] [main/INFO] [terrablender/]: Registered region minecraft:overworld to index 0 for type OVERWORLD
[04Mar2025 02:55:34.252] [main/INFO] [terrablender/]: Registered region minecraft:nether to index 0 for type NETHER
[04Mar2025 02:55:34.253] [main/INFO] [terrablender/]: Registered region biomesoplenty:overworld_primary to index 1 for type OVERWORLD
[04Mar2025 02:55:34.253] [main/INFO] [terrablender/]: Registered region biomesoplenty:overworld_secondary to index 2 for type OVERWORLD
[04Mar2025 02:55:34.254] [main/INFO] [terrablender/]: Registered region biomesoplenty:overworld_rare to index 3 for type OVERWORLD
[04Mar2025 02:55:34.254] [main/INFO] [terrablender/]: Registered region biomesoplenty:nether_common to index 1 for type NETHER
[04Mar2025 02:55:34.254] [main/INFO] [terrablender/]: Registered region biomesoplenty:nether_rare to index 2 for type NETHER
[04Mar2025 02:55:34.315] [main/INFO] [com.klikli_dev.occultism.Occultism/]: Registered compostable Items
[04Mar2025 02:55:34.316] [main/DEBUG] [net.minecraftforge.fml.DeferredWorkQueue/LOADING]: Synchronous work queue completed in 148.0 ms
[04Mar2025 02:55:34.320] [modloading-worker-0/INFO] [com.klikli_dev.occultism.Occultism/]: Dedicated server setup complete.
[04Mar2025 02:55:34.342] [Forge Version Check/DEBUG] [net.minecraftforge.fml.VersionChecker/]: [forge] Received version check data:
{
  "homepage": "https://files.minecraftforge.net/net/minecraftforge/forge/",
  "promos": {
    "1.1-latest": "1.3.4.29",
    "1.2.3-latest": "1.4.1.64",
    "1.2.4-latest": "2.0.0.68",
    "1.2.5-latest": "3.4.9.171",
    "1.3.2-latest": "4.3.5.318",
    "1.4.0-latest": "5.0.0.326",
    "1.4.1-latest": "6.0.0.329",
    "1.4.2-latest": "6.0.1.355",
    "1.4.3-latest": "6.2.1.358",
    "1.4.4-latest": "6.3.0.378",
    "1.4.5-latest": "6.4.2.448",
    "1.4.6-latest": "6.5.0.489",
    "1.4.7-latest": "6.6.2.534",
    "1.5-latest": "7.7.0.598",
    "1.5.1-latest": "7.7.2.682",
    "1.5.2-latest": "7.8.1.738",
    "1.5.2-recommended": "7.8.1.738",
    "1.6.1-latest": "8.9.0.775",
    "1.6.2-latest": "9.10.1.871",
    "1.6.2-recommended": "9.10.1.871",
    "1.6.3-latest": "9.11.0.878",
    "1.6.4-latest": "9.11.1.1345",
    "1.6.4-recommended": "9.11.1.1345",
    "1.7.2-latest": "10.12.2.1161",
    "1.7.2-recommended": "10.12.2.1161",
    "1.7.10_pre4-latest": "10.12.2.1149",
    "1.7.10-latest": "10.13.4.1614",
    "1.7.10-recommended": "10.13.4.1614",
    "1.8-latest": "11.14.4.1577",
    "1.8-recommended": "11.14.4.1563",
    "1.8.8-latest": "11.15.0.1655",
    "1.8.9-latest": "11.15.1.2318",
    "1.8.9-recommended": "11.15.1.2318",
    "1.9-latest": "12.16.1.1938",
    "1.9-recommended": "12.16.1.1887",
    "1.9.4-latest": "12.17.0.2317",
    "1.9.4-recommended": "12.17.0.2317",
    "1.10-latest": "12.18.0.2000",
    "1.10.2-latest": "12.18.3.2511",
    "1.10.2-recommended": "12.18.3.2511",
    "1.11-latest": "13.19.1.2199",
    "1.11-recommended": "13.19.1.2189",
    "1.11.2-latest": "13.20.1.2588",
    "1.11.2-recommended": "13.20.1.2588",
    "1.12-latest": "14.21.1.2443",
    "1.12-recommended": "14.21.1.2387",
    "1.12.1-latest": "14.22.1.2485",
    "1.12.1-recommended": "14.22.1.2478",
    "1.12.2-latest": "14.23.5.2860",
    "1.12.2-recommended": "14.23.5.2859",
    "1.13.2-latest": "25.0.223",
    "1.14.2-latest": "26.0.63",
    "1.14.3-latest": "27.0.60",
    "1.14.4-latest": "28.2.26",
    "1.14.4-recommended": "28.2.26",
    "1.15-latest": "29.0.4",
    "1.15.1-latest": "30.0.51",
    "1.15.2-latest": "31.2.57",
    "1.15.2-recommended": "31.2.57",
    "1.16.1-latest": "32.0.108",
    "1.16.2-latest": "33.0.61",
    "1.16.3-latest": "34.1.42",
    "1.16.3-recommended": "34.1.0",
    "1.16.4-latest": "35.1.37",
    "1.16.4-recommended": "35.1.4",
    "1.16.5-latest": "36.2.42",
    "1.16.5-recommended": "36.2.34",
    "1.17.1-latest": "37.1.1",
    "1.17.1-recommended": "37.1.1",
    "1.18-latest": "38.0.17",
    "1.18.1-latest": "39.1.2",
    "1.18.1-recommended": "39.1.0",
    "1.18.2-recommended": "40.3.0",
    "1.18.2-latest": "40.3.6",
    "1.19-latest": "41.1.0",
    "1.19-recommended": "41.1.0",
    "1.19.1-latest": "42.0.9",
    "1.19.2-recommended": "43.4.0",
    "1.19.2-latest": "43.4.20",
    "1.19.3-latest": "44.1.23",
    "1.19.3-recommended": "44.1.0",
    "1.19.4-recommended": "45.3.0",
    "1.19.4-latest": "45.3.24",
    "1.20-latest": "46.0.14",
    "1.20.1-recommended": "47.3.0",
    "1.20.1-latest": "47.3.33",
    "1.20.2-latest": "48.1.0",
    "1.20.2-recommended": "48.1.0",
    "1.20.3-latest": "49.0.2",
    "1.20.4-latest": "49.1.37",
    "1.20.4-recommended": "49.1.0",
    "1.20.6-latest": "50.1.48",
    "1.20.6-recommended": "50.1.0",
    "1.21-latest": "51.0.33",
    "1.21.1-latest": "52.0.53",
    "1.21.3-latest": "53.1.0",
    "1.21.3-recommended": "53.1.0",
    "1.21.4-latest": "54.1.1",
    "1.21.4-recommended": "54.1.0"
  }
}
[04Mar2025 02:55:34.343] [Forge Version Check/INFO] [net.minecraftforge.fml.VersionChecker/]: [forge] Found status: OUTDATED Current: 47.3.7 Target: 47.3.33
[04Mar2025 02:55:34.344] [Forge Version Check/INFO] [net.minecraftforge.fml.VersionChecker/]: [twilightforest] Starting version check at https://gh.tamaized.com/TeamTwilight/twilightforest/update.json
[04Mar2025 02:55:34.365] [modloading-worker-0/WARN] [minecolonies/]: Register mappings
[04Mar2025 02:55:34.366] [main/DEBUG] [net.minecraftforge.fml.DeferredWorkQueue/LOADING]: Dispatching synchronous work for work queue COMPLETE: 2 jobs
[04Mar2025 02:55:34.367] [main/DEBUG] [net.minecraftforge.fml.DeferredWorkQueue/LOADING]: Synchronous work queue completed in 1.448 ms
[04Mar2025 02:55:34.451] [Forge Version Check/DEBUG] [net.minecraftforge.fml.VersionChecker/]: [twilightforest] Received version check data:
{
  "homepage": "https://minecraft.curseforge.com/projects/the-twilight-forest",
  "promos": {
	"1.20.2-latest": "4.4.1977",
	"1.20.2-recommended": "4.4.1977",
	"1.20.1-latest": "4.3.1893",
	"1.20.1-recommended": "4.3.1893",
	"1.19.4-latest": "4.2.1696",
	"1.19.4-recommended": "4.2.1696",
	"1.18.2-latest": "4.1.1494",
	"1.18.2-recommended": "4.1.1494",
	"1.17.1-latest": "4.0.943",
	"1.17.1-recommended": "4.0.943",
	"1.16.5-latest": "4.0.870",
	"1.16.5-recommended": "4.0.870",
	"1.12.2-latest": "3.11.1021",
	"1.12.2-recommended": "3.11.1021",
	"1.7.10-latest": "2.4.3",
	"1.7.10-recommended": "2.4.3"
  }
}
[04Mar2025 02:55:34.451] [Forge Version Check/INFO] [net.minecraftforge.fml.VersionChecker/]: [twilightforest] Found status: AHEAD Current: 4.3.2508 Target: null
[04Mar2025 02:55:34.451] [Forge Version Check/INFO] [net.minecraftforge.fml.VersionChecker/]: [easy_villagers] Starting version check at https://update.maxhenkel.de/forge/easy_villagers
[04Mar2025 02:55:34.941] [Forge Version Check/DEBUG] [net.minecraftforge.fml.VersionChecker/]: [easy_villagers] Received version check data:
{"1.20.2":{"1.20.2-1.0.17":"Added Chinese Traditional translation"},"1.20.1":{"1.20.1-1.1.23":"Fixed potential crash","1.20.1-1.0.17":""},"1.20":{"1.20-1.0.8":"Updated to 1.20"},"1.18":{"1.18-1.0.3":"Re added JEI and The One Probe integration"},"1.19":{"1.19-1.0.8":"Updated Forge version"},"1.16.4":{"1.16.4-1.1.29":"Added TheOneProbe support","1.16.4-1.1.28":"Fixed villager duplication"},"1.18.2":{"1.18.2-1.0.11":"Fixed immersive engineering workstation rendering"},"1.19.1":{"1.19.1-1.0.0":"Updated to 1.19.1"},"1.16.5":{"1.16.5-1.0.13":"Fixed crash on servers"},"1.19.2":{"1.19.2-1.1.23":"Fixed potential crash","1.19.2-1.0.17":""},"1.19.3":{"1.19.3-1.0.3":"Fixed crash with Minecolonies"},"1.19.4":{"1.19.4-1.0.16":""},"1.16.1":{"1.16.1-1.0.13":"Fixed a crash on servers"},"1.15.2":{"1.15.2-1.0.1":"Fixed trade cycling not working with discounts"},"1.16.2":{"1.16.2-1.0.4":"Added russian translation"},"1.17.1":{"1.17.1-1.0.10":"Fixed duplication bug"},"1.16.3":{"1.16.3-1.0.4":"Made recipes compatible with tags"},"1.18.1":{"1.18.1-1.0.2":"Fixed duplication bug"},"promos":{"1.18.1-latest":"1.18.1-1.0.2","1.18.2-latest":"1.18.2-1.0.11","1.20-recommended":"1.20-1.0.8","1.19.3-recommended":"1.19.3-1.0.3","1.19.1-recommended":"1.19.1-1.0.0","1.19.4-recommended":"1.19.4-1.0.16","1.19-latest":"1.19-1.0.8","1.17.1-recommended":"1.17.1-1.0.10","1.19.2-recommended":"1.19.2-1.0.17","1.16.1-recommended":"1.16.1-1.0.13","1.16.2-recommended":"1.16.2-1.0.4","1.18-latest":"1.18-1.0.3","1.16.5-recommended":"1.16.5-1.0.13","1.16.4-recommended":"1.16.4-1.1.28","1.20.1-recommended":"1.20.1-1.0.17","1.16.3-recommended":"1.16.3-1.0.4","1.15.2-latest":"1.15.2-1.0.1","1.20.2-recommended":"1.20.2-1.0.17","1.20-latest":"1.20-1.0.8","1.18.2-recommended":"1.18.2-1.0.11","1.17.1-latest":"1.17.1-1.0.10","1.18.1-recommended":"1.18.1-1.0.2","1.20.1-latest":"1.20.1-1.1.23","1.16.3-latest":"1.16.3-1.0.4","1.20.2-latest":"1.20.2-1.0.17","1.16.4-latest":"1.16.4-1.1.29","1.19.2-latest":"1.19.2-1.1.23","1.19.4-latest":"1.19.4-1.0.16","1.19.3-latest":"1.19.3-1.0.3","1.16.5-latest":"1.16.5-1.0.13","1.19-recommended":"1.19-1.0.8","1.16.2-latest":"1.16.2-1.0.4","1.16.1-latest":"1.16.1-1.0.13","1.18-recommended":"1.18-1.0.3","1.15.2-recommended":"1.15.2-1.0.1","1.19.1-latest":"1.19.1-1.0.0"},"homepage":"https://www.curseforge.com/minecraft/mc-mods/easy-villagers"}
[04Mar2025 02:55:34.941] [Forge Version Check/INFO] [net.minecraftforge.fml.VersionChecker/]: [easy_villagers] Found status: AHEAD Current: 1.20.1-1.1.23 Target: null
[04Mar2025 02:55:34.942] [Forge Version Check/INFO] [net.minecraftforge.fml.VersionChecker/]: [tombstone] Starting version check at https://raw.githubusercontent.com/Corail31/tombstone_lite/master/update.json
[04Mar2025 02:55:34.955] [Forge Version Check/DEBUG] [net.minecraftforge.fml.VersionChecker/]: [tombstone] Received version check data:
{
	"homepage": "https://www.curseforge.com/minecraft/mc-mods/corail-tombstone",
	"promos": {
		"1.21.4-latest": "9.3.7",
		"1.21.4-recommended": "9.3.7",
		"1.21.3-latest": "9.2.4",
		"1.21.3-recommended": "9.2.4",
		"1.21.1-latest": "9.1.10",
		"1.21.1-recommended": "9.1.10",
		"1.20.4-latest": "8.6.4",
		"1.20.4-recommended": "8.6.4",
		"1.20.2-latest": "8.6.3",
		"1.20.2-recommended": "8.6.3",
		"1.20.1-latest": "8.9.1",
		"1.20.1-recommended": "8.9.1",
		"1.19.4-latest": "8.4.2",
		"1.19.4-recommended": "8.4.2",
		"1.19.3-latest": "8.3.2",
		"1.19.3-recommended": "8.3.2",
		"1.19.2-latest": "8.3.7",
		"1.19.2-recommended": "8.3.7",
		"1.19.1-latest": "8.1.0",
		"1.19.1-recommended": "8.1.0",
		"1.18.2-latest": "7.7.6",
		"1.18.2-recommended": "7.7.6",
		"1.18.1-latest": "7.4.1",
		"1.18.1-recommended": "7.4.1",
		"1.17.1-latest": "7.3.0",
		"1.17.1-recommended": "7.3.0",
		"1.16.5-latest": "6.9.6",
		"1.16.5-recommended": "6.9.6",
		"1.15.2-latest": "4.6.0",
		"1.15.2-recommended": "4.6.0",
		"1.14.4-latest": "4.3.6",
		"1.14.4-recommended": "4.3.6",
		"1.13.2-latest": "3.5.2",
		"1.13.2-recommended": "3.5.2",
		"1.12.2-latest": "4.7.5",
		"1.12.2-recommended": "4.7.5",
		"1.11.2-latest": "2.9.0.1",
		"1.11.2-recommended": "2.9.0.1",
		"1.10.2-latest": "2.9.4",
		"1.10.2-recommended": "2.9.4",
		"1.9.4-latest": "1.4.1",
		"1.9.4-recommended": "1.4.1",
		"1.8.9-latest": "1.4.1",
		"1.8.9-recommended": "1.4.1"
	},
	"1.21.4": {
		"9.3.7": "improvements"
	},
	"1.21.3": {
		"9.2.4": "final version"
	},
	"1.21.1": {
		"9.1.10": "final version"
	},
	"1.20.4": {
		"8.6.4": "final version"
	},
	"1.20.2": {
		"8.6.3": "final version"
	},
	"1.20.1": {
		"8.9.1": "improvements",
		"8.9.0": "improves enchantments",
		"8.8.6": "updates Christmas event"
	},
	"1.19.4": {
		"8.4.2": "final version"
	},
	"1.19.2": {
		"8.3.7": "final version"
	},
	"1.18.2": {
		"7.7.6": "final version"
	},
	"1.16.5": {
		"6.9.6": "final version"
	},
	"1.12.2": {
		"4.7.5": "final version"
	}
}
[04Mar2025 02:55:34.955] [Forge Version Check/INFO] [net.minecraftforge.fml.VersionChecker/]: [tombstone] Found status: OUTDATED Current: 8.9.0 Target: 8.9.1
[04Mar2025 02:55:34.955] [Forge Version Check/INFO] [net.minecraftforge.fml.VersionChecker/]: [occultism] Starting version check at https://raw.githubusercontent.com/klikli-dev/occultism/meta/updates.json
[04Mar2025 02:55:34.965] [Forge Version Check/DEBUG] [net.minecraftforge.fml.VersionChecker/]: [occultism] Received version check data:
{
  "homepage": "https://www.curseforge.com/minecraft/mc-mods/occultism",
  "promos": {
    "1.18.2-latest": "1.18.2-1.51.0",
    "1.18.2-recommended": "1.18.2-1.51.0",
    "1.19.2-latest": "1.19.2-1.51.0",
    "1.19.2-recommended": "1.19.2-1.51.0"
  }
}
[04Mar2025 02:55:34.965] [Forge Version Check/INFO] [net.minecraftforge.fml.VersionChecker/]: [occultism] Found status: BETA Current: 1.141.2 Target: null
[04Mar2025 02:55:34.966] [Forge Version Check/INFO] [net.minecraftforge.fml.VersionChecker/]: [majruszsenchantments] Starting version check at https://raw.githubusercontent.com/Majrusz/MinecraftCommon/main/Enchantments/update.json
[04Mar2025 02:55:34.979] [Forge Version Check/DEBUG] [net.minecraftforge.fml.VersionChecker/]: [majruszsenchantments] Received version check data:
{
  "homepage": "https://modrinth.com/mod/majruszs-enchantments/versions",
  "promos": {
    "1.12.2-latest": "0.6.0",
    "1.12.2-recommended": "0.6.0",
    "1.15.2-latest": "0.8.1",
    "1.15.2-recommended": "0.8.1",
    "1.16.3-latest": "0.9.1",
    "1.16.3-recommended": "0.9.1",
    "1.16.4-latest": "1.3.5",
    "1.16.4-recommended": "1.3.5",
    "1.17.1-latest": "1.5.2",
    "1.17.1-recommended": "1.5.2",
    "1.18.1-latest": "1.6.0",
    "1.18.1-recommended": "1.6.0",
    "1.18.2-latest": "1.8.2",
    "1.18.2-recommended": "1.8.2",
    "1.19-latest": "1.7.0",
    "1.19-recommended": "1.7.0",
    "1.19.1-latest": "1.7.3",
    "1.19.1-recommended": "1.7.3",
    "1.19.2-latest": "1.10.7",
    "1.19.2-recommended": "1.10.7",
    "1.19.3-latest": "1.8.1",
    "1.19.3-recommended": "1.8.1",
    "1.19.4-latest": "1.10.6",
    "1.19.4-recommended": "1.10.6",
    "1.20-latest": "1.8.2",
    "1.20-recommended": "1.8.2",
    "1.20.1-latest": "1.10.8",
    "1.20.1-recommended": "1.10.8"
  }
}
[04Mar2025 02:55:34.980] [Forge Version Check/INFO] [net.minecraftforge.fml.VersionChecker/]: [majruszsenchantments] Found status: UP_TO_DATE Current: 1.10.8 Target: null
[04Mar2025 02:55:34.980] [Forge Version Check/INFO] [net.minecraftforge.fml.VersionChecker/]: [majruszlibrary] Starting version check at https://raw.githubusercontent.com/Majrusz/MinecraftCommon/main/Library/update.json
[04Mar2025 02:55:34.996] [Forge Version Check/DEBUG] [net.minecraftforge.fml.VersionChecker/]: [majruszlibrary] Received version check data:
{
  "homepage": "https://modrinth.com/mod/majrusz-library/versions",
  "promos": {
    "1.16.4-latest": "1.6.1",
    "1.16.4-recommended": "1.6.1",
    "1.17.1-latest": "2.6.0",
    "1.17.1-recommended": "2.6.0",
    "1.18.1-latest": "2.7.0",
    "1.18.1-recommended": "2.7.0",
    "1.18.2-latest": "4.3.0",
    "1.18.2-recommended": "4.3.0",
    "1.19-latest": "2.12.0",
    "1.19-recommended": "2.12.0",
    "1.19.1-latest": "2.14.0",
    "1.19.1-recommended": "2.14.0",
    "1.19.2-latest": "7.0.5",
    "1.19.2-recommended": "7.0.5",
    "1.19.3-latest": "3.2.0",
    "1.19.3-recommended": "3.2.0",
    "1.19.4-latest": "7.0.4",
    "1.19.4-recommended": "7.0.4",
    "1.20-latest": "4.3.0",
    "1.20-recommended": "4.3.0",
    "1.20.1-latest": "7.0.6",
    "1.20.1-recommended": "7.0.6",
    "1.20.2-latest": "6.0.1",
    "1.20.2-recommended": "6.0.1"
  }
}
[04Mar2025 02:55:34.996] [Forge Version Check/INFO] [net.minecraftforge.fml.VersionChecker/]: [majruszlibrary] Found status: AHEAD Current: 7.0.8 Target: null
[04Mar2025 02:55:40.482] [main/DEBUG] [net.minecraftforge.coremod.transformer.CoreModBaseTransformer/COREMOD]: Transforming <init> with desc (JZZLjava/util/Optional;)V
[04Mar2025 02:55:40.491] [main/DEBUG] [net.minecraftforge.coremod.transformer.CoreModBaseTransformer/COREMOD]: Transforming m_226857_ with desc (Lnet/minecraft/world/level/levelgen/structure/pieces/StructurePieceSerializationContext;Lnet/minecraft/nbt/CompoundTag;J)Lnet/minecraft/world/level/levelgen/structure/StructureStart;
[04Mar2025 02:55:40.516] [main/INFO] [com.mojang.authlib.yggdrasil.YggdrasilAuthenticationService/]: Environment: authHost='https://authserver.mojang.com', accountsHost='https://api.mojang.com', sessionHost='https://sessionserver.mojang.com', servicesHost='https://api.minecraftservices.com', name='PROD'
[04Mar2025 02:55:45.784] [main/WARN] [net.minecraft.server.packs.VanillaPackResourcesBuilder/]: Assets URL 'union:/workspaces/panaserver2.0/servidor_minecraft/libraries/net/minecraft/server/1.20.1-20230612.114412/server-1.20.1-20230612.114412-srg.jar%23197!/assets/.mcassetsroot' uses unexpected schema
[04Mar2025 02:55:45.784] [main/WARN] [net.minecraft.server.packs.VanillaPackResourcesBuilder/]: Assets URL 'union:/workspaces/panaserver2.0/servidor_minecraft/libraries/net/minecraft/server/1.20.1-20230612.114412/server-1.20.1-20230612.114412-srg.jar%23197!/data/.mcassetsroot' uses unexpected schema
[04Mar2025 02:55:45.843] [main/DEBUG] [mixin/]: Mixing ServerPlayerGameModeAccessor from botania_xplat.mixins.json into net.minecraft.server.level.ServerPlayerGameMode
[04Mar2025 02:55:45.843] [main/DEBUG] [mixin/]: Mixing MixinServerPlayerGameMode from majruszlibrary-common.mixins.json into net.minecraft.server.level.ServerPlayerGameMode
[04Mar2025 02:55:45.873] [main/DEBUG] [net.minecraftforge.server.ServerLifecycleHooks/CORE]: Generating PackInfo named mod:smartbrainlib for mod file /workspaces/panaserver2.0/servidor_minecraft/mods/SmartBrainLib-forge-1.20.1-1.15.jar
[04Mar2025 02:55:45.873] [main/DEBUG] [net.minecraftforge.server.ServerLifecycleHooks/CORE]: Generating PackInfo named mod:cyclopscore for mod file /workspaces/panaserver2.0/servidor_minecraft/mods/CyclopsCore-1.20.1-1.19.6.jar
[04Mar2025 02:55:45.873] [main/DEBUG] [net.minecraftforge.server.ServerLifecycleHooks/CORE]: Generating PackInfo named mod:kuma_api for mod file 
[04Mar2025 02:55:45.874] [main/DEBUG] [net.minecraftforge.server.ServerLifecycleHooks/CORE]: Generating PackInfo named mod:cucumber for mod file /workspaces/panaserver2.0/servidor_minecraft/mods/Cucumber-1.20.1-7.0.13.jar
[04Mar2025 02:55:45.874] [main/DEBUG] [net.minecraftforge.server.ServerLifecycleHooks/CORE]: Generating PackInfo named mod:illusion_onslaught for mod file /workspaces/panaserver2.0/servidor_minecraft/mods/[1.20.1]illusion_onslaught-1.1.0.jar
[04Mar2025 02:55:45.874] [main/DEBUG] [net.minecraftforge.server.ServerLifecycleHooks/CORE]: Generating PackInfo named mod:geckolib for mod file /workspaces/panaserver2.0/servidor_minecraft/mods/geckolib-forge-1.20.1-4.7.jar
[04Mar2025 02:55:45.874] [main/DEBUG] [net.minecraftforge.server.ServerLifecycleHooks/CORE]: Generating PackInfo named mod:graveyard for mod file /workspaces/panaserver2.0/servidor_minecraft/mods/The_Graveyard_3.1_(FORGE)_for_1.20.1.jar
[04Mar2025 02:55:45.874] [main/DEBUG] [net.minecraftforge.server.ServerLifecycleHooks/CORE]: Generating PackInfo named mod:caelus for mod file /workspaces/panaserver2.0/servidor_minecraft/mods/caelus-forge-3.2.0+1.20.1.jar
[04Mar2025 02:55:45.874] [main/DEBUG] [net.minecraftforge.server.ServerLifecycleHooks/CORE]: Generating PackInfo named mod:waystones for mod file /workspaces/panaserver2.0/servidor_minecraft/mods/waystones-forge-1.20.1-14.1.9.jar
[04Mar2025 02:55:45.875] [main/DEBUG] [net.minecraftforge.server.ServerLifecycleHooks/CORE]: Generating PackInfo named mod:rpgstats for mod file /workspaces/panaserver2.0/servidor_minecraft/mods/rpgstats-1.0.3.jar
[04Mar2025 02:55:45.875] [main/DEBUG] [net.minecraftforge.server.ServerLifecycleHooks/CORE]: Generating PackInfo named mod:epicfight for mod file /workspaces/panaserver2.0/servidor_minecraft/mods/epicfight-forge-20.9.7-1.20.1.jar
[04Mar2025 02:55:45.875] [main/DEBUG] [net.minecraftforge.server.ServerLifecycleHooks/CORE]: Generating PackInfo named mod:citadel for mod file /workspaces/panaserver2.0/servidor_minecraft/mods/citadel-2.6.1-1.20.1.jar
[04Mar2025 02:55:45.875] [main/DEBUG] [net.minecraftforge.server.ServerLifecycleHooks/CORE]: Generating PackInfo named mod:artifacts for mod file /workspaces/panaserver2.0/servidor_minecraft/mods/artifacts-forge-9.5.13.jar
[04Mar2025 02:55:45.875] [main/DEBUG] [net.minecraftforge.server.ServerLifecycleHooks/CORE]: Generating PackInfo named mod:evilcraft for mod file /workspaces/panaserver2.0/servidor_minecraft/mods/EvilCraft-1.20.1-1.2.51.jar
[04Mar2025 02:55:45.876] [main/DEBUG] [net.minecraftforge.server.ServerLifecycleHooks/CORE]: Generating PackInfo named mod:mixinextras for mod file 
[04Mar2025 02:55:45.876] [main/DEBUG] [net.minecraftforge.server.ServerLifecycleHooks/CORE]: Generating PackInfo named mod:glitchcore for mod file /workspaces/panaserver2.0/servidor_minecraft/mods/GlitchCore-forge-1.20.1-0.0.1.1.jar
[04Mar2025 02:55:45.876] [main/DEBUG] [net.minecraftforge.server.ServerLifecycleHooks/CORE]: Generating PackInfo named mod:relics for mod file /workspaces/panaserver2.0/servidor_minecraft/mods/relics-1.20.1-0.8.0.7.jar
[04Mar2025 02:55:45.876] [main/DEBUG] [net.minecraftforge.server.ServerLifecycleHooks/CORE]: Generating PackInfo named mod:balm for mod file /workspaces/panaserver2.0/servidor_minecraft/mods/balm-forge-1.20.1-7.3.15-all.jar
[04Mar2025 02:55:45.876] [main/DEBUG] [net.minecraftforge.server.ServerLifecycleHooks/CORE]: Generating PackInfo named mod:cloth_config for mod file /workspaces/panaserver2.0/servidor_minecraft/mods/cloth-config-11.1.136-forge.jar
[04Mar2025 02:55:45.877] [main/DEBUG] [net.minecraftforge.server.ServerLifecycleHooks/CORE]: Generating PackInfo named mod:forge for mod file /workspaces/panaserver2.0/servidor_minecraft/libraries/net/minecraftforge/forge/1.20.1-47.3.7/forge-1.20.1-47.3.7-universal.jar
[04Mar2025 02:55:45.877] [main/DEBUG] [net.minecraftforge.server.ServerLifecycleHooks/CORE]: Generating PackInfo named mod:twilightforest for mod file /workspaces/panaserver2.0/servidor_minecraft/mods/twilightforest-1.20.1-4.3.2508-universal.jar
[04Mar2025 02:55:45.877] [main/DEBUG] [net.minecraftforge.server.ServerLifecycleHooks/CORE]: Generating PackInfo named mod:mysticalagriculture for mod file /workspaces/panaserver2.0/servidor_minecraft/mods/MysticalAgriculture-1.20.1-7.0.16.jar
[04Mar2025 02:55:45.877] [main/DEBUG] [net.minecraftforge.server.ServerLifecycleHooks/CORE]: Generating PackInfo named mod:dungeons_arise for mod file /workspaces/panaserver2.0/servidor_minecraft/mods/DungeonsArise-1.20.1-2.1.57-release.jar
[04Mar2025 02:55:45.877] [main/DEBUG] [net.minecraftforge.server.ServerLifecycleHooks/CORE]: Generating PackInfo named mod:rpgsmw for mod file /workspaces/panaserver2.0/servidor_minecraft/mods/RPG_Style_more_Weapons_9.2_1.20.1.jar
[04Mar2025 02:55:45.878] [main/DEBUG] [net.minecraftforge.server.ServerLifecycleHooks/CORE]: Generating PackInfo named mod:terramity for mod file /workspaces/panaserver2.0/servidor_minecraft/mods/terramity-0.9.6.1-forge-1.20.1.jar
[04Mar2025 02:55:45.878] [main/DEBUG] [net.minecraftforge.server.ServerLifecycleHooks/CORE]: Generating PackInfo named mod:alexscaves for mod file /workspaces/panaserver2.0/servidor_minecraft/mods/alexscaves-2.0.2.jar
[04Mar2025 02:55:45.878] [main/DEBUG] [net.minecraftforge.server.ServerLifecycleHooks/CORE]: Generating PackInfo named mod:terrablender for mod file /workspaces/panaserver2.0/servidor_minecraft/mods/TerraBlender-forge-1.20.1-3.0.1.7.jar
[04Mar2025 02:55:45.878] [main/DEBUG] [net.minecraftforge.server.ServerLifecycleHooks/CORE]: Generating PackInfo named mod:biomesoplenty for mod file /workspaces/panaserver2.0/servidor_minecraft/mods/BiomesOPlenty-forge-1.20.1-19.0.0.94.jar
[04Mar2025 02:55:45.878] [main/DEBUG] [net.minecraftforge.server.ServerLifecycleHooks/CORE]: Generating PackInfo named mod:botania for mod file /workspaces/panaserver2.0/servidor_minecraft/mods/Botania-1.20.1-447-FORGE.jar
[04Mar2025 02:55:45.878] [main/DEBUG] [net.minecraftforge.server.ServerLifecycleHooks/CORE]: Generating PackInfo named mod:born_in_chaos_v1 for mod file /workspaces/panaserver2.0/servidor_minecraft/mods/born_in_chaos_[Forge]1.20.1_1.6.3.jar
[04Mar2025 02:55:45.879] [main/DEBUG] [net.minecraftforge.server.ServerLifecycleHooks/CORE]: Generating PackInfo named mod:lionfishapi for mod file /workspaces/panaserver2.0/servidor_minecraft/mods/lionfishapi-2.4-Fix.jar
[04Mar2025 02:55:45.879] [main/DEBUG] [net.minecraftforge.server.ServerLifecycleHooks/CORE]: Generating PackInfo named mod:domum_ornamentum for mod file /workspaces/panaserver2.0/servidor_minecraft/mods/domum_ornamentum-1.20.1-1.0.284-snapshot-universal.jar
[04Mar2025 02:55:45.879] [main/DEBUG] [net.minecraftforge.server.ServerLifecycleHooks/CORE]: Generating PackInfo named mod:easy_villagers for mod file /workspaces/panaserver2.0/servidor_minecraft/mods/easy-villagers-forge-1.20.1-1.1.23.jar
[04Mar2025 02:55:45.879] [main/DEBUG] [net.minecraftforge.server.ServerLifecycleHooks/CORE]: Generating PackInfo named mod:cataclysm for mod file /workspaces/panaserver2.0/servidor_minecraft/mods/L_Enders_Cataclysm-2.54- 1.20.1.jar
[04Mar2025 02:55:45.879] [main/DEBUG] [net.minecraftforge.server.ServerLifecycleHooks/CORE]: Generating PackInfo named mod:curios for mod file /workspaces/panaserver2.0/servidor_minecraft/mods/curios-forge-5.11.1+1.20.1.jar
[04Mar2025 02:55:45.879] [main/DEBUG] [net.minecraftforge.server.ServerLifecycleHooks/CORE]: Generating PackInfo named mod:patchouli for mod file /workspaces/panaserver2.0/servidor_minecraft/mods/Patchouli-1.20.1-84.1-FORGE.jar
[04Mar2025 02:55:45.880] [main/DEBUG] [net.minecraftforge.server.ServerLifecycleHooks/CORE]: Generating PackInfo named mod:blockui for mod file /workspaces/panaserver2.0/servidor_minecraft/mods/blockui-1.20.1-1.0.156-RELEASE.jar
[04Mar2025 02:55:45.880] [main/DEBUG] [net.minecraftforge.server.ServerLifecycleHooks/CORE]: Generating PackInfo named mod:armourers_workshop for mod file /workspaces/panaserver2.0/servidor_minecraft/mods/armourersworkshop-forge-1.20.1-3.2.0-beta.jar
[04Mar2025 02:55:45.880] [main/DEBUG] [net.minecraftforge.server.ServerLifecycleHooks/CORE]: Generating PackInfo named mod:gobber2 for mod file /workspaces/panaserver2.0/servidor_minecraft/mods/Gobber2-Forge-1.20.1-2.8.9.jar
[04Mar2025 02:55:45.880] [main/DEBUG] [net.minecraftforge.server.ServerLifecycleHooks/CORE]: Generating PackInfo named mod:tombstone for mod file /workspaces/panaserver2.0/servidor_minecraft/mods/tombstone-1.20.1-8.9.0.jar
[04Mar2025 02:55:45.880] [main/DEBUG] [net.minecraftforge.server.ServerLifecycleHooks/CORE]: Generating PackInfo named mod:structurize for mod file /workspaces/panaserver2.0/servidor_minecraft/mods/structurize-1.20.1-1.0.764-snapshot.jar
[04Mar2025 02:55:45.880] [main/DEBUG] [net.minecraftforge.server.ServerLifecycleHooks/CORE]: Generating PackInfo named mod:modonomicon for mod file /workspaces/panaserver2.0/servidor_minecraft/mods/modonomicon-1.20.1-forge-1.77.6.jar
[04Mar2025 02:55:45.881] [main/DEBUG] [net.minecraftforge.server.ServerLifecycleHooks/CORE]: Generating PackInfo named mod:minecolonies for mod file /workspaces/panaserver2.0/servidor_minecraft/mods/minecolonies-1.20.1-1.1.809-snapshot.jar
[04Mar2025 02:55:45.881] [main/DEBUG] [net.minecraftforge.server.ServerLifecycleHooks/CORE]: Generating PackInfo named mod:deeperdarker for mod file /workspaces/panaserver2.0/servidor_minecraft/mods/deeperdarker-forge-1.20.1-1.3.3.jar
[04Mar2025 02:55:45.881] [main/DEBUG] [net.minecraftforge.server.ServerLifecycleHooks/CORE]: Generating PackInfo named mod:architectury for mod file /workspaces/panaserver2.0/servidor_minecraft/mods/architectury-9.2.14-forge.jar
[04Mar2025 02:55:45.881] [main/DEBUG] [net.minecraftforge.server.ServerLifecycleHooks/CORE]: Generating PackInfo named mod:octolib for mod file /workspaces/panaserver2.0/servidor_minecraft/mods/OctoLib-FORGE-0.4.2+1.20.1.jar
[04Mar2025 02:55:45.881] [main/DEBUG] [net.minecraftforge.server.ServerLifecycleHooks/CORE]: Generating PackInfo named mod:simplyswords for mod file /workspaces/panaserver2.0/servidor_minecraft/mods/simplyswords-forge-1.56.0-1.20.1.jar
[04Mar2025 02:55:45.881] [main/DEBUG] [net.minecraftforge.server.ServerLifecycleHooks/CORE]: Generating PackInfo named mod:lootr for mod file /workspaces/panaserver2.0/servidor_minecraft/mods/lootr-forge-1.20-0.7.35.90.jar
[04Mar2025 02:55:45.881] [main/DEBUG] [net.minecraftforge.server.ServerLifecycleHooks/CORE]: Generating PackInfo named mod:occultism for mod file /workspaces/panaserver2.0/servidor_minecraft/mods/occultism-1.20.1-1.141.2.jar
[04Mar2025 02:55:45.882] [main/DEBUG] [net.minecraftforge.server.ServerLifecycleHooks/CORE]: Generating PackInfo named mod:majruszsenchantments for mod file /workspaces/panaserver2.0/servidor_minecraft/mods/majruszs-enchantments-forge-1.20.1-1.10.8.jar
[04Mar2025 02:55:45.882] [main/DEBUG] [net.minecraftforge.server.ServerLifecycleHooks/CORE]: Generating PackInfo named mod:expandability for mod file 
[04Mar2025 02:55:45.882] [main/DEBUG] [net.minecraftforge.server.ServerLifecycleHooks/CORE]: Generating PackInfo named mod:majruszlibrary for mod file /workspaces/panaserver2.0/servidor_minecraft/mods/majrusz-library-forge-1.20.1-7.0.8.jar
[04Mar2025 02:55:48.184] [main/DEBUG] [mixin/]: Mixing MixinPrimaryLevelData from terrablender.mixins.json into net.minecraft.world.level.storage.PrimaryLevelData
[04Mar2025 02:55:48.335] [main/DEBUG] [net.minecraftforge.coremod.transformer.CoreModBaseTransformer/COREMOD]: Transforming net/minecraft/server/commands/SummonCommand
[04Mar2025 02:55:48.547] [main/DEBUG] [moe.plushie.armourers_workshop.ArmourersWorkshop/]: setup root path: /workspaces/panaserver2.0/servidor_minecraft/armourers_workshop/skin-library
[04Mar2025 02:55:48.547] [main/DEBUG] [moe.plushie.armourers_workshop.ArmourersWorkshop/]: setup root path: /workspaces/panaserver2.0/servidor_minecraft/armourers_workshop/skin-library
[04Mar2025 02:55:48.547] [main/DEBUG] [moe.plushie.armourers_workshop.ArmourersWorkshop/]: setup root path: /workspaces/panaserver2.0/servidor_minecraft/armourers_workshop/skin-library
[04Mar2025 02:55:48.603] [main/DEBUG] [mixin/]: Mixing debug.TagLoaderMixin from mixins.artifacts.common.json into net.minecraft.tags.TagLoader
[04Mar2025 02:55:48.865] [Worker-Main-3/WARN] [artifacts.Artifacts/]: Tag entries for curios:tags/items/magic_book.json cleared by tombstone-1.20.1-8.9.0.jar
[04Mar2025 02:55:49.615] [Worker-Main-3/DEBUG] [epicfight/]: Cannot find the joint named Knee_R in yesman.epicfight.model.armature.VexArmature
[04Mar2025 02:55:49.616] [Worker-Main-3/DEBUG] [epicfight/]: Cannot find the joint named Knee_L in yesman.epicfight.model.armature.VexArmature
[04Mar2025 02:55:49.617] [Worker-Main-3/DEBUG] [epicfight/]: Cannot find the joint named Elbow_R in yesman.epicfight.model.armature.VexArmature
[04Mar2025 02:55:49.617] [Worker-Main-3/DEBUG] [epicfight/]: Cannot find the joint named Elbow_L in yesman.epicfight.model.armature.VexArmature
[04Mar2025 02:55:49.654] [Worker-Main-3/INFO] [epicfight/]: Register animations from epicfight
[04Mar2025 02:55:49.696] [Worker-Main-1/DEBUG] [net.minecraftforge.coremod.transformer.CoreModBaseTransformer/COREMOD]: Transforming net/minecraft/world/entity/raid/Raid
[04Mar2025 02:55:49.738] [Worker-Main-1/DEBUG] [mixin/]: Mixing MixinRaid from majruszlibrary-common.mixins.json into net.minecraft.world.entity.raid.Raid
[04Mar2025 02:55:49.756] [Worker-Main-1/DEBUG] [mixin/]: Mixing MixinLootItemRandomChanceWithLootingCondition from majruszlibrary-common.mixins.json into net.minecraft.world.level.storage.loot.predicates.LootItemRandomChanceWithLootingCondition
[04Mar2025 02:55:49.772] [Worker-Main-2/DEBUG] [moe.plushie.armourers_workshop.ArmourersWorkshop/]: Load entry 'armourers_workshop:skin/profiles/boat' in 'armourersworkshop-forge-1.20.1-3.2.0-beta.jar'
[04Mar2025 02:55:49.776] [Worker-Main-2/DEBUG] [moe.plushie.armourers_workshop.ArmourersWorkshop/]: Load entry 'armourers_workshop:skin/profiles/conductor' in 'armourersworkshop-forge-1.20.1-3.2.0-beta.jar'
[04Mar2025 02:55:49.776] [Worker-Main-2/DEBUG] [moe.plushie.armourers_workshop.ArmourersWorkshop/]: Load entry 'armourers_workshop:skin/profiles/fallback' in 'armourersworkshop-forge-1.20.1-3.2.0-beta.jar'
[04Mar2025 02:55:49.776] [Worker-Main-2/DEBUG] [moe.plushie.armourers_workshop.ArmourersWorkshop/]: Load entry 'armourers_workshop:skin/profiles/head' in 'armourersworkshop-forge-1.20.1-3.2.0-beta.jar'
[04Mar2025 02:55:49.776] [Worker-Main-2/DEBUG] [moe.plushie.armourers_workshop.ArmourersWorkshop/]: Load entry 'armourers_workshop:skin/profiles/horse' in 'armourersworkshop-forge-1.20.1-3.2.0-beta.jar'
[04Mar2025 02:55:49.776] [Worker-Main-2/DEBUG] [moe.plushie.armourers_workshop.ArmourersWorkshop/]: Load entry 'armourers_workshop:skin/profiles/mannequin' in 'armourersworkshop-forge-1.20.1-3.2.0-beta.jar'
[04Mar2025 02:55:49.777] [Worker-Main-2/DEBUG] [moe.plushie.armourers_workshop.ArmourersWorkshop/]: Load entry 'armourers_workshop:skin/profiles/minecart' in 'armourersworkshop-forge-1.20.1-3.2.0-beta.jar'
[04Mar2025 02:55:49.777] [Worker-Main-2/DEBUG] [moe.plushie.armourers_workshop.ArmourersWorkshop/]: Load entry 'armourers_workshop:skin/profiles/minecolonies' in 'armourersworkshop-forge-1.20.1-3.2.0-beta.jar'
[04Mar2025 02:55:49.777] [Worker-Main-2/DEBUG] [moe.plushie.armourers_workshop.ArmourersWorkshop/]: Load entry 'armourers_workshop:skin/profiles/mob' in 'armourersworkshop-forge-1.20.1-3.2.0-beta.jar'
[04Mar2025 02:55:49.777] [Worker-Main-2/DEBUG] [moe.plushie.armourers_workshop.ArmourersWorkshop/]: Load entry 'armourers_workshop:skin/profiles/npc' in 'armourersworkshop-forge-1.20.1-3.2.0-beta.jar'
[04Mar2025 02:55:49.778] [Worker-Main-2/DEBUG] [moe.plushie.armourers_workshop.ArmourersWorkshop/]: Load entry 'armourers_workshop:skin/profiles/player' in 'armourersworkshop-forge-1.20.1-3.2.0-beta.jar'
[04Mar2025 02:55:49.778] [Worker-Main-2/DEBUG] [moe.plushie.armourers_workshop.ArmourersWorkshop/]: Load entry 'armourers_workshop:skin/profiles/projecting' in 'armourersworkshop-forge-1.20.1-3.2.0-beta.jar'
[04Mar2025 02:55:49.778] [Worker-Main-2/DEBUG] [moe.plushie.armourers_workshop.ArmourersWorkshop/]: Load entry 'armourers_workshop:skin/profiles/vampirism' in 'armourersworkshop-forge-1.20.1-3.2.0-beta.jar'
[04Mar2025 02:55:49.778] [Worker-Main-2/DEBUG] [moe.plushie.armourers_workshop.ArmourersWorkshop/]: Load entry 'armourers_workshop:skin/profiles/villager' in 'armourersworkshop-forge-1.20.1-3.2.0-beta.jar'
[04Mar2025 02:55:49.780] [Worker-Main-2/DEBUG] [moe.plushie.armourers_workshop.ArmourersWorkshop/]: Load entry 'armourers_workshop:skin/profiles/boat' in 'armourersworkshop-forge-1.20.1-3.2.0-beta.jar'
[04Mar2025 02:55:49.780] [Worker-Main-2/DEBUG] [moe.plushie.armourers_workshop.ArmourersWorkshop/]: Load entry 'armourers_workshop:skin/profiles/conductor' in 'armourersworkshop-forge-1.20.1-3.2.0-beta.jar'
[04Mar2025 02:55:49.781] [Worker-Main-2/DEBUG] [moe.plushie.armourers_workshop.ArmourersWorkshop/]: Load entry 'armourers_workshop:skin/profiles/fallback' in 'armourersworkshop-forge-1.20.1-3.2.0-beta.jar'
[04Mar2025 02:55:49.781] [Worker-Main-2/DEBUG] [moe.plushie.armourers_workshop.ArmourersWorkshop/]: Load entry 'armourers_workshop:skin/profiles/head' in 'armourersworkshop-forge-1.20.1-3.2.0-beta.jar'
[04Mar2025 02:55:49.781] [Worker-Main-2/DEBUG] [moe.plushie.armourers_workshop.ArmourersWorkshop/]: Load entry 'armourers_workshop:skin/profiles/horse' in 'armourersworkshop-forge-1.20.1-3.2.0-beta.jar'
[04Mar2025 02:55:49.781] [Worker-Main-2/DEBUG] [moe.plushie.armourers_workshop.ArmourersWorkshop/]: Load entry 'armourers_workshop:skin/profiles/mannequin' in 'armourersworkshop-forge-1.20.1-3.2.0-beta.jar'
[04Mar2025 02:55:49.781] [Worker-Main-2/DEBUG] [moe.plushie.armourers_workshop.ArmourersWorkshop/]: Load entry 'armourers_workshop:skin/profiles/minecart' in 'armourersworkshop-forge-1.20.1-3.2.0-beta.jar'
[04Mar2025 02:55:49.781] [Worker-Main-2/DEBUG] [moe.plushie.armourers_workshop.ArmourersWorkshop/]: Load entry 'armourers_workshop:skin/profiles/minecolonies' in 'armourersworkshop-forge-1.20.1-3.2.0-beta.jar'
[04Mar2025 02:55:49.782] [Worker-Main-2/DEBUG] [moe.plushie.armourers_workshop.ArmourersWorkshop/]: Load entry 'armourers_workshop:skin/profiles/mob' in 'armourersworkshop-forge-1.20.1-3.2.0-beta.jar'
[04Mar2025 02:55:49.782] [Worker-Main-2/DEBUG] [moe.plushie.armourers_workshop.ArmourersWorkshop/]: Load entry 'armourers_workshop:skin/profiles/npc' in 'armourersworkshop-forge-1.20.1-3.2.0-beta.jar'
[04Mar2025 02:55:49.782] [Worker-Main-2/DEBUG] [moe.plushie.armourers_workshop.ArmourersWorkshop/]: Load entry 'armourers_workshop:skin/profiles/player' in 'armourersworkshop-forge-1.20.1-3.2.0-beta.jar'
[04Mar2025 02:55:49.782] [Worker-Main-2/DEBUG] [moe.plushie.armourers_workshop.ArmourersWorkshop/]: Load entry 'armourers_workshop:skin/profiles/projecting' in 'armourersworkshop-forge-1.20.1-3.2.0-beta.jar'
[04Mar2025 02:55:49.782] [Worker-Main-2/DEBUG] [moe.plushie.armourers_workshop.ArmourersWorkshop/]: Load entry 'armourers_workshop:skin/profiles/vampirism' in 'armourersworkshop-forge-1.20.1-3.2.0-beta.jar'
[04Mar2025 02:55:49.783] [Worker-Main-2/DEBUG] [moe.plushie.armourers_workshop.ArmourersWorkshop/]: Load entry 'armourers_workshop:skin/profiles/villager' in 'armourersworkshop-forge-1.20.1-3.2.0-beta.jar'
[04Mar2025 02:55:49.863] [Worker-Main-2/DEBUG] [botania/]: Parsing loonium_config config 'minecraft:desert_pyramid'
[04Mar2025 02:55:49.864] [Worker-Main-2/DEBUG] [botania/]: Parsing loonium_config config 'minecraft:ruined_portal_swamp'
[04Mar2025 02:55:49.864] [Worker-Main-2/DEBUG] [botania/]: Parsing loonium_config config 'minecraft:village_taiga'
[04Mar2025 02:55:49.865] [Worker-Main-2/DEBUG] [botania/]: Parsing loonium_config config 'minecraft:bastion_remnant'
[04Mar2025 02:55:49.865] [Worker-Main-2/DEBUG] [botania/]: Parsing loonium_config config 'minecraft:pillager_outpost'
[04Mar2025 02:55:49.865] [Worker-Main-2/DEBUG] [botania/]: Parsing loonium_config config 'minecraft:shipwreck'
[04Mar2025 02:55:49.866] [Worker-Main-2/DEBUG] [botania/]: Parsing loonium_config config 'botania:ocean_ruins'
[04Mar2025 02:55:49.866] [Worker-Main-2/DEBUG] [botania/]: Parsing loonium_config config 'minecraft:jungle_pyramid'
[04Mar2025 02:55:49.866] [Worker-Main-2/DEBUG] [botania/]: Parsing loonium_config config 'minecraft:ruined_portal_jungle'
[04Mar2025 02:55:49.867] [Worker-Main-2/DEBUG] [botania/]: Parsing loonium_config config 'botania:village'
[04Mar2025 02:55:49.867] [Worker-Main-2/DEBUG] [botania/]: Parsing loonium_config config 'minecraft:ocean_ruin_warm'
[04Mar2025 02:55:49.867] [Worker-Main-2/DEBUG] [botania/]: Parsing loonium_config config 'minecraft:village_plains'
[04Mar2025 02:55:49.867] [Worker-Main-2/DEBUG] [botania/]: Parsing loonium_config config 'minecraft:ruined_portal'
[04Mar2025 02:55:49.868] [Worker-Main-2/DEBUG] [botania/]: Parsing loonium_config config 'minecraft:mansion'
[04Mar2025 02:55:49.868] [Worker-Main-2/DEBUG] [botania/]: Parsing loonium_config config 'minecraft:ruined_portal_desert'
[04Mar2025 02:55:49.869] [Worker-Main-2/DEBUG] [botania/]: Parsing loonium_config config 'minecraft:end_city'
[04Mar2025 02:55:49.869] [Worker-Main-2/DEBUG] [botania/]: Parsing loonium_config config 'botania:default'
[04Mar2025 02:55:49.870] [Worker-Main-2/DEBUG] [botania/]: Parsing loonium_config config 'minecraft:monument'
[04Mar2025 02:55:49.870] [Worker-Main-2/DEBUG] [botania/]: Parsing loonium_config config 'minecraft:ruined_portal_ocean'
[04Mar2025 02:55:49.871] [Worker-Main-2/DEBUG] [botania/]: Parsing loonium_config config 'minecraft:ruined_portal_mountain'
[04Mar2025 02:55:49.871] [Worker-Main-2/DEBUG] [botania/]: Parsing loonium_config config 'minecraft:fortress'
[04Mar2025 02:55:49.871] [Worker-Main-2/DEBUG] [botania/]: Parsing loonium_config config 'minecraft:trail_ruins'
[04Mar2025 02:55:49.872] [Worker-Main-2/DEBUG] [botania/]: Parsing loonium_config config 'minecraft:village_savanna'
[04Mar2025 02:55:49.872] [Worker-Main-2/DEBUG] [botania/]: Parsing loonium_config config 'minecraft:ruined_portal_nether'
[04Mar2025 02:55:49.872] [Worker-Main-2/DEBUG] [botania/]: Parsing loonium_config config 'minecraft:shipwreck_beached'
[04Mar2025 02:55:49.873] [Worker-Main-2/DEBUG] [botania/]: Parsing loonium_config config 'minecraft:stronghold'
[04Mar2025 02:55:49.873] [Worker-Main-2/DEBUG] [botania/]: Parsing loonium_config config 'minecraft:ancient_city'
[04Mar2025 02:55:49.873] [Worker-Main-2/DEBUG] [botania/]: Parsing loonium_config config 'minecraft:village_desert'
[04Mar2025 02:55:49.874] [Worker-Main-2/DEBUG] [botania/]: Parsing loonium_config config 'minecraft:ocean_ruin_cold'
[04Mar2025 02:55:49.874] [Worker-Main-2/DEBUG] [botania/]: Parsing loonium_config config 'minecraft:village_snowy'
[04Mar2025 02:55:50.452] [Worker-Main-1/DEBUG] [mixin/]: Mixing MapDecorationTypeMixin from alexscaves.mixins.json into net.minecraft.world.level.saveddata.maps.MapDecoration$Type
[04Mar2025 02:55:50.452] [Worker-Main-1/DEBUG] [mixin/]: Renaming @Invoker method ac_invokeInit(Ljava/lang/String;IZIZ)Lnet/minecraft/world/level/saveddata/maps/MapDecoration$Type; to ac_invokeInit_$md$376fdc$0 in alexscaves.mixins.json:MapDecorationTypeMixin
[04Mar2025 02:55:55.010] [main/WARN] [net.minecraft.world.level.storage.loot.LootDataManager/]: Datapack tried to redefine minecraft:empty loot table, ignoring
[04Mar2025 02:55:55.113] [main/WARN] [net.minecraft.world.level.storage.loot.LootDataManager/]: Found loot table element validation problem in {loot_tables:minecraft:entities/villager}.pools[0].entries[0].functions[1]: Parameters [<parameter minecraft:tool>] are not provided in this context
[04Mar2025 02:55:55.114] [main/INFO] [Cucumber Library/]: Registered 0 recipes in 0 ms
[04Mar2025 02:55:55.120] [main/DEBUG] [mixin/]: Mixing AccessorSmithingTransformRecipe from patchouli_xplat.mixins.json into net.minecraft.world.item.crafting.SmithingTransformRecipe
[04Mar2025 02:55:55.202] [main/ERROR] [net.minecraft.world.item.crafting.RecipeManager/]: Parsing error loading recipe rpgsmw:bk
com.google.gson.JsonSyntaxException: Unknown item 'rpgsmw:deleted_mod_element'
	at net.minecraftforge.common.crafting.CraftingHelper.getItem(CraftingHelper.java:160) ~[forge-1.20.1-47.3.7-universal.jar%23202!/:?]
	at net.minecraftforge.common.crafting.CraftingHelper.getItemStack(CraftingHelper.java:186) ~[forge-1.20.1-47.3.7-universal.jar%23202!/:?]
	at net.minecraft.world.item.crafting.ShapedRecipe.m_151274_(ShapedRecipe.java:286) ~[server-1.20.1-20230612.114412-srg.jar%23197!/:?]
	at net.minecraft.world.item.crafting.ShapedRecipe$Serializer.m_6729_(ShapedRecipe.java:311) ~[server-1.20.1-20230612.114412-srg.jar%23197!/:?]
	at net.minecraft.world.item.crafting.ShapedRecipe$Serializer.m_6729_(ShapedRecipe.java:301) ~[server-1.20.1-20230612.114412-srg.jar%23197!/:?]
	at net.minecraftforge.common.extensions.IForgeRecipeSerializer.fromJson(IForgeRecipeSerializer.java:23) ~[forge-1.20.1-47.3.7-universal.jar%23202!/:?]
	at net.minecraft.world.item.crafting.RecipeManager.fromJson(RecipeManager.java:171) ~[server-1.20.1-20230612.114412-srg.jar%23197!/:?]
	at net.minecraft.world.item.crafting.RecipeManager.m_5787_(RecipeManager.java:67) ~[server-1.20.1-20230612.114412-srg.jar%23197!/:?]
	at net.minecraft.world.item.crafting.RecipeManager.m_5787_(RecipeManager.java:34) ~[server-1.20.1-20230612.114412-srg.jar%23197!/:?]
	at net.minecraft.server.packs.resources.SimplePreparableReloadListener.m_10789_(SimplePreparableReloadListener.java:13) ~[server-1.20.1-20230612.114412-srg.jar%23197!/:?]
	at java.util.concurrent.CompletableFuture$UniAccept.tryFire(CompletableFuture.java:718) ~[?:?]
	at java.util.concurrent.CompletableFuture$Completion.run(CompletableFuture.java:482) ~[?:?]
	at net.minecraft.server.packs.resources.SimpleReloadInstance.m_143940_(SimpleReloadInstance.java:69) ~[server-1.20.1-20230612.114412-srg.jar%23197!/:?]
	at net.minecraft.Util.m_214652_(Util.java:783) ~[server-1.20.1-20230612.114412-srg.jar%23197!/:?]
	at net.minecraft.Util.m_214679_(Util.java:772) ~[server-1.20.1-20230612.114412-srg.jar%23197!/:?]
	at net.minecraft.server.Main.main(Main.java:166) ~[server-1.20.1-20230612.114412-srg.jar%23197!/:?]
	at jdk.internal.reflect.NativeMethodAccessorImpl.invoke0(Native Method) ~[?:?]
	at jdk.internal.reflect.NativeMethodAccessorImpl.invoke(NativeMethodAccessorImpl.java:77) ~[?:?]
	at jdk.internal.reflect.DelegatingMethodAccessorImpl.invoke(DelegatingMethodAccessorImpl.java:43) ~[?:?]
	at java.lang.reflect.Method.invoke(Method.java:569) ~[?:?]
	at net.minecraftforge.fml.loading.targets.CommonLaunchHandler.runTarget(CommonLaunchHandler.java:111) ~[fmlloader-1.20.1-47.3.7.jar%2369!/:?]
	at net.minecraftforge.fml.loading.targets.CommonLaunchHandler.serverService(CommonLaunchHandler.java:103) ~[fmlloader-1.20.1-47.3.7.jar%2369!/:?]
	at net.minecraftforge.fml.loading.targets.CommonServerLaunchHandler.lambda$makeService$0(CommonServerLaunchHandler.java:27) ~[fmlloader-1.20.1-47.3.7.jar%2369!/:?]
	at cpw.mods.modlauncher.LaunchServiceHandlerDecorator.launch(LaunchServiceHandlerDecorator.java:30) ~[modlauncher-10.0.9.jar%2355!/:?]
	at cpw.mods.modlauncher.LaunchServiceHandler.launch(LaunchServiceHandler.java:53) ~[modlauncher-10.0.9.jar%2355!/:?]
	at cpw.mods.modlauncher.LaunchServiceHandler.launch(LaunchServiceHandler.java:71) ~[modlauncher-10.0.9.jar%2355!/:?]
	at cpw.mods.modlauncher.Launcher.run(Launcher.java:108) ~[modlauncher-10.0.9.jar%2355!/:?]
	at cpw.mods.modlauncher.Launcher.main(Launcher.java:78) ~[modlauncher-10.0.9.jar%2355!/:?]
	at cpw.mods.modlauncher.BootstrapLaunchConsumer.accept(BootstrapLaunchConsumer.java:26) ~[modlauncher-10.0.9.jar%2355!/:?]
	at cpw.mods.modlauncher.BootstrapLaunchConsumer.accept(BootstrapLaunchConsumer.java:23) ~[modlauncher-10.0.9.jar%2355!/:?]
	at cpw.mods.bootstraplauncher.BootstrapLauncher.main(BootstrapLauncher.java:141) ~[bootstraplauncher-1.1.2.jar:?]
[04Mar2025 02:55:55.216] [main/DEBUG] [mixin/]: Mixing AccessorSmithingTrimRecipe from patchouli_xplat.mixins.json into net.minecraft.world.item.crafting.SmithingTrimRecipe
[04Mar2025 02:55:55.224] [main/INFO] [net.minecraft.world.item.crafting.RecipeManager/]: Skipping loading recipe twilightforest:jeed/frosted as it's serializer returned null
[04Mar2025 02:55:55.225] [main/ERROR] [net.minecraft.world.item.crafting.RecipeManager/]: Parsing error loading recipe rpgsmw:pb
com.google.gson.JsonSyntaxException: Unknown item 'rpgsmw:deleted_mod_element'
	at net.minecraftforge.common.crafting.CraftingHelper.getItem(CraftingHelper.java:160) ~[forge-1.20.1-47.3.7-universal.jar%23202!/:?]
	at net.minecraftforge.common.crafting.CraftingHelper.getItemStack(CraftingHelper.java:186) ~[forge-1.20.1-47.3.7-universal.jar%23202!/:?]
	at net.minecraft.world.item.crafting.ShapedRecipe.m_151274_(ShapedRecipe.java:286) ~[server-1.20.1-20230612.114412-srg.jar%23197!/:?]
	at net.minecraft.world.item.crafting.ShapedRecipe$Serializer.m_6729_(ShapedRecipe.java:311) ~[server-1.20.1-20230612.114412-srg.jar%23197!/:?]
	at net.minecraft.world.item.crafting.ShapedRecipe$Serializer.m_6729_(ShapedRecipe.java:301) ~[server-1.20.1-20230612.114412-srg.jar%23197!/:?]
	at net.minecraftforge.common.extensions.IForgeRecipeSerializer.fromJson(IForgeRecipeSerializer.java:23) ~[forge-1.20.1-47.3.7-universal.jar%23202!/:?]
	at net.minecraft.world.item.crafting.RecipeManager.fromJson(RecipeManager.java:171) ~[server-1.20.1-20230612.114412-srg.jar%23197!/:?]
	at net.minecraft.world.item.crafting.RecipeManager.m_5787_(RecipeManager.java:67) ~[server-1.20.1-20230612.114412-srg.jar%23197!/:?]
	at net.minecraft.world.item.crafting.RecipeManager.m_5787_(RecipeManager.java:34) ~[server-1.20.1-20230612.114412-srg.jar%23197!/:?]
	at net.minecraft.server.packs.resources.SimplePreparableReloadListener.m_10789_(SimplePreparableReloadListener.java:13) ~[server-1.20.1-20230612.114412-srg.jar%23197!/:?]
	at java.util.concurrent.CompletableFuture$UniAccept.tryFire(CompletableFuture.java:718) ~[?:?]
	at java.util.concurrent.CompletableFuture$Completion.run(CompletableFuture.java:482) ~[?:?]
	at net.minecraft.server.packs.resources.SimpleReloadInstance.m_143940_(SimpleReloadInstance.java:69) ~[server-1.20.1-20230612.114412-srg.jar%23197!/:?]
	at net.minecraft.Util.m_214652_(Util.java:783) ~[server-1.20.1-20230612.114412-srg.jar%23197!/:?]
	at net.minecraft.Util.m_214679_(Util.java:772) ~[server-1.20.1-20230612.114412-srg.jar%23197!/:?]
	at net.minecraft.server.Main.main(Main.java:166) ~[server-1.20.1-20230612.114412-srg.jar%23197!/:?]
	at jdk.internal.reflect.NativeMethodAccessorImpl.invoke0(Native Method) ~[?:?]
	at jdk.internal.reflect.NativeMethodAccessorImpl.invoke(NativeMethodAccessorImpl.java:77) ~[?:?]
	at jdk.internal.reflect.DelegatingMethodAccessorImpl.invoke(DelegatingMethodAccessorImpl.java:43) ~[?:?]
	at java.lang.reflect.Method.invoke(Method.java:569) ~[?:?]
	at net.minecraftforge.fml.loading.targets.CommonLaunchHandler.runTarget(CommonLaunchHandler.java:111) ~[fmlloader-1.20.1-47.3.7.jar%2369!/:?]
	at net.minecraftforge.fml.loading.targets.CommonLaunchHandler.serverService(CommonLaunchHandler.java:103) ~[fmlloader-1.20.1-47.3.7.jar%2369!/:?]
	at net.minecraftforge.fml.loading.targets.CommonServerLaunchHandler.lambda$makeService$0(CommonServerLaunchHandler.java:27) ~[fmlloader-1.20.1-47.3.7.jar%2369!/:?]
	at cpw.mods.modlauncher.LaunchServiceHandlerDecorator.launch(LaunchServiceHandlerDecorator.java:30) ~[modlauncher-10.0.9.jar%2355!/:?]
	at cpw.mods.modlauncher.LaunchServiceHandler.launch(LaunchServiceHandler.java:53) ~[modlauncher-10.0.9.jar%2355!/:?]
	at cpw.mods.modlauncher.LaunchServiceHandler.launch(LaunchServiceHandler.java:71) ~[modlauncher-10.0.9.jar%2355!/:?]
	at cpw.mods.modlauncher.Launcher.run(Launcher.java:108) ~[modlauncher-10.0.9.jar%2355!/:?]
	at cpw.mods.modlauncher.Launcher.main(Launcher.java:78) ~[modlauncher-10.0.9.jar%2355!/:?]
	at cpw.mods.modlauncher.BootstrapLaunchConsumer.accept(BootstrapLaunchConsumer.java:26) ~[modlauncher-10.0.9.jar%2355!/:?]
	at cpw.mods.modlauncher.BootstrapLaunchConsumer.accept(BootstrapLaunchConsumer.java:23) ~[modlauncher-10.0.9.jar%2355!/:?]
	at cpw.mods.bootstraplauncher.BootstrapLauncher.main(BootstrapLauncher.java:141) ~[bootstraplauncher-1.1.2.jar:?]
[04Mar2025 02:55:55.236] [main/INFO] [net.minecraft.world.item.crafting.RecipeManager/]: Skipping loading recipe twilightforest:jeed/hunger as it's serializer returned null
[04Mar2025 02:55:55.310] [main/INFO] [net.minecraft.world.item.crafting.RecipeManager/]: Skipping loading recipe twilightforest:jeed/blindness as it's serializer returned null
[04Mar2025 02:55:55.319] [main/ERROR] [net.minecraft.world.item.crafting.RecipeManager/]: Parsing error loading recipe rpgsmw:b
com.google.gson.JsonSyntaxException: Unknown item 'rpgsmw:deleted_mod_element'
	at net.minecraftforge.common.crafting.CraftingHelper.getItem(CraftingHelper.java:160) ~[forge-1.20.1-47.3.7-universal.jar%23202!/:?]
	at net.minecraftforge.common.crafting.CraftingHelper.getItemStack(CraftingHelper.java:186) ~[forge-1.20.1-47.3.7-universal.jar%23202!/:?]
	at net.minecraft.world.item.crafting.ShapedRecipe.m_151274_(ShapedRecipe.java:286) ~[server-1.20.1-20230612.114412-srg.jar%23197!/:?]
	at net.minecraft.world.item.crafting.ShapelessRecipe$Serializer.m_6729_(ShapelessRecipe.java:95) ~[server-1.20.1-20230612.114412-srg.jar%23197!/:?]
	at net.minecraft.world.item.crafting.ShapelessRecipe$Serializer.m_6729_(ShapelessRecipe.java:84) ~[server-1.20.1-20230612.114412-srg.jar%23197!/:?]
	at net.minecraftforge.common.extensions.IForgeRecipeSerializer.fromJson(IForgeRecipeSerializer.java:23) ~[forge-1.20.1-47.3.7-universal.jar%23202!/:?]
	at net.minecraft.world.item.crafting.RecipeManager.fromJson(RecipeManager.java:171) ~[server-1.20.1-20230612.114412-srg.jar%23197!/:?]
	at net.minecraft.world.item.crafting.RecipeManager.m_5787_(RecipeManager.java:67) ~[server-1.20.1-20230612.114412-srg.jar%23197!/:?]
	at net.minecraft.world.item.crafting.RecipeManager.m_5787_(RecipeManager.java:34) ~[server-1.20.1-20230612.114412-srg.jar%23197!/:?]
	at net.minecraft.server.packs.resources.SimplePreparableReloadListener.m_10789_(SimplePreparableReloadListener.java:13) ~[server-1.20.1-20230612.114412-srg.jar%23197!/:?]
	at java.util.concurrent.CompletableFuture$UniAccept.tryFire(CompletableFuture.java:718) ~[?:?]
	at java.util.concurrent.CompletableFuture$Completion.run(CompletableFuture.java:482) ~[?:?]
	at net.minecraft.server.packs.resources.SimpleReloadInstance.m_143940_(SimpleReloadInstance.java:69) ~[server-1.20.1-20230612.114412-srg.jar%23197!/:?]
	at net.minecraft.Util.m_214652_(Util.java:783) ~[server-1.20.1-20230612.114412-srg.jar%23197!/:?]
	at net.minecraft.Util.m_214679_(Util.java:772) ~[server-1.20.1-20230612.114412-srg.jar%23197!/:?]
	at net.minecraft.server.Main.main(Main.java:166) ~[server-1.20.1-20230612.114412-srg.jar%23197!/:?]
	at jdk.internal.reflect.NativeMethodAccessorImpl.invoke0(Native Method) ~[?:?]
	at jdk.internal.reflect.NativeMethodAccessorImpl.invoke(NativeMethodAccessorImpl.java:77) ~[?:?]
	at jdk.internal.reflect.DelegatingMethodAccessorImpl.invoke(DelegatingMethodAccessorImpl.java:43) ~[?:?]
	at java.lang.reflect.Method.invoke(Method.java:569) ~[?:?]
	at net.minecraftforge.fml.loading.targets.CommonLaunchHandler.runTarget(CommonLaunchHandler.java:111) ~[fmlloader-1.20.1-47.3.7.jar%2369!/:?]
	at net.minecraftforge.fml.loading.targets.CommonLaunchHandler.serverService(CommonLaunchHandler.java:103) ~[fmlloader-1.20.1-47.3.7.jar%2369!/:?]
	at net.minecraftforge.fml.loading.targets.CommonServerLaunchHandler.lambda$makeService$0(CommonServerLaunchHandler.java:27) ~[fmlloader-1.20.1-47.3.7.jar%2369!/:?]
	at cpw.mods.modlauncher.LaunchServiceHandlerDecorator.launch(LaunchServiceHandlerDecorator.java:30) ~[modlauncher-10.0.9.jar%2355!/:?]
	at cpw.mods.modlauncher.LaunchServiceHandler.launch(LaunchServiceHandler.java:53) ~[modlauncher-10.0.9.jar%2355!/:?]
	at cpw.mods.modlauncher.LaunchServiceHandler.launch(LaunchServiceHandler.java:71) ~[modlauncher-10.0.9.jar%2355!/:?]
	at cpw.mods.modlauncher.Launcher.run(Launcher.java:108) ~[modlauncher-10.0.9.jar%2355!/:?]
	at cpw.mods.modlauncher.Launcher.main(Launcher.java:78) ~[modlauncher-10.0.9.jar%2355!/:?]
	at cpw.mods.modlauncher.BootstrapLaunchConsumer.accept(BootstrapLaunchConsumer.java:26) ~[modlauncher-10.0.9.jar%2355!/:?]
	at cpw.mods.modlauncher.BootstrapLaunchConsumer.accept(BootstrapLaunchConsumer.java:23) ~[modlauncher-10.0.9.jar%2355!/:?]
	at cpw.mods.bootstraplauncher.BootstrapLauncher.main(BootstrapLauncher.java:141) ~[bootstraplauncher-1.1.2.jar:?]
[04Mar2025 02:55:55.329] [main/INFO] [net.minecraft.world.item.crafting.RecipeManager/]: Skipping loading recipe twilightforest:jeed/poison as it's serializer returned null
[04Mar2025 02:55:55.353] [main/ERROR] [net.minecraft.world.item.crafting.RecipeManager/]: Parsing error loading recipe rpgsmw:nca
com.google.gson.JsonSyntaxException: Unknown item 'rpgsmw:deleted_mod_element'
	at net.minecraftforge.common.crafting.CraftingHelper.getItem(CraftingHelper.java:160) ~[forge-1.20.1-47.3.7-universal.jar%23202!/:?]
	at net.minecraftforge.common.crafting.CraftingHelper.getItemStack(CraftingHelper.java:186) ~[forge-1.20.1-47.3.7-universal.jar%23202!/:?]
	at net.minecraft.world.item.crafting.ShapedRecipe.m_151274_(ShapedRecipe.java:286) ~[server-1.20.1-20230612.114412-srg.jar%23197!/:?]
	at net.minecraft.world.item.crafting.ShapedRecipe$Serializer.m_6729_(ShapedRecipe.java:311) ~[server-1.20.1-20230612.114412-srg.jar%23197!/:?]
	at net.minecraft.world.item.crafting.ShapedRecipe$Serializer.m_6729_(ShapedRecipe.java:301) ~[server-1.20.1-20230612.114412-srg.jar%23197!/:?]
	at net.minecraftforge.common.extensions.IForgeRecipeSerializer.fromJson(IForgeRecipeSerializer.java:23) ~[forge-1.20.1-47.3.7-universal.jar%23202!/:?]
	at net.minecraft.world.item.crafting.RecipeManager.fromJson(RecipeManager.java:171) ~[server-1.20.1-20230612.114412-srg.jar%23197!/:?]
	at net.minecraft.world.item.crafting.RecipeManager.m_5787_(RecipeManager.java:67) ~[server-1.20.1-20230612.114412-srg.jar%23197!/:?]
	at net.minecraft.world.item.crafting.RecipeManager.m_5787_(RecipeManager.java:34) ~[server-1.20.1-20230612.114412-srg.jar%23197!/:?]
	at net.minecraft.server.packs.resources.SimplePreparableReloadListener.m_10789_(SimplePreparableReloadListener.java:13) ~[server-1.20.1-20230612.114412-srg.jar%23197!/:?]
	at java.util.concurrent.CompletableFuture$UniAccept.tryFire(CompletableFuture.java:718) ~[?:?]
	at java.util.concurrent.CompletableFuture$Completion.run(CompletableFuture.java:482) ~[?:?]
	at net.minecraft.server.packs.resources.SimpleReloadInstance.m_143940_(SimpleReloadInstance.java:69) ~[server-1.20.1-20230612.114412-srg.jar%23197!/:?]
	at net.minecraft.Util.m_214652_(Util.java:783) ~[server-1.20.1-20230612.114412-srg.jar%23197!/:?]
	at net.minecraft.Util.m_214679_(Util.java:772) ~[server-1.20.1-20230612.114412-srg.jar%23197!/:?]
	at net.minecraft.server.Main.main(Main.java:166) ~[server-1.20.1-20230612.114412-srg.jar%23197!/:?]
	at jdk.internal.reflect.NativeMethodAccessorImpl.invoke0(Native Method) ~[?:?]
	at jdk.internal.reflect.NativeMethodAccessorImpl.invoke(NativeMethodAccessorImpl.java:77) ~[?:?]
	at jdk.internal.reflect.DelegatingMethodAccessorImpl.invoke(DelegatingMethodAccessorImpl.java:43) ~[?:?]
	at java.lang.reflect.Method.invoke(Method.java:569) ~[?:?]
	at net.minecraftforge.fml.loading.targets.CommonLaunchHandler.runTarget(CommonLaunchHandler.java:111) ~[fmlloader-1.20.1-47.3.7.jar%2369!/:?]
	at net.minecraftforge.fml.loading.targets.CommonLaunchHandler.serverService(CommonLaunchHandler.java:103) ~[fmlloader-1.20.1-47.3.7.jar%2369!/:?]
	at net.minecraftforge.fml.loading.targets.CommonServerLaunchHandler.lambda$makeService$0(CommonServerLaunchHandler.java:27) ~[fmlloader-1.20.1-47.3.7.jar%2369!/:?]
	at cpw.mods.modlauncher.LaunchServiceHandlerDecorator.launch(LaunchServiceHandlerDecorator.java:30) ~[modlauncher-10.0.9.jar%2355!/:?]
	at cpw.mods.modlauncher.LaunchServiceHandler.launch(LaunchServiceHandler.java:53) ~[modlauncher-10.0.9.jar%2355!/:?]
	at cpw.mods.modlauncher.LaunchServiceHandler.launch(LaunchServiceHandler.java:71) ~[modlauncher-10.0.9.jar%2355!/:?]
	at cpw.mods.modlauncher.Launcher.run(Launcher.java:108) ~[modlauncher-10.0.9.jar%2355!/:?]
	at cpw.mods.modlauncher.Launcher.main(Launcher.java:78) ~[modlauncher-10.0.9.jar%2355!/:?]
	at cpw.mods.modlauncher.BootstrapLaunchConsumer.accept(BootstrapLaunchConsumer.java:26) ~[modlauncher-10.0.9.jar%2355!/:?]
	at cpw.mods.modlauncher.BootstrapLaunchConsumer.accept(BootstrapLaunchConsumer.java:23) ~[modlauncher-10.0.9.jar%2355!/:?]
	at cpw.mods.bootstraplauncher.BootstrapLauncher.main(BootstrapLauncher.java:141) ~[bootstraplauncher-1.1.2.jar:?]
[04Mar2025 02:55:55.355] [main/ERROR] [net.minecraft.world.item.crafting.RecipeManager/]: Parsing error loading recipe rpgsmw:ncc
com.google.gson.JsonSyntaxException: Unknown item 'rpgsmw:deleted_mod_element'
	at net.minecraftforge.common.crafting.CraftingHelper.getItem(CraftingHelper.java:160) ~[forge-1.20.1-47.3.7-universal.jar%23202!/:?]
	at net.minecraftforge.common.crafting.CraftingHelper.getItemStack(CraftingHelper.java:186) ~[forge-1.20.1-47.3.7-universal.jar%23202!/:?]
	at net.minecraft.world.item.crafting.ShapedRecipe.m_151274_(ShapedRecipe.java:286) ~[server-1.20.1-20230612.114412-srg.jar%23197!/:?]
	at net.minecraft.world.item.crafting.ShapedRecipe$Serializer.m_6729_(ShapedRecipe.java:311) ~[server-1.20.1-20230612.114412-srg.jar%23197!/:?]
	at net.minecraft.world.item.crafting.ShapedRecipe$Serializer.m_6729_(ShapedRecipe.java:301) ~[server-1.20.1-20230612.114412-srg.jar%23197!/:?]
	at net.minecraftforge.common.extensions.IForgeRecipeSerializer.fromJson(IForgeRecipeSerializer.java:23) ~[forge-1.20.1-47.3.7-universal.jar%23202!/:?]
	at net.minecraft.world.item.crafting.RecipeManager.fromJson(RecipeManager.java:171) ~[server-1.20.1-20230612.114412-srg.jar%23197!/:?]
	at net.minecraft.world.item.crafting.RecipeManager.m_5787_(RecipeManager.java:67) ~[server-1.20.1-20230612.114412-srg.jar%23197!/:?]
	at net.minecraft.world.item.crafting.RecipeManager.m_5787_(RecipeManager.java:34) ~[server-1.20.1-20230612.114412-srg.jar%23197!/:?]
	at net.minecraft.server.packs.resources.SimplePreparableReloadListener.m_10789_(SimplePreparableReloadListener.java:13) ~[server-1.20.1-20230612.114412-srg.jar%23197!/:?]
	at java.util.concurrent.CompletableFuture$UniAccept.tryFire(CompletableFuture.java:718) ~[?:?]
	at java.util.concurrent.CompletableFuture$Completion.run(CompletableFuture.java:482) ~[?:?]
	at net.minecraft.server.packs.resources.SimpleReloadInstance.m_143940_(SimpleReloadInstance.java:69) ~[server-1.20.1-20230612.114412-srg.jar%23197!/:?]
	at net.minecraft.Util.m_214652_(Util.java:783) ~[server-1.20.1-20230612.114412-srg.jar%23197!/:?]
	at net.minecraft.Util.m_214679_(Util.java:772) ~[server-1.20.1-20230612.114412-srg.jar%23197!/:?]
	at net.minecraft.server.Main.main(Main.java:166) ~[server-1.20.1-20230612.114412-srg.jar%23197!/:?]
	at jdk.internal.reflect.NativeMethodAccessorImpl.invoke0(Native Method) ~[?:?]
	at jdk.internal.reflect.NativeMethodAccessorImpl.invoke(NativeMethodAccessorImpl.java:77) ~[?:?]
	at jdk.internal.reflect.DelegatingMethodAccessorImpl.invoke(DelegatingMethodAccessorImpl.java:43) ~[?:?]
	at java.lang.reflect.Method.invoke(Method.java:569) ~[?:?]
	at net.minecraftforge.fml.loading.targets.CommonLaunchHandler.runTarget(CommonLaunchHandler.java:111) ~[fmlloader-1.20.1-47.3.7.jar%2369!/:?]
	at net.minecraftforge.fml.loading.targets.CommonLaunchHandler.serverService(CommonLaunchHandler.java:103) ~[fmlloader-1.20.1-47.3.7.jar%2369!/:?]
	at net.minecraftforge.fml.loading.targets.CommonServerLaunchHandler.lambda$makeService$0(CommonServerLaunchHandler.java:27) ~[fmlloader-1.20.1-47.3.7.jar%2369!/:?]
	at cpw.mods.modlauncher.LaunchServiceHandlerDecorator.launch(LaunchServiceHandlerDecorator.java:30) ~[modlauncher-10.0.9.jar%2355!/:?]
	at cpw.mods.modlauncher.LaunchServiceHandler.launch(LaunchServiceHandler.java:53) ~[modlauncher-10.0.9.jar%2355!/:?]
	at cpw.mods.modlauncher.LaunchServiceHandler.launch(LaunchServiceHandler.java:71) ~[modlauncher-10.0.9.jar%2355!/:?]
	at cpw.mods.modlauncher.Launcher.run(Launcher.java:108) ~[modlauncher-10.0.9.jar%2355!/:?]
	at cpw.mods.modlauncher.Launcher.main(Launcher.java:78) ~[modlauncher-10.0.9.jar%2355!/:?]
	at cpw.mods.modlauncher.BootstrapLaunchConsumer.accept(BootstrapLaunchConsumer.java:26) ~[modlauncher-10.0.9.jar%2355!/:?]
	at cpw.mods.modlauncher.BootstrapLaunchConsumer.accept(BootstrapLaunchConsumer.java:23) ~[modlauncher-10.0.9.jar%2355!/:?]
	at cpw.mods.bootstraplauncher.BootstrapLauncher.main(BootstrapLauncher.java:141) ~[bootstraplauncher-1.1.2.jar:?]
[04Mar2025 02:55:55.378] [main/INFO] [net.minecraft.world.item.crafting.RecipeManager/]: Skipping loading recipe twilightforest:jeed/resistance as it's serializer returned null
[04Mar2025 02:55:55.420] [main/INFO] [net.minecraft.world.item.crafting.RecipeManager/]: Skipping loading recipe twilightforest:jeed/regeneration as it's serializer returned null
[04Mar2025 02:55:55.422] [main/INFO] [net.minecraft.world.item.crafting.RecipeManager/]: Skipping loading recipe twilightforest:jeed/slowness as it's serializer returned null
[04Mar2025 02:55:55.429] [main/INFO] [net.minecraft.world.item.crafting.RecipeManager/]: Skipping loading recipe twilightforest:jeed/fire_resistance as it's serializer returned null
[04Mar2025 02:55:55.432] [main/INFO] [net.minecraft.world.item.crafting.RecipeManager/]: Loaded 40 recipes
[04Mar2025 02:55:55.716] [main/ERROR] [net.minecraft.advancements.AdvancementList/]: Couldn't load advancement terramity:ocarina_advancement: Task Advancement{parentId=terramity:prismatic_jewel_advancement, display=net.minecraft.advancements.DisplayInfo@6e6e30b, rewards=AdvancementRewards{experience=60, loot=[], recipes=[], function=net.minecraft.commands.CommandFunction$CacheableFunction@244a838a}, criteria={ocarina_advancement_0=net.minecraft.advancements.Criterion@2eeb5b29}, requirements=[[ocarina_advancement_0]], sends_telemetry_event=false}
[04Mar2025 02:55:55.717] [main/ERROR] [net.minecraft.advancements.AdvancementList/]: Couldn't load advancement terramity:fairy_advancement: Task Advancement{parentId=terramity:deleted_mod_element, display=net.minecraft.advancements.DisplayInfo@50c94f78, rewards=AdvancementRewards{experience=0, loot=[], recipes=[], function=net.minecraft.commands.CommandFunction$CacheableFunction@244a838a}, criteria={fairy_advancement_0=net.minecraft.advancements.Criterion@248f645b}, requirements=[[fairy_advancement_0]], sends_telemetry_event=false}
[04Mar2025 02:55:55.717] [main/ERROR] [net.minecraft.advancements.AdvancementList/]: Couldn't load advancement terramity:frenzied_flame_advancement: Task Advancement{parentId=terramity:prismatic_jewel_advancement, display=net.minecraft.advancements.DisplayInfo@5e3fe08b, rewards=AdvancementRewards{experience=100, loot=[], recipes=[], function=net.minecraft.commands.CommandFunction$CacheableFunction@244a838a}, criteria={frenzied_flame_advancement_0=net.minecraft.advancements.Criterion@1cdeaab}, requirements=[[frenzied_flame_advancement_0]], sends_telemetry_event=false}
[04Mar2025 02:55:55.717] [main/ERROR] [net.minecraft.advancements.AdvancementList/]: Couldn't load advancement terramity:microcosm_advancement: Task Advancement{parentId=terramity:prismatic_jewel_advancement, display=net.minecraft.advancements.DisplayInfo@7b56cfc2, rewards=AdvancementRewards{experience=20, loot=[], recipes=[], function=net.minecraft.commands.CommandFunction$CacheableFunction@244a838a}, criteria={microcosm_advancement_0=net.minecraft.advancements.Criterion@1520fab1}, requirements=[[microcosm_advancement_0]], sends_telemetry_event=false}
[04Mar2025 02:55:55.717] [main/ERROR] [net.minecraft.advancements.AdvancementList/]: Couldn't load advancement terramity:opaline_moonstone_advancement: Task Advancement{parentId=terramity:prismatic_jewel_advancement, display=net.minecraft.advancements.DisplayInfo@32275902, rewards=AdvancementRewards{experience=20, loot=[], recipes=[], function=net.minecraft.commands.CommandFunction$CacheableFunction@244a838a}, criteria={opaline_moonstone_advancement_0=net.minecraft.advancements.Criterion@20c0d885}, requirements=[[opaline_moonstone_advancement_0]], sends_telemetry_event=false}
[04Mar2025 02:55:55.717] [main/ERROR] [net.minecraft.advancements.AdvancementList/]: Couldn't load advancement terramity:prismatic_jewel_advancement: Task Advancement{parentId=terramity:fairy_advancement, display=net.minecraft.advancements.DisplayInfo@5b6bc652, rewards=AdvancementRewards{experience=0, loot=[], recipes=[], function=net.minecraft.commands.CommandFunction$CacheableFunction@244a838a}, criteria={prismatic_jewel_advancement_0=net.minecraft.advancements.Criterion@7d49294a}, requirements=[[prismatic_jewel_advancement_0]], sends_telemetry_event=false}
[04Mar2025 02:55:55.718] [main/ERROR] [net.minecraft.advancements.AdvancementList/]: Couldn't load advancement terramity:angel_feather_advancement: Task Advancement{parentId=terramity:prismatic_jewel_advancement, display=net.minecraft.advancements.DisplayInfo@28fc8dba, rewards=AdvancementRewards{experience=20, loot=[], recipes=[], function=net.minecraft.commands.CommandFunction$CacheableFunction@244a838a}, criteria={angel_feather_advancement_0=net.minecraft.advancements.Criterion@1c4bf296}, requirements=[[angel_feather_advancement_0]], sends_telemetry_event=false}
[04Mar2025 02:55:55.718] [main/INFO] [net.minecraft.advancements.AdvancementList/]: Loaded 4353 advancements
[04Mar2025 02:55:55.774] [main/INFO] [twilightforest/]: Loaded 9 Stalactite configs!
[04Mar2025 02:55:55.790] [main/INFO] [top.theillusivec4.curios.Curios/]: Loaded 13 curio slots
[04Mar2025 02:55:55.799] [main/ERROR] [top.theillusivec4.curios.Curios/]: talisman is not a registered slot type!
[04Mar2025 02:55:55.802] [main/INFO] [top.theillusivec4.curios.Curios/]: Loaded 10 curio entities
[04Mar2025 02:55:55.837] [main/DEBUG] [moe.plushie.armourers_workshop.ArmourersWorkshop/]: Registering Entity Profile 'armourers_workshop:builtin/boat'
[04Mar2025 02:55:55.837] [main/DEBUG] [moe.plushie.armourers_workshop.ArmourersWorkshop/]: Registering Entity Profile 'armourers_workshop:builtin/conductor'
[04Mar2025 02:55:55.837] [main/DEBUG] [moe.plushie.armourers_workshop.ArmourersWorkshop/]: Registering Entity Profile 'armourers_workshop:builtin/fallback'
[04Mar2025 02:55:55.837] [main/DEBUG] [moe.plushie.armourers_workshop.ArmourersWorkshop/]: Registering Entity Profile 'armourers_workshop:builtin/head'
[04Mar2025 02:55:55.837] [main/DEBUG] [moe.plushie.armourers_workshop.ArmourersWorkshop/]: Registering Entity Profile 'armourers_workshop:builtin/horse'
[04Mar2025 02:55:55.837] [main/DEBUG] [moe.plushie.armourers_workshop.ArmourersWorkshop/]: Registering Entity Profile 'armourers_workshop:builtin/mannequin'
[04Mar2025 02:55:55.837] [main/DEBUG] [moe.plushie.armourers_workshop.ArmourersWorkshop/]: Registering Entity Profile 'armourers_workshop:builtin/minecart'
[04Mar2025 02:55:55.837] [main/DEBUG] [moe.plushie.armourers_workshop.ArmourersWorkshop/]: Registering Entity Profile 'armourers_workshop:builtin/minecolonies'
[04Mar2025 02:55:55.837] [main/DEBUG] [moe.plushie.armourers_workshop.ArmourersWorkshop/]: Registering Entity Profile 'armourers_workshop:builtin/mob'
[04Mar2025 02:55:55.838] [main/DEBUG] [moe.plushie.armourers_workshop.ArmourersWorkshop/]: Registering Entity Profile 'armourers_workshop:builtin/npc'
[04Mar2025 02:55:55.838] [main/DEBUG] [moe.plushie.armourers_workshop.ArmourersWorkshop/]: Registering Entity Profile 'armourers_workshop:builtin/player'
[04Mar2025 02:55:55.838] [main/DEBUG] [moe.plushie.armourers_workshop.ArmourersWorkshop/]: Registering Entity Profile 'armourers_workshop:builtin/projecting'
[04Mar2025 02:55:55.838] [main/DEBUG] [moe.plushie.armourers_workshop.ArmourersWorkshop/]: Registering Entity Profile 'armourers_workshop:builtin/vampirism'
[04Mar2025 02:55:55.838] [main/DEBUG] [moe.plushie.armourers_workshop.ArmourersWorkshop/]: Registering Entity Profile 'armourers_workshop:builtin/villager'
[04Mar2025 02:55:55.840] [main/INFO] [minecolonies/]: Beginning load of custom recipes for colony workers
[04Mar2025 02:55:55.849] [main/INFO] [minecolonies/]: Loaded 159 recipes for 16 crafters
[04Mar2025 02:55:55.849] [main/INFO] [minecolonies/]: Beginning load of research for University.
[04Mar2025 02:55:55.852] [main/DEBUG] [minecolonies/]: Parsed research recipe from minecolonies:civilian/scholarly [minecolonies:civilian/minecolonies:civilian/scholarly]
[04Mar2025 02:55:55.853] [main/DEBUG] [minecolonies/]: translation{key='com.minecolonies.research.civilian.scholarly.name', args=[]} at 4/minecolonies:civilian/studious
[04Mar2025 02:55:55.853] [main/DEBUG] [minecolonies/]: Requirement: translation{key='com.minecolonies.coremod.research.requirement.building.level', args=[translation{key='com.minecolonies.building.library', args=[]}, 4]}
[04Mar2025 02:55:55.853] [main/DEBUG] [minecolonies/]: Cost: com.minecolonies.core.research.costs.SimpleItemCost@1cdb4ebb
[04Mar2025 02:55:55.853] [main/DEBUG] [minecolonies/]: Effect: minecolonies:effects/levelingmultiplier translation{key='com.minecolonies.research.effects.levelingmultiplier.description', args=[0.14999999850988388, 0.25, 15, 25]}
[04Mar2025 02:55:55.853] [main/DEBUG] [minecolonies/]: Parsed research recipe from minecolonies:technology/pavetheroad [minecolonies:technology/minecolonies:technology/pavetheroad]
[04Mar2025 02:55:55.853] [main/DEBUG] [minecolonies/]: translation{key='com.minecolonies.research.technology.pavetheroad.name', args=[]} at 3/minecolonies:technology/rockingroll
[04Mar2025 02:55:55.853] [main/DEBUG] [minecolonies/]: Requirement: translation{key='com.minecolonies.coremod.research.requirement.building.level', args=[translation{key='com.minecolonies.building.crusher', args=[]}, 1]}
[04Mar2025 02:55:55.853] [main/DEBUG] [minecolonies/]: Cost: com.minecolonies.core.research.costs.TagItemCost@c5ae9489
[04Mar2025 02:55:55.853] [main/DEBUG] [minecolonies/]: Effect: minecolonies:effects/blockhutconcretemixer translation{key='com.minecolonies.research.effects.blockhutconcretemixer.description', args=[5.0, 5.0, 500, 500]}
[04Mar2025 02:55:55.853] [main/DEBUG] [minecolonies/]: Parsed research recipe from minecolonies:combat/avoid [minecolonies:combat/minecolonies:combat/avoid]
[04Mar2025 02:55:55.853] [main/DEBUG] [minecolonies/]: translation{key='com.minecolonies.research.combat.avoid.name', args=[]} at 3/minecolonies:combat/regeneration
[04Mar2025 02:55:55.854] [main/DEBUG] [minecolonies/]: Requirement: translation{key='com.minecolonies.coremod.research.requirement.building.level', args=[translation{key='com.minecolonies.building.guardtower', args=[]}, 4]}
[04Mar2025 02:55:55.854] [main/DEBUG] [minecolonies/]: Cost: com.minecolonies.core.research.costs.SimpleItemCost@33a8f4df
[04Mar2025 02:55:55.854] [main/DEBUG] [minecolonies/]: Effect: minecolonies:effects/fleeingspeedaddition translation{key='com.minecolonies.research.effects.fleeingspeedaddition.description', args=[1.0, 1.0, 100, 100]}
[04Mar2025 02:55:55.854] [main/DEBUG] [minecolonies/]: Parsed research recipe from minecolonies:technology/buildermodes [minecolonies:technology/minecolonies:technology/buildermodes]
[04Mar2025 02:55:55.854] [main/DEBUG] [minecolonies/]: translation{key='com.minecolonies.research.technology.buildermodes.name', args=[]} at 3/minecolonies:technology/memoryaid
[04Mar2025 02:55:55.854] [main/DEBUG] [minecolonies/]: Requirement: translation{key='com.minecolonies.coremod.research.requirement.building.level', args=[translation{key='com.minecolonies.building.builder', args=[]}, 3]}
[04Mar2025 02:55:55.854] [main/DEBUG] [minecolonies/]: Cost: com.minecolonies.core.research.costs.SimpleItemCost@69aa2afa
[04Mar2025 02:55:55.854] [main/DEBUG] [minecolonies/]: Effect: minecolonies:effects/buildermodeunlock translation{key='com.minecolonies.research.effects.buildermodeunlock.description', args=[1.0, 1.0, 100, 100]}
[04Mar2025 02:55:55.854] [main/DEBUG] [minecolonies/]: Parsed research recipe from minecolonies:civilian/spectacle [minecolonies:civilian/minecolonies:civilian/spectacle]
[04Mar2025 02:55:55.854] [main/DEBUG] [minecolonies/]: translation{key='com.minecolonies.research.civilian.spectacle.name', args=[]} at 4/minecolonies:civilian/festival
[04Mar2025 02:55:55.854] [main/DEBUG] [minecolonies/]: Requirement: translation{key='com.minecolonies.coremod.research.requirement.building.level', args=[translation{key='com.minecolonies.building.cook', args=[]}, 4]}
[04Mar2025 02:55:55.854] [main/DEBUG] [minecolonies/]: Cost: com.minecolonies.core.research.costs.SimpleItemCost@5aa218bd
[04Mar2025 02:55:55.854] [main/DEBUG] [minecolonies/]: Effect: minecolonies:effects/happinessmultiplier translation{key='com.minecolonies.research.effects.happinessmultiplier.description', args=[0.05000000447034836, 0.15000000596046448, 5, 15]}
[04Mar2025 02:55:55.854] [main/DEBUG] [minecolonies/]: Parsed research recipe from minecolonies:combat/squiretraining [minecolonies:combat/minecolonies:combat/squiretraining]
[04Mar2025 02:55:55.854] [main/DEBUG] [minecolonies/]: translation{key='com.minecolonies.research.combat.squiretraining.name', args=[]} at 3/minecolonies:combat/improvedswords
[04Mar2025 02:55:55.854] [main/DEBUG] [minecolonies/]: Requirement: translation{key='com.minecolonies.coremod.research.requirement.building.level', args=[translation{key='com.minecolonies.building.combatacademy', args=[]}, 3]}
[04Mar2025 02:55:55.854] [main/DEBUG] [minecolonies/]: Cost: com.minecolonies.core.research.costs.SimpleItemCost@35a6f3ec
[04Mar2025 02:55:55.854] [main/DEBUG] [minecolonies/]: Effect: minecolonies:effects/blockattacksmultiplier translation{key='com.minecolonies.research.effects.blockattacksmultiplier.description', args=[0.05000000074505806, 0.05000000074505806, 5, 5]}
[04Mar2025 02:55:55.854] [main/DEBUG] [minecolonies/]: Parsed research recipe from minecolonies:technology/warehousemaster [minecolonies:technology/minecolonies:technology/warehousemaster]
[04Mar2025 02:55:55.855] [main/DEBUG] [minecolonies/]: translation{key='com.minecolonies.research.technology.warehousemaster.name', args=[]} at 3/minecolonies:technology/memoryaid
[04Mar2025 02:55:55.855] [main/DEBUG] [minecolonies/]: Requirement: translation{key='com.minecolonies.coremod.research.requirement.building.level', args=[translation{key='com.minecolonies.building.sawmill', args=[]}, 3]}
[04Mar2025 02:55:55.855] [main/DEBUG] [minecolonies/]: Cost: com.minecolonies.core.research.costs.SimpleItemCost@79e3252a
[04Mar2025 02:55:55.855] [main/DEBUG] [minecolonies/]: Effect: minecolonies:effects/recipemodeunlock translation{key='com.minecolonies.research.effects.recipemodeunlock.description', args=[1.0, 1.0, 100, 100]}
[04Mar2025 02:55:55.855] [main/DEBUG] [minecolonies/]: Parsed research recipe from minecolonies:civilian/diligent [minecolonies:civilian/minecolonies:civilian/diligent]
[04Mar2025 02:55:55.855] [main/DEBUG] [minecolonies/]: translation{key='com.minecolonies.research.civilian.diligent.name', args=[]} at 2/minecolonies:civilian/keen
[04Mar2025 02:55:55.855] [main/DEBUG] [minecolonies/]: Requirement: translation{key='com.minecolonies.coremod.research.requirement.building.level', args=[translation{key='com.minecolonies.building.library', args=[]}, 2]}
[04Mar2025 02:55:55.855] [main/DEBUG] [minecolonies/]: Cost: com.minecolonies.core.research.costs.SimpleItemCost@1cdb4c8d
[04Mar2025 02:55:55.855] [main/DEBUG] [minecolonies/]: Effect: minecolonies:effects/levelingmultiplier translation{key='com.minecolonies.research.effects.levelingmultiplier.description', args=[0.05000000074505806, 0.05000000074505806, 5, 5]}
[04Mar2025 02:55:55.855] [main/DEBUG] [minecolonies/]: Parsed research recipe from minecolonies:combat/avoidance [minecolonies:combat/minecolonies:combat/avoidance]
[04Mar2025 02:55:55.855] [main/DEBUG] [minecolonies/]: translation{key='com.minecolonies.research.combat.avoidance.name', args=[]} at 1/minecraft:
[04Mar2025 02:55:55.855] [main/DEBUG] [minecolonies/]: Requirement: translation{key='com.minecolonies.coremod.research.requirement.building.level', args=[translation{key='com.minecolonies.building.guardtower', args=[]}, 3]}
[04Mar2025 02:55:55.855] [main/DEBUG] [minecolonies/]: Cost: com.minecolonies.core.research.costs.SimpleItemCost@45b22224
[04Mar2025 02:55:55.855] [main/DEBUG] [minecolonies/]: Effect: minecolonies:effects/shieldusageunlock translation{key='com.minecolonies.research.effects.shieldusageunlock.description', args=[1.0, 1.0, 100, 100]}
[04Mar2025 02:55:55.855] [main/DEBUG] [minecolonies/]: Parsed research recipe from minecolonies:technology/softshoes [minecolonies:technology/minecolonies:technology/softshoes]
[04Mar2025 02:55:55.855] [main/DEBUG] [minecolonies/]: translation{key='com.minecolonies.research.technology.softshoes.name', args=[]} at 1/minecraft:
[04Mar2025 02:55:55.855] [main/DEBUG] [minecolonies/]: Cost: com.minecolonies.core.research.costs.SimpleItemCost@37ccefae
[04Mar2025 02:55:55.855] [main/DEBUG] [minecolonies/]: Cost: com.minecolonies.core.research.costs.SimpleItemCost@2c673fdc
[04Mar2025 02:55:55.856] [main/DEBUG] [minecolonies/]: Effect: minecolonies:effects/softshoesunlock translation{key='com.minecolonies.research.effects.softshoesunlock.description', args=[1.0, 1.0, 100, 100]}
[04Mar2025 02:55:55.856] [main/DEBUG] [minecolonies/]: Parsed research recipe from minecolonies:technology/veinminer [minecolonies:technology/minecolonies:technology/veinminer]
[04Mar2025 02:55:55.856] [main/DEBUG] [minecolonies/]: translation{key='com.minecolonies.research.technology.veinminer.name', args=[]} at 2/minecolonies:technology/hittingiron
[04Mar2025 02:55:55.856] [main/DEBUG] [minecolonies/]: Requirement: translation{key='com.minecolonies.coremod.research.requirement.building.level', args=[translation{key='com.minecolonies.building.miner', args=[]}, 1]}
[04Mar2025 02:55:55.856] [main/DEBUG] [minecolonies/]: Cost: com.minecolonies.core.research.costs.TagItemCost@2940b7ea
[04Mar2025 02:55:55.856] [main/DEBUG] [minecolonies/]: Effect: minecolonies:effects/moreoresmultiplier translation{key='com.minecolonies.research.effects.moreoresmultiplier.description', args=[0.10000000149011612, 0.10000000149011612, 10, 10]}
[04Mar2025 02:55:55.856] [main/DEBUG] [minecolonies/]: Parsed research recipe from minecolonies:civilian/agile [minecolonies:civilian/minecolonies:civilian/agile]
[04Mar2025 02:55:55.856] [main/DEBUG] [minecolonies/]: translation{key='com.minecolonies.research.civilian.agile.name', args=[]} at 4/minecolonies:civilian/nimble
[04Mar2025 02:55:55.856] [main/DEBUG] [minecolonies/]: Requirement: translation{key='com.minecolonies.coremod.research.requirement.building.level', args=[translation{key='com.minecolonies.building.townhall', args=[]}, 4]}
[04Mar2025 02:55:55.856] [main/DEBUG] [minecolonies/]: Cost: com.minecolonies.core.research.costs.SimpleItemCost@6e39b78c
[04Mar2025 02:55:55.856] [main/DEBUG] [minecolonies/]: Effect: minecolonies:effects/walkingmultiplier translation{key='com.minecolonies.research.effects.walkingmultiplier.description', args=[0.05000000074505806, 0.10000000149011612, 5, 10]}
[04Mar2025 02:55:55.856] [main/DEBUG] [minecolonies/]: Parsed research recipe from minecolonies:combat/evasion [minecolonies:combat/minecolonies:combat/evasion]
[04Mar2025 02:55:55.856] [main/DEBUG] [minecolonies/]: translation{key='com.minecolonies.research.combat.evasion.name', args=[]} at 4/minecolonies:combat/improveddodge
[04Mar2025 02:55:55.856] [main/DEBUG] [minecolonies/]: Requirement: translation{key='com.minecolonies.coremod.research.requirement.building.level', args=[translation{key='com.minecolonies.building.smeltery', args=[]}, 3]}
[04Mar2025 02:55:55.856] [main/DEBUG] [minecolonies/]: Cost: com.minecolonies.core.research.costs.SimpleItemCost@5fd822ec
[04Mar2025 02:55:55.856] [main/DEBUG] [minecolonies/]: Effect: minecolonies:effects/archerarmormultiplier translation{key='com.minecolonies.research.effects.archerarmormultiplier.description', args=[0.14999999850988388, 0.25, 15, 25]}
[04Mar2025 02:55:55.857] [main/DEBUG] [minecolonies/]: Parsed research recipe from minecolonies:combat/hotfoot [minecolonies:combat/minecolonies:combat/hotfoot]
[04Mar2025 02:55:55.857] [main/DEBUG] [minecolonies/]: translation{key='com.minecolonies.research.combat.hotfoot.name', args=[]} at 6/minecolonies:combat/flee
[04Mar2025 02:55:55.857] [main/DEBUG] [minecolonies/]: Cost: com.minecolonies.core.research.costs.SimpleItemCost@33a8fba7
[04Mar2025 02:55:55.857] [main/DEBUG] [minecolonies/]: Effect: minecolonies:effects/fleeingspeedaddition translation{key='com.minecolonies.research.effects.fleeingspeedaddition.description', args=[2.0, 5.0, 200, 500]}
[04Mar2025 02:55:55.857] [main/DEBUG] [minecolonies/]: Parsed research recipe from minecolonies:civilian/bandages [minecolonies:civilian/minecolonies:civilian/bandages]
[04Mar2025 02:55:55.857] [main/DEBUG] [minecolonies/]: translation{key='com.minecolonies.research.civilian.bandages.name', args=[]} at 4/minecolonies:civilian/healingcream
[04Mar2025 02:55:55.857] [main/DEBUG] [minecolonies/]: Requirement: translation{key='com.minecolonies.coremod.research.requirement.building.level', args=[translation{key='com.minecolonies.building.library', args=[]}, 4]}
[04Mar2025 02:55:55.857] [main/DEBUG] [minecolonies/]: Cost: com.minecolonies.core.research.costs.SimpleItemCost@70de2055
[04Mar2025 02:55:55.857] [main/DEBUG] [minecolonies/]: Effect: minecolonies:effects/regenerationmultiplier translation{key='com.minecolonies.research.effects.regenerationmultiplier.description', args=[0.25, 0.5, 25, 50]}
[04Mar2025 02:55:55.857] [main/DEBUG] [minecolonies/]: Parsed research recipe from minecolonies:technology/gildedhammer [minecolonies:technology/minecolonies:technology/gildedhammer]
[04Mar2025 02:55:55.857] [main/DEBUG] [minecolonies/]: translation{key='com.minecolonies.research.technology.gildedhammer.name', args=[]} at 3/minecolonies:technology/rockingroll
[04Mar2025 02:55:55.857] [main/DEBUG] [minecolonies/]: Requirement: translation{key='com.minecolonies.coremod.research.requirement.building.level', args=[translation{key='com.minecolonies.building.crusher', args=[]}, 3]}
[04Mar2025 02:55:55.857] [main/DEBUG] [minecolonies/]: Cost: com.minecolonies.core.research.costs.SimpleItemCost@60ab982e
[04Mar2025 02:55:55.857] [main/DEBUG] [minecolonies/]: Cost: com.minecolonies.core.research.costs.SimpleItemCost@57754501
[04Mar2025 02:55:55.857] [main/DEBUG] [minecolonies/]: Cost: com.minecolonies.core.research.costs.SimpleItemCost@71b9b7f5
[04Mar2025 02:55:55.857] [main/DEBUG] [minecolonies/]: Effect: minecolonies:effects/crushing11unlock translation{key='com.minecolonies.research.effects.crushing11unlock.description', args=[1.0, 1.0, 100, 100]}
[04Mar2025 02:55:55.857] [main/DEBUG] [minecolonies/]: Parsed research recipe from minecolonies:civilian/bandaid [minecolonies:civilian/minecolonies:civilian/bandaid]
[04Mar2025 02:55:55.858] [main/DEBUG] [minecolonies/]: translation{key='com.minecolonies.research.civilian.bandaid.name', args=[]} at 2/minecolonies:civilian/stamina
[04Mar2025 02:55:55.858] [main/DEBUG] [minecolonies/]: Requirement: translation{key='com.minecolonies.coremod.research.requirement.building.level', args=[translation{key='com.minecolonies.building.library', args=[]}, 2]}
[04Mar2025 02:55:55.858] [main/DEBUG] [minecolonies/]: Cost: com.minecolonies.core.research.costs.SimpleItemCost@70de1e84
[04Mar2025 02:55:55.858] [main/DEBUG] [minecolonies/]: Effect: minecolonies:effects/regenerationmultiplier translation{key='com.minecolonies.research.effects.regenerationmultiplier.description', args=[0.10000000149011612, 0.10000000149011612, 10, 10]}
[04Mar2025 02:55:55.858] [main/DEBUG] [minecolonies/]: Parsed research recipe from minecolonies:civilian/moq [minecolonies:civilian/minecolonies:civilian/moq]
[04Mar2025 02:55:55.858] [main/DEBUG] [minecolonies/]: translation{key='com.minecolonies.research.civilian.moq.name', args=[]} at 3/minecolonies:civilian/rails
[04Mar2025 02:55:55.858] [main/DEBUG] [minecolonies/]: Requirement: translation{key='com.minecolonies.coremod.research.requirement.building.level', args=[translation{key='com.minecolonies.building.deliveryman', args=[]}, 9]}
[04Mar2025 02:55:55.858] [main/DEBUG] [minecolonies/]: Cost: com.minecolonies.core.research.costs.SimpleItemCost@63c3a3e1
[04Mar2025 02:55:55.858] [main/DEBUG] [minecolonies/]: Cost: com.minecolonies.core.research.costs.SimpleItemCost@1cdb4dc3
[04Mar2025 02:55:55.858] [main/DEBUG] [minecolonies/]: Effect: minecolonies:effects/min_order translation{key='com.minecolonies.research.effects.min_order.description', args=[1.0, 1.0, 100, 100]}
[04Mar2025 02:55:55.858] [main/DEBUG] [minecolonies/]: Parsed research recipe from minecolonies:unlockable/stringmesh [minecolonies:unlockable/minecolonies:unlockable/stringmesh]
[04Mar2025 02:55:55.858] [main/DEBUG] [minecolonies/]: translation{key='com.minecolonies.research.unlockable.stringmesh.name', args=[]} at 1/minecraft:
[04Mar2025 02:55:55.858] [main/DEBUG] [minecolonies/]: Requirement: translation{key='com.minecolonies.coremod.research.requirement.building.mandatory.level', args=[translation{key='com.minecolonies.building.sifter', args=[]}, 1]}
[04Mar2025 02:55:55.858] [main/DEBUG] [minecolonies/]: Effect: minecolonies:effects/sifterstringunlock translation{key='com.minecolonies.research.effects.sifterstringunlock.description', args=[1.0, 1.0, 100, 100]}
[04Mar2025 02:55:55.858] [main/DEBUG] [minecolonies/]: Parsed research recipe from minecolonies:combat/multishot [minecolonies:combat/minecolonies:combat/multishot]
[04Mar2025 02:55:55.858] [main/DEBUG] [minecolonies/]: translation{key='com.minecolonies.research.combat.multishot.name', args=[]} at 4/minecolonies:combat/trickshot
[04Mar2025 02:55:55.858] [main/DEBUG] [minecolonies/]: Requirement: translation{key='com.minecolonies.coremod.research.requirement.building.level', args=[translation{key='com.minecolonies.building.archery', args=[]}, 4]}
[04Mar2025 02:55:55.858] [main/DEBUG] [minecolonies/]: Cost: com.minecolonies.core.research.costs.SimpleItemCost@7d932728
[04Mar2025 02:55:55.859] [main/DEBUG] [minecolonies/]: Effect: minecolonies:effects/doublearrowsmultiplier translation{key='com.minecolonies.research.effects.doublearrowsmultiplier.description', args=[0.05000000074505806, 0.10000000149011612, 5, 10]}
[04Mar2025 02:55:55.859] [main/DEBUG] [minecolonies/]: Parsed research recipe from minecolonies:combat/standard [minecolonies:combat/minecolonies:combat/standard]
[04Mar2025 02:55:55.859] [main/DEBUG] [minecolonies/]: translation{key='com.minecolonies.research.combat.standard.name', args=[]} at 5/minecolonies:combat/telescope
[04Mar2025 02:55:55.859] [main/DEBUG] [minecolonies/]: Requirement: translation{key='com.minecolonies.coremod.research.requirement.building.level', args=[translation{key='com.minecolonies.building.barracks', args=[]}, 4]}
[04Mar2025 02:55:55.859] [main/DEBUG] [minecolonies/]: Cost: com.minecolonies.core.research.costs.SimpleItemCost@33a8f7c7
[04Mar2025 02:55:55.859] [main/DEBUG] [minecolonies/]: Effect: minecolonies:effects/standard translation{key='com.minecolonies.research.effects.standard.description', args=[1.0, 1.0, 100, 100]}
[04Mar2025 02:55:55.859] [main/DEBUG] [minecolonies/]: Parsed research recipe from minecolonies:combat/fear [minecolonies:combat/minecolonies:combat/fear]
[04Mar2025 02:55:55.859] [main/DEBUG] [minecolonies/]: translation{key='com.minecolonies.research.combat.fear.name', args=[]} at 4/minecolonies:combat/feint
[04Mar2025 02:55:55.859] [main/DEBUG] [minecolonies/]: Requirement: translation{key='com.minecolonies.coremod.research.requirement.building.level', args=[translation{key='com.minecolonies.building.guardtower', args=[]}, 8]}
[04Mar2025 02:55:55.859] [main/DEBUG] [minecolonies/]: Cost: com.minecolonies.core.research.costs.SimpleItemCost@33a8f5d7
[04Mar2025 02:55:55.859] [main/DEBUG] [minecolonies/]: Effect: minecolonies:effects/fleeingdamagemultiplier translation{key='com.minecolonies.research.effects.fleeingdamagemultiplier.description', args=[0.10000000894069672, 0.30000001192092896, 10, 30]}
[04Mar2025 02:55:55.859] [main/DEBUG] [minecolonies/]: Parsed research recipe from minecolonies:technology/croprotation [minecolonies:technology/minecolonies:technology/croprotation]
[04Mar2025 02:55:55.859] [main/DEBUG] [minecolonies/]: translation{key='com.minecolonies.research.technology.croprotation.name', args=[]} at 3/minecolonies:technology/letitgrow
[04Mar2025 02:55:55.859] [main/DEBUG] [minecolonies/]: Requirement: translation{key='com.minecolonies.coremod.research.requirement.building.level', args=[translation{key='com.minecolonies.building.plantation', args=[]}, 3]}
[04Mar2025 02:55:55.859] [main/DEBUG] [minecolonies/]: Cost: com.minecolonies.core.research.costs.SimpleItemCost@797a5f11
[04Mar2025 02:55:55.859] [main/DEBUG] [minecolonies/]: Cost: com.minecolonies.core.research.costs.SimpleItemCost@4c475927
[04Mar2025 02:55:55.859] [main/DEBUG] [minecolonies/]: Effect: minecolonies:effects/plantationlarge translation{key='com.minecolonies.research.effects.plantationlarge.description', args=[1.0, 1.0, 100, 100]}
[04Mar2025 02:55:55.859] [main/DEBUG] [minecolonies/]: Parsed research recipe from minecolonies:technology/deeppockets [minecolonies:technology/minecolonies:technology/deeppockets]
[04Mar2025 02:55:55.859] [main/DEBUG] [minecolonies/]: translation{key='com.minecolonies.research.technology.deeppockets.name', args=[]} at 4/minecolonies:technology/cheatsheet
[04Mar2025 02:55:55.860] [main/DEBUG] [minecolonies/]: Requirement: translation{key='com.minecolonies.coremod.research.requirement.building.level', args=[translation{key='com.minecolonies.building.library', args=[]}, 4]}
[04Mar2025 02:55:55.860] [main/DEBUG] [minecolonies/]: Cost: com.minecolonies.core.research.costs.SimpleItemCost@33a8fba7
[04Mar2025 02:55:55.860] [main/DEBUG] [minecolonies/]: Effect: minecolonies:effects/citizeninvslotsaddition translation{key='com.minecolonies.research.effects.citizeninvslotsaddition.description', args=[9.0, 9.0, 900, 900]}
[04Mar2025 02:55:55.860] [main/DEBUG] [minecolonies/]: Parsed research recipe from minecolonies:civilian/reflective [minecolonies:civilian/minecolonies:civilian/reflective]
[04Mar2025 02:55:55.860] [main/DEBUG] [minecolonies/]: translation{key='com.minecolonies.research.civilian.reflective.name', args=[]} at 5/minecolonies:civilian/scholarly
[04Mar2025 02:55:55.860] [main/DEBUG] [minecolonies/]: Requirement: translation{key='com.minecolonies.coremod.research.requirement.building.level', args=[translation{key='com.minecolonies.building.library', args=[]}, 5]}
[04Mar2025 02:55:55.860] [main/DEBUG] [minecolonies/]: Cost: com.minecolonies.core.research.costs.SimpleItemCost@1cdb51a3
[04Mar2025 02:55:55.860] [main/DEBUG] [minecolonies/]: Effect: minecolonies:effects/levelingmultiplier translation{key='com.minecolonies.research.effects.levelingmultiplier.description', args=[0.25, 0.5, 25, 50]}
[04Mar2025 02:55:55.860] [main/DEBUG] [minecolonies/]: Parsed research recipe from minecolonies:technology/netherlog [minecolonies:technology/minecolonies:technology/netherlog]
[04Mar2025 02:55:55.860] [main/DEBUG] [minecolonies/]: translation{key='com.minecolonies.research.technology.netherlog.name', args=[]} at 3/minecolonies:technology/opennether
[04Mar2025 02:55:55.860] [main/DEBUG] [minecolonies/]: Requirement: translation{key='com.minecolonies.coremod.research.requirement.building.level', args=[translation{key='com.minecolonies.building.netherworker', args=[]}, 1]}
[04Mar2025 02:55:55.860] [main/DEBUG] [minecolonies/]: Cost: com.minecolonies.core.research.costs.SimpleItemCost@493431a7
[04Mar2025 02:55:55.860] [main/DEBUG] [minecolonies/]: Cost: com.minecolonies.core.research.costs.SimpleItemCost@5aab2eba
[04Mar2025 02:55:55.860] [main/DEBUG] [minecolonies/]: Effect: minecolonies:effects/netherexpeditionlog translation{key='com.minecolonies.research.effects.netherexpeditionlog.description', args=[1.0, 1.0, 100, 100]}
[04Mar2025 02:55:55.860] [main/DEBUG] [minecolonies/]: Parsed research recipe from minecolonies:combat/rapidshot [minecolonies:combat/minecolonies:combat/rapidshot]
[04Mar2025 02:55:55.860] [main/DEBUG] [minecolonies/]: translation{key='com.minecolonies.research.combat.rapidshot.name', args=[]} at 5/minecolonies:combat/multishot
[04Mar2025 02:55:55.860] [main/DEBUG] [minecolonies/]: Requirement: translation{key='com.minecolonies.coremod.research.requirement.building.level', args=[translation{key='com.minecolonies.building.archery', args=[]}, 5]}
[04Mar2025 02:55:55.860] [main/DEBUG] [minecolonies/]: Cost: com.minecolonies.core.research.costs.SimpleItemCost@7d93283f
[04Mar2025 02:55:55.860] [main/DEBUG] [minecolonies/]: Effect: minecolonies:effects/doublearrowsmultiplier translation{key='com.minecolonies.research.effects.doublearrowsmultiplier.description', args=[0.14999999850988388, 0.25, 15, 25]}
[04Mar2025 02:55:55.861] [main/DEBUG] [minecolonies/]: Parsed research recipe from minecolonies:combat/ironskin [minecolonies:combat/minecolonies:combat/ironskin]
[04Mar2025 02:55:55.861] [main/DEBUG] [minecolonies/]: translation{key='com.minecolonies.research.combat.ironskin.name', args=[]} at 3/minecolonies:combat/boiledleather
[04Mar2025 02:55:55.861] [main/DEBUG] [minecolonies/]: Requirement: translation{key='com.minecolonies.coremod.research.requirement.building.level', args=[translation{key='com.minecolonies.building.townhall', args=[]}, 3]}
[04Mar2025 02:55:55.861] [main/DEBUG] [minecolonies/]: Cost: com.minecolonies.core.research.costs.SimpleItemCost@65bcc529
[04Mar2025 02:55:55.861] [main/DEBUG] [minecolonies/]: Effect: minecolonies:effects/armordurabilitymultiplier translation{key='com.minecolonies.research.effects.armordurabilitymultiplier.description', args=[0.10000000894069672, 0.30000001192092896, 10, 30]}
[04Mar2025 02:55:55.861] [main/DEBUG] [minecolonies/]: Parsed research recipe from minecolonies:combat/coffee [minecolonies:combat/minecolonies:combat/coffee]
[04Mar2025 02:55:55.861] [main/DEBUG] [minecolonies/]: translation{key='com.minecolonies.research.combat.coffee.name', args=[]} at 2/minecolonies:combat/tactictraining
[04Mar2025 02:55:55.861] [main/DEBUG] [minecolonies/]: Cost: com.minecolonies.core.research.costs.SimpleItemCost@70de1ee1
[04Mar2025 02:55:55.861] [main/DEBUG] [minecolonies/]: Effect: minecolonies:effects/sleeplessmultiplier translation{key='com.minecolonies.research.effects.sleeplessmultiplier.description', args=[1.0, 1.0, 100, 100]}
[04Mar2025 02:55:55.861] [main/DEBUG] [minecolonies/]: Parsed research recipe from minecolonies:combat/diamondskin [minecolonies:combat/minecolonies:combat/diamondskin]
[04Mar2025 02:55:55.861] [main/DEBUG] [minecolonies/]: translation{key='com.minecolonies.research.combat.diamondskin.name', args=[]} at 6/minecolonies:combat/steelarmor
[04Mar2025 02:55:55.861] [main/DEBUG] [minecolonies/]: Cost: com.minecolonies.core.research.costs.SimpleItemCost@689d59ee
[04Mar2025 02:55:55.861] [main/DEBUG] [minecolonies/]: Effect: minecolonies:effects/armordurabilitymultiplier translation{key='com.minecolonies.research.effects.armordurabilitymultiplier.description', args=[0.5, 1.0, 50, 100]}
[04Mar2025 02:55:55.861] [main/DEBUG] [minecolonies/]: Parsed research recipe from minecolonies:combat/dodge [minecolonies:combat/minecolonies:combat/dodge]
[04Mar2025 02:55:55.861] [main/DEBUG] [minecolonies/]: translation{key='com.minecolonies.research.combat.dodge.name', args=[]} at 2/minecolonies:combat/avoidance
[04Mar2025 02:55:55.861] [main/DEBUG] [minecolonies/]: Requirement: translation{key='com.minecolonies.coremod.research.requirement.building.level', args=[translation{key='com.minecolonies.building.smeltery', args=[]}, 1]}
[04Mar2025 02:55:55.861] [main/DEBUG] [minecolonies/]: Cost: com.minecolonies.core.research.costs.SimpleItemCost@5fd81d1c
[04Mar2025 02:55:55.861] [main/DEBUG] [minecolonies/]: Effect: minecolonies:effects/archerarmormultiplier translation{key='com.minecolonies.research.effects.archerarmormultiplier.description', args=[0.05000000074505806, 0.05000000074505806, 5, 5]}
[04Mar2025 02:55:55.862] [main/DEBUG] [minecolonies/]: Parsed research recipe from minecolonies:technology/isthisredstone [minecolonies:technology/minecolonies:technology/isthisredstone]
[04Mar2025 02:55:55.862] [main/DEBUG] [minecolonies/]: translation{key='com.minecolonies.research.technology.isthisredstone.name', args=[]} at 2/minecolonies:technology/hot
[04Mar2025 02:55:55.862] [main/DEBUG] [minecolonies/]: Cost: com.minecolonies.core.research.costs.SimpleItemCost@6f77a0fc
[04Mar2025 02:55:55.862] [main/DEBUG] [minecolonies/]: Effect: minecolonies:effects/blockbreakspeedmultiplier translation{key='com.minecolonies.research.effects.blockbreakspeedmultiplier.description', args=[0.10000000149011612, 0.10000000149011612, 10, 10]}
[04Mar2025 02:55:55.862] [main/DEBUG] [minecolonies/]: Parsed research recipe from minecolonies:civilian/growth [minecolonies:civilian/minecolonies:civilian/growth]
[04Mar2025 02:55:55.862] [main/DEBUG] [minecolonies/]: translation{key='com.minecolonies.research.civilian.growth.name', args=[]} at 5/minecolonies:civilian/puberty
[04Mar2025 02:55:55.862] [main/DEBUG] [minecolonies/]: Requirement: translation{key='com.minecolonies.coremod.research.requirement.building.level', args=[translation{key='com.minecolonies.building.library', args=[]}, 5]}
[04Mar2025 02:55:55.862] [main/DEBUG] [minecolonies/]: Cost: com.minecolonies.core.research.costs.SimpleItemCost@1b55b2e6
[04Mar2025 02:55:55.862] [main/DEBUG] [minecolonies/]: Effect: minecolonies:effects/growthmultiplier translation{key='com.minecolonies.research.effects.growthmultiplier.description', args=[0.25, 0.5, 25, 50]}
[04Mar2025 02:55:55.862] [main/DEBUG] [minecolonies/]: Parsed research recipe from minecolonies:civilian/remembrance [minecolonies:civilian/minecolonies:civilian/remembrance]
[04Mar2025 02:55:55.862] [main/DEBUG] [minecolonies/]: translation{key='com.minecolonies.research.civilian.remembrance.name', args=[]} at 1/minecraft:
[04Mar2025 02:55:55.862] [main/DEBUG] [minecolonies/]: Requirement: translation{key='com.minecolonies.coremod.research.requirement.building.level', args=[translation{key='com.minecolonies.building.townhall', args=[]}, 2]}
[04Mar2025 02:55:55.862] [main/DEBUG] [minecolonies/]: Cost: com.minecolonies.core.research.costs.SimpleItemCost@64d09184
[04Mar2025 02:55:55.862] [main/DEBUG] [minecolonies/]: Effect: minecolonies:effects/blockhutgraveyard translation{key='com.minecolonies.research.effects.blockhutgraveyard.description', args=[5.0, 5.0, 500, 500]}
[04Mar2025 02:55:55.862] [main/DEBUG] [minecolonies/]: Parsed research recipe from minecolonies:civilian/nurture [minecolonies:civilian/minecolonies:civilian/nurture]
[04Mar2025 02:55:55.862] [main/DEBUG] [minecolonies/]: translation{key='com.minecolonies.research.civilian.nurture.name', args=[]} at 2/minecolonies:civilian/higherlearning
[04Mar2025 02:55:55.862] [main/DEBUG] [minecolonies/]: Requirement: translation{key='com.minecolonies.coremod.research.requirement.building.level', args=[translation{key='com.minecolonies.building.school', args=[]}, 1]}
[04Mar2025 02:55:55.862] [main/DEBUG] [minecolonies/]: Cost: com.minecolonies.core.research.costs.SimpleItemCost@1b5597c6
[04Mar2025 02:55:55.862] [main/DEBUG] [minecolonies/]: Effect: minecolonies:effects/growthmultiplier translation{key='com.minecolonies.research.effects.growthmultiplier.description', args=[0.05000000074505806, 0.05000000074505806, 5, 5]}
[04Mar2025 02:55:55.862] [main/DEBUG] [minecolonies/]: Parsed research recipe from minecolonies:combat/arrowpierce [minecolonies:combat/minecolonies:combat/arrowpierce]
[04Mar2025 02:55:55.862] [main/DEBUG] [minecolonies/]: translation{key='com.minecolonies.research.combat.arrowpierce.name', args=[]} at 3/minecolonies:combat/arrowuse
[04Mar2025 02:55:55.862] [main/DEBUG] [minecolonies/]: Requirement: translation{key='com.minecolonies.coremod.research.requirement.building.level', args=[translation{key='com.minecolonies.building.archery', args=[]}, 1]}
[04Mar2025 02:55:55.862] [main/DEBUG] [minecolonies/]: Cost: com.minecolonies.core.research.costs.SimpleItemCost@41c98b93
[04Mar2025 02:55:55.862] [main/DEBUG] [minecolonies/]: Cost: com.minecolonies.core.research.costs.SimpleItemCost@6f77993c
[04Mar2025 02:55:55.862] [main/DEBUG] [minecolonies/]: Effect: minecolonies:effects/piercingarrowsunlock translation{key='com.minecolonies.research.effects.piercingarrowsunlock.description', args=[1.0, 1.0, 100, 100]}
[04Mar2025 02:55:55.863] [main/DEBUG] [minecolonies/]: Parsed research recipe from minecolonies:combat/improvedbows [minecolonies:combat/minecolonies:combat/improvedbows]
[04Mar2025 02:55:55.863] [main/DEBUG] [minecolonies/]: translation{key='com.minecolonies.research.combat.improvedbows.name', args=[]} at 2/minecolonies:combat/tactictraining
[04Mar2025 02:55:55.863] [main/DEBUG] [minecolonies/]: Requirement: translation{key='com.minecolonies.coremod.research.requirement.building.level', args=[translation{key='com.minecolonies.building.barracks', args=[]}, 3]}
[04Mar2025 02:55:55.863] [main/DEBUG] [minecolonies/]: Cost: com.minecolonies.core.research.costs.SimpleItemCost@45b22281
[04Mar2025 02:55:55.863] [main/DEBUG] [minecolonies/]: Effect: minecolonies:effects/blockhutarchery translation{key='com.minecolonies.research.effects.blockhutarchery.description', args=[5.0, 5.0, 500, 500]}
[04Mar2025 02:55:55.863] [main/DEBUG] [minecolonies/]: Parsed research recipe from minecolonies:combat/preciseshot [minecolonies:combat/minecolonies:combat/preciseshot]
[04Mar2025 02:55:55.863] [main/DEBUG] [minecolonies/]: translation{key='com.minecolonies.research.combat.preciseshot.name', args=[]} at 2/minecolonies:combat/accuracy
[04Mar2025 02:55:55.863] [main/DEBUG] [minecolonies/]: Requirement: translation{key='com.minecolonies.coremod.research.requirement.building.level', args=[translation{key='com.minecolonies.building.barracks', args=[]}, 3]}
[04Mar2025 02:55:55.863] [main/DEBUG] [minecolonies/]: Cost: com.minecolonies.core.research.costs.SimpleItemCost@8921939
[04Mar2025 02:55:55.863] [main/DEBUG] [minecolonies/]: Effect: minecolonies:effects/archerdamageaddition translation{key='com.minecolonies.research.effects.archerdamageaddition.description', args=[0.5, 0.5, 50, 50]}
[04Mar2025 02:55:55.863] [main/DEBUG] [minecolonies/]: Parsed research recipe from minecolonies:technology/fertilizer [minecolonies:technology/minecolonies:technology/fertilizer]
[04Mar2025 02:55:55.863] [main/DEBUG] [minecolonies/]: translation{key='com.minecolonies.research.technology.fertilizer.name', args=[]} at 5/minecolonies:technology/compost
[04Mar2025 02:55:55.863] [main/DEBUG] [minecolonies/]: Requirement: translation{key='com.minecolonies.coremod.research.requirement.building.level', args=[translation{key='com.minecolonies.building.smeltery', args=[]}, 3]}
[04Mar2025 02:55:55.863] [main/DEBUG] [minecolonies/]: Cost: com.minecolonies.core.research.costs.SimpleItemCost@53dc5c9
[04Mar2025 02:55:55.863] [main/DEBUG] [minecolonies/]: Effect: minecolonies:effects/farmingmultiplier translation{key='com.minecolonies.research.effects.farmingmultiplier.description', args=[0.25, 0.75, 25, 75]}
[04Mar2025 02:55:55.864] [main/DEBUG] [minecolonies/]: Parsed research recipe from minecolonies:technology/morescrolls [minecolonies:technology/minecolonies:technology/morescrolls]
[04Mar2025 02:55:55.864] [main/DEBUG] [minecolonies/]: translation{key='com.minecolonies.research.technology.morescrolls.name', args=[]} at 1/minecraft:
[04Mar2025 02:55:55.864] [main/DEBUG] [minecolonies/]: Requirement: translation{key='com.minecolonies.coremod.research.requirement.building.level', args=[translation{key='com.minecolonies.building.enchanter', args=[]}, 3]}
[04Mar2025 02:55:55.864] [main/DEBUG] [minecolonies/]: Cost: com.minecolonies.core.research.costs.SimpleItemCost@782b1a89
[04Mar2025 02:55:55.864] [main/DEBUG] [minecolonies/]: Cost: com.minecolonies.core.research.costs.SimpleItemCost@5aab2eba
[04Mar2025 02:55:55.864] [main/DEBUG] [minecolonies/]: Cost: com.minecolonies.core.research.costs.SimpleItemCost@1bf2d6d5
[04Mar2025 02:55:55.864] [main/DEBUG] [minecolonies/]: Effect: minecolonies:effects/morescrollsunlock translation{key='com.minecolonies.research.effects.morescrollsunlock.description', args=[1.0, 1.0, 100, 100]}
[04Mar2025 02:55:55.864] [main/DEBUG] [minecolonies/]: Parsed research recipe from minecolonies:technology/hardened [minecolonies:technology/minecolonies:technology/hardened]
[04Mar2025 02:55:55.864] [main/DEBUG] [minecolonies/]: translation{key='com.minecolonies.research.technology.hardened.name', args=[]} at 3/minecolonies:technology/strong
[04Mar2025 02:55:55.864] [main/DEBUG] [minecolonies/]: Requirement: translation{key='com.minecolonies.coremod.research.requirement.building.level', args=[translation{key='com.minecolonies.building.blacksmith', args=[]}, 2]}
[04Mar2025 02:55:55.864] [main/DEBUG] [minecolonies/]: Cost: com.minecolonies.core.research.costs.SimpleItemCost@689d541e
[04Mar2025 02:55:55.864] [main/DEBUG] [minecolonies/]: Effect: minecolonies:effects/tooldurabilitymultiplier translation{key='com.minecolonies.research.effects.tooldurabilitymultiplier.description', args=[0.05000000074505806, 0.10000000149011612, 5, 10]}
[04Mar2025 02:55:55.864] [main/DEBUG] [minecolonies/]: Parsed research recipe from minecolonies:technology/stringwork [minecolonies:technology/minecolonies:technology/stringwork]
[04Mar2025 02:55:55.864] [main/DEBUG] [minecolonies/]: translation{key='com.minecolonies.research.technology.stringwork.name', args=[]} at 2/minecolonies:technology/woodwork
[04Mar2025 02:55:55.864] [main/DEBUG] [minecolonies/]: Requirement: translation{key='com.minecolonies.coremod.research.requirement.building.level', args=[translation{key='com.minecolonies.building.sawmill', args=[]}, 1]}
[04Mar2025 02:55:55.864] [main/DEBUG] [minecolonies/]: Cost: com.minecolonies.core.research.costs.SimpleItemCost@7427cac4
[04Mar2025 02:55:55.864] [main/DEBUG] [minecolonies/]: Effect: minecolonies:effects/blockhutfletcher translation{key='com.minecolonies.research.effects.blockhutfletcher.description', args=[5.0, 5.0, 500, 500]}
[04Mar2025 02:55:55.865] [main/DEBUG] [minecolonies/]: Parsed research recipe from minecolonies:combat/piercingshot [minecolonies:combat/minecolonies:combat/piercingshot]
[04Mar2025 02:55:55.865] [main/DEBUG] [minecolonies/]: translation{key='com.minecolonies.research.combat.piercingshot.name', args=[]} at 4/minecolonies:combat/penetratingshot
[04Mar2025 02:55:55.865] [main/DEBUG] [minecolonies/]: Requirement: translation{key='com.minecolonies.coremod.research.requirement.building.level', args=[translation{key='com.minecolonies.building.guardtower', args=[]}, 10]}
[04Mar2025 02:55:55.865] [main/DEBUG] [minecolonies/]: Cost: com.minecolonies.core.research.costs.SimpleItemCost@8921f09
[04Mar2025 02:55:55.865] [main/DEBUG] [minecolonies/]: Effect: minecolonies:effects/archerdamageaddition translation{key='com.minecolonies.research.effects.archerdamageaddition.description', args=[0.5, 1.5, 50, 150]}
[04Mar2025 02:55:55.865] [main/DEBUG] [minecolonies/]: Parsed research recipe from minecolonies:technology/magiccompost [minecolonies:technology/minecolonies:technology/magiccompost]
[04Mar2025 02:55:55.865] [main/DEBUG] [minecolonies/]: translation{key='com.minecolonies.research.technology.magiccompost.name', args=[]} at 6/minecolonies:technology/fertilizer
[04Mar2025 02:55:55.865] [main/DEBUG] [minecolonies/]: Cost: com.minecolonies.core.research.costs.SimpleItemCost@53e7fc9
[04Mar2025 02:55:55.865] [main/DEBUG] [minecolonies/]: Effect: minecolonies:effects/farmingmultiplier translation{key='com.minecolonies.research.effects.farmingmultiplier.description', args=[1.25, 2.0, 125, 200]}
[04Mar2025 02:55:55.865] [main/DEBUG] [minecolonies/]: Parsed research recipe from minecolonies:civilian/resilience [minecolonies:civilian/minecolonies:civilian/resilience]
[04Mar2025 02:55:55.865] [main/DEBUG] [minecolonies/]: translation{key='com.minecolonies.research.civilian.resilience.name', args=[]} at 3/minecolonies:civilian/resistance
[04Mar2025 02:55:55.865] [main/DEBUG] [minecolonies/]: Requirement: translation{key='com.minecolonies.coremod.research.requirement.building.level', args=[translation{key='com.minecolonies.building.cook', args=[]}, 3]}
[04Mar2025 02:55:55.865] [main/DEBUG] [minecolonies/]: Cost: com.minecolonies.core.research.costs.SimpleItemCost@67b7b98a
[04Mar2025 02:55:55.865] [main/DEBUG] [minecolonies/]: Effect: minecolonies:effects/healingsaturationlimitaddition translation{key='com.minecolonies.research.effects.healingsaturationlimitaddition.description', args=[-0.5, -1.0, -50, -100]}
[04Mar2025 02:55:55.865] [main/DEBUG] [minecolonies/]: Parsed research recipe from minecolonies:technology/flowerpower [minecolonies:technology/minecolonies:technology/flowerpower]
[04Mar2025 02:55:55.865] [main/DEBUG] [minecolonies/]: translation{key='com.minecolonies.research.technology.flowerpower.name', args=[]} at 2/minecolonies:technology/biodegradable
[04Mar2025 02:55:55.865] [main/DEBUG] [minecolonies/]: Requirement: translation{key='com.minecolonies.coremod.research.requirement.building.level', args=[translation{key='com.minecolonies.building.composter', args=[]}, 3]}
[04Mar2025 02:55:55.866] [main/DEBUG] [minecolonies/]: Cost: com.minecolonies.core.research.costs.SimpleItemCost@a0c5a4c
[04Mar2025 02:55:55.866] [main/DEBUG] [minecolonies/]: Effect: minecolonies:effects/blockhutflorist translation{key='com.minecolonies.research.effects.blockhutflorist.description', args=[5.0, 5.0, 500, 500]}
[04Mar2025 02:55:55.866] [main/DEBUG] [minecolonies/]: Parsed research recipe from minecolonies:combat/duelist [minecolonies:combat/minecolonies:combat/duelist]
[04Mar2025 02:55:55.866] [main/DEBUG] [minecolonies/]: translation{key='com.minecolonies.research.combat.duelist.name', args=[]} at 4/minecolonies:combat/riposte
[04Mar2025 02:55:55.866] [main/DEBUG] [minecolonies/]: Requirement: translation{key='com.minecolonies.coremod.research.requirement.building.level', args=[translation{key='com.minecolonies.building.smeltery', args=[]}, 3]}
[04Mar2025 02:55:55.866] [main/DEBUG] [minecolonies/]: Cost: com.minecolonies.core.research.costs.SimpleItemCost@65bccaf9
[04Mar2025 02:55:55.866] [main/DEBUG] [minecolonies/]: Effect: minecolonies:effects/meleearmormultiplier translation{key='com.minecolonies.research.effects.meleearmormultiplier.description', args=[0.14999999850988388, 0.25, 15, 25]}
[04Mar2025 02:55:55.866] [main/DEBUG] [minecolonies/]: Parsed research recipe from minecolonies:combat/improvedevasion [minecolonies:combat/minecolonies:combat/improvedevasion]
[04Mar2025 02:55:55.866] [main/DEBUG] [minecolonies/]: translation{key='com.minecolonies.research.combat.improvedevasion.name', args=[]} at 5/minecolonies:combat/evasion
[04Mar2025 02:55:55.866] [main/DEBUG] [minecolonies/]: Requirement: translation{key='com.minecolonies.coremod.research.requirement.building.level', args=[translation{key='com.minecolonies.building.archery', args=[]}, 5]}
[04Mar2025 02:55:55.866] [main/DEBUG] [minecolonies/]: Cost: com.minecolonies.core.research.costs.SimpleItemCost@689d541e
[04Mar2025 02:55:55.866] [main/DEBUG] [minecolonies/]: Effect: minecolonies:effects/archerarmormultiplier translation{key='com.minecolonies.research.effects.archerarmormultiplier.description', args=[0.25, 0.5, 25, 50]}
[04Mar2025 02:55:55.866] [main/DEBUG] [minecolonies/]: Parsed research recipe from minecolonies:combat/trickshot [minecolonies:combat/minecolonies:combat/trickshot]
[04Mar2025 02:55:55.866] [main/DEBUG] [minecolonies/]: translation{key='com.minecolonies.research.combat.trickshot.name', args=[]} at 3/minecolonies:combat/improvedbows
[04Mar2025 02:55:55.866] [main/DEBUG] [minecolonies/]: Requirement: translation{key='com.minecolonies.coremod.research.requirement.building.level', args=[translation{key='com.minecolonies.building.archery', args=[]}, 3]}
[04Mar2025 02:55:55.866] [main/DEBUG] [minecolonies/]: Cost: com.minecolonies.core.research.costs.SimpleItemCost@7d9326ac
[04Mar2025 02:55:55.866] [main/DEBUG] [minecolonies/]: Effect: minecolonies:effects/doublearrowsmultiplier translation{key='com.minecolonies.research.effects.doublearrowsmultiplier.description', args=[0.05000000074505806, 0.05000000074505806, 5, 5]}
[04Mar2025 02:55:55.867] [main/DEBUG] [minecolonies/]: Parsed research recipe from minecolonies:technology/honeypot [minecolonies:technology/minecolonies:technology/honeypot]
[04Mar2025 02:55:55.867] [main/DEBUG] [minecolonies/]: translation{key='com.minecolonies.research.technology.honeypot.name', args=[]} at 3/minecolonies:technology/rainbowheaven
[04Mar2025 02:55:55.867] [main/DEBUG] [minecolonies/]: Requirement: translation{key='com.minecolonies.coremod.research.requirement.building.level', args=[translation{key='com.minecolonies.building.beekeeper', args=[]}, 3]}
[04Mar2025 02:55:55.867] [main/DEBUG] [minecolonies/]: Cost: com.minecolonies.core.research.costs.SimpleItemCost@2b4a0dd0
[04Mar2025 02:55:55.867] [main/DEBUG] [minecolonies/]: Effect: minecolonies:effects/beekeep2unlock translation{key='com.minecolonies.research.effects.beekeep2unlock.description', args=[1.0, 1.0, 100, 100]}
[04Mar2025 02:55:55.867] [main/DEBUG] [minecolonies/]: Parsed research recipe from minecolonies:technology/letitgrow [minecolonies:technology/minecolonies:technology/letitgrow]
[04Mar2025 02:55:55.867] [main/DEBUG] [minecolonies/]: translation{key='com.minecolonies.research.technology.letitgrow.name', args=[]} at 2/minecolonies:technology/biodegradable
[04Mar2025 02:55:55.867] [main/DEBUG] [minecolonies/]: Requirement: translation{key='com.minecolonies.coremod.research.requirement.building.level', args=[translation{key='com.minecolonies.building.farmer', args=[]}, 3]}
[04Mar2025 02:55:55.867] [main/DEBUG] [minecolonies/]: Cost: com.minecolonies.core.research.costs.SimpleItemCost@a0c547c
[04Mar2025 02:55:55.867] [main/DEBUG] [minecolonies/]: Effect: minecolonies:effects/blockhutplantation translation{key='com.minecolonies.research.effects.blockhutplantation.description', args=[5.0, 5.0, 500, 500]}
[04Mar2025 02:55:55.867] [main/DEBUG] [minecolonies/]: Parsed research recipe from minecolonies:technology/seemsautomatic [minecolonies:technology/minecolonies:technology/seemsautomatic]
[04Mar2025 02:55:55.867] [main/DEBUG] [minecolonies/]: translation{key='com.minecolonies.research.technology.seemsautomatic.name', args=[]} at 5/minecolonies:technology/tools
[04Mar2025 02:55:55.867] [main/DEBUG] [minecolonies/]: Requirement: translation{key='com.minecolonies.coremod.research.requirement.building.level', args=[translation{key='com.minecolonies.building.blacksmith', args=[]}, 5]}
[04Mar2025 02:55:55.867] [main/DEBUG] [minecolonies/]: Cost: com.minecolonies.core.research.costs.SimpleItemCost@65bd0139
[04Mar2025 02:55:55.867] [main/DEBUG] [minecolonies/]: Effect: minecolonies:effects/blockplacespeedmultiplier translation{key='com.minecolonies.research.effects.blockplacespeedmultiplier.description', args=[0.5, 1.0, 50, 100]}
[04Mar2025 02:55:55.867] [main/DEBUG] [minecolonies/]: Parsed research recipe from minecolonies:unlockable/flintmesh [minecolonies:unlockable/minecolonies:unlockable/flintmesh]
[04Mar2025 02:55:55.867] [main/DEBUG] [minecolonies/]: translation{key='com.minecolonies.research.unlockable.flintmesh.name', args=[]} at 2/minecolonies:unlockable/stringmesh
[04Mar2025 02:55:55.867] [main/DEBUG] [minecolonies/]: Requirement: translation{key='com.minecolonies.coremod.research.requirement.building.mandatory.level', args=[translation{key='com.minecolonies.building.sifter', args=[]}, 3]}
[04Mar2025 02:55:55.868] [main/DEBUG] [minecolonies/]: Effect: minecolonies:effects/sifterflintunlock translation{key='com.minecolonies.research.effects.sifterflintunlock.description', args=[1.0, 1.0, 100, 100]}
[04Mar2025 02:55:55.868] [main/DEBUG] [minecolonies/]: Parsed research recipe from minecolonies:technology/space [minecolonies:technology/minecolonies:technology/space]
[04Mar2025 02:55:55.868] [main/DEBUG] [minecolonies/]: translation{key='com.minecolonies.research.technology.space.name', args=[]} at 3/minecolonies:technology/sieving
[04Mar2025 02:55:55.868] [main/DEBUG] [minecolonies/]: Requirement: translation{key='com.minecolonies.coremod.research.requirement.building.level', args=[translation{key='com.minecolonies.building.miner', args=[]}, 3]}
[04Mar2025 02:55:55.868] [main/DEBUG] [minecolonies/]: Cost: com.minecolonies.core.research.costs.SimpleItemCost@79e326bd
[04Mar2025 02:55:55.868] [main/DEBUG] [minecolonies/]: Effect: minecolonies:effects/minimumstockmultiplier translation{key='com.minecolonies.research.effects.minimumstockmultiplier.description', args=[0.5, 0.5, 50, 50]}
[04Mar2025 02:55:55.868] [main/DEBUG] [minecolonies/]: Parsed research recipe from minecolonies:technology/enhanced_gates2 [minecolonies:technology/minecolonies:technology/enhanced_gates2]
[04Mar2025 02:55:55.868] [main/DEBUG] [minecolonies/]: translation{key='com.minecolonies.research.technology.enhanced_gates2.name', args=[]} at 4/minecolonies:technology/enhanced_gates1
[04Mar2025 02:55:55.868] [main/DEBUG] [minecolonies/]: Cost: com.minecolonies.core.research.costs.SimpleItemCost@5c73d11e
[04Mar2025 02:55:55.868] [main/DEBUG] [minecolonies/]: Cost: com.minecolonies.core.research.costs.SimpleItemCost@5aab2ed9
[04Mar2025 02:55:55.868] [main/DEBUG] [minecolonies/]: Cost: com.minecolonies.core.research.costs.SimpleItemCost@15700697
[04Mar2025 02:55:55.868] [main/DEBUG] [minecolonies/]: Effect: minecolonies:effects/enhancesgatedurabilityaddition translation{key='com.minecolonies.research.effects.enhancesgatedurabilityaddition.description', args=[10.0, 15.0, 1000, 1500]}
[04Mar2025 02:55:55.868] [main/DEBUG] [minecolonies/]: Parsed research recipe from minecolonies:technology/enhanced_gates1 [minecolonies:technology/minecolonies:technology/enhanced_gates1]
[04Mar2025 02:55:55.868] [main/DEBUG] [minecolonies/]: translation{key='com.minecolonies.research.technology.enhanced_gates1.name', args=[]} at 3/minecolonies:technology/whatyaneed
[04Mar2025 02:55:55.868] [main/DEBUG] [minecolonies/]: Cost: com.minecolonies.core.research.costs.SimpleItemCost@4a00f25d
[04Mar2025 02:55:55.868] [main/DEBUG] [minecolonies/]: Cost: com.minecolonies.core.research.costs.SimpleItemCost@5aab2ed9
[04Mar2025 02:55:55.868] [main/DEBUG] [minecolonies/]: Cost: com.minecolonies.core.research.costs.SimpleItemCost@45b22262
[04Mar2025 02:55:55.868] [main/DEBUG] [minecolonies/]: Effect: minecolonies:effects/enhancesgatedurabilityaddition translation{key='com.minecolonies.research.effects.enhancesgatedurabilityaddition.description', args=[5.0, 5.0, 500, 500]}
[04Mar2025 02:55:55.869] [main/DEBUG] [minecolonies/]: Parsed research recipe from minecolonies:civilian/gourmand [minecolonies:civilian/minecolonies:civilian/gourmand]
[04Mar2025 02:55:55.869] [main/DEBUG] [minecolonies/]: translation{key='com.minecolonies.research.civilian.gourmand.name', args=[]} at 2/minecolonies:civilian/firstaid
[04Mar2025 02:55:55.869] [main/DEBUG] [minecolonies/]: Requirement: translation{key='com.minecolonies.coremod.research.requirement.building.level', args=[translation{key='com.minecolonies.building.cook', args=[]}, 2]}
[04Mar2025 02:55:55.869] [main/DEBUG] [minecolonies/]: Cost: com.minecolonies.core.research.costs.SimpleItemCost@32c2a35b
[04Mar2025 02:55:55.869] [main/DEBUG] [minecolonies/]: Effect: minecolonies:effects/saturationmultiplier translation{key='com.minecolonies.research.effects.saturationmultiplier.description', args=[0.10000000149011612, 0.10000000149011612, 10, 10]}
[04Mar2025 02:55:55.869] [main/DEBUG] [minecolonies/]: Parsed research recipe from minecolonies:combat/parry [minecolonies:combat/minecolonies:combat/parry]
[04Mar2025 02:55:55.869] [main/DEBUG] [minecolonies/]: translation{key='com.minecolonies.research.combat.parry.name', args=[]} at 2/minecolonies:combat/avoidance
[04Mar2025 02:55:55.869] [main/DEBUG] [minecolonies/]: Requirement: translation{key='com.minecolonies.coremod.research.requirement.building.level', args=[translation{key='com.minecolonies.building.smeltery', args=[]}, 1]}
[04Mar2025 02:55:55.869] [main/DEBUG] [minecolonies/]: Cost: com.minecolonies.core.research.costs.SimpleItemCost@65bcc529
[04Mar2025 02:55:55.869] [main/DEBUG] [minecolonies/]: Effect: minecolonies:effects/meleearmormultiplier translation{key='com.minecolonies.research.effects.meleearmormultiplier.description', args=[0.05000000074505806, 0.05000000074505806, 5, 5]}
[04Mar2025 02:55:55.869] [main/DEBUG] [minecolonies/]: Parsed research recipe from minecolonies:unlockable/diamondmesh [minecolonies:unlockable/minecolonies:unlockable/diamondmesh]
[04Mar2025 02:55:55.869] [main/DEBUG] [minecolonies/]: translation{key='com.minecolonies.research.unlockable.diamondmesh.name', args=[]} at 4/minecolonies:unlockable/ironmesh
[04Mar2025 02:55:55.869] [main/DEBUG] [minecolonies/]: Requirement: translation{key='com.minecolonies.coremod.research.requirement.building.mandatory.level', args=[translation{key='com.minecolonies.building.sifter', args=[]}, 5]}
[04Mar2025 02:55:55.869] [main/DEBUG] [minecolonies/]: Effect: minecolonies:effects/sifterdiamondunlock translation{key='com.minecolonies.research.effects.sifterdiamondunlock.description', args=[1.0, 1.0, 100, 100]}
[04Mar2025 02:55:55.869] [main/DEBUG] [minecolonies/]: Parsed research recipe from minecolonies:combat/agilearcher [minecolonies:combat/minecolonies:combat/agilearcher]
[04Mar2025 02:55:55.869] [main/DEBUG] [minecolonies/]: translation{key='com.minecolonies.research.combat.agilearcher.name', args=[]} at 6/minecolonies:combat/improvedevasion
[04Mar2025 02:55:55.869] [main/DEBUG] [minecolonies/]: Cost: com.minecolonies.core.research.costs.SimpleItemCost@689d59ee
[04Mar2025 02:55:55.870] [main/DEBUG] [minecolonies/]: Effect: minecolonies:effects/archerarmormultiplier translation{key='com.minecolonies.research.effects.archerarmormultiplier.description', args=[0.5, 1.0, 50, 100]}
[04Mar2025 02:55:55.870] [main/DEBUG] [minecolonies/]: Parsed research recipe from minecolonies:civilian/phd [minecolonies:civilian/minecolonies:civilian/phd]
[04Mar2025 02:55:55.870] [main/DEBUG] [minecolonies/]: translation{key='com.minecolonies.research.civilian.phd.name', args=[]} at 6/minecolonies:civilian/master
[04Mar2025 02:55:55.870] [main/DEBUG] [minecolonies/]: Cost: com.minecolonies.core.research.costs.SimpleItemCost@3e9c61ad
[04Mar2025 02:55:55.870] [main/DEBUG] [minecolonies/]: Effect: minecolonies:effects/teachingmultiplier translation{key='com.minecolonies.research.effects.teachingmultiplier.description', args=[0.5, 1.0, 50, 100]}
[04Mar2025 02:55:55.870] [main/DEBUG] [minecolonies/]: Parsed research recipe from minecolonies:civilian/master [minecolonies:civilian/minecolonies:civilian/master]
[04Mar2025 02:55:55.870] [main/DEBUG] [minecolonies/]: translation{key='com.minecolonies.research.civilian.master.name', args=[]} at 5/minecolonies:civilian/bachelor
[04Mar2025 02:55:55.870] [main/DEBUG] [minecolonies/]: Requirement: translation{key='com.minecolonies.coremod.research.requirement.building.level', args=[translation{key='com.minecolonies.building.library', args=[]}, 5]}
[04Mar2025 02:55:55.870] [main/DEBUG] [minecolonies/]: Cost: com.minecolonies.core.research.costs.SimpleItemCost@3e9c5dcd
[04Mar2025 02:55:55.870] [main/DEBUG] [minecolonies/]: Effect: minecolonies:effects/teachingmultiplier translation{key='com.minecolonies.research.effects.teachingmultiplier.description', args=[0.25, 0.5, 25, 50]}
[04Mar2025 02:55:55.870] [main/DEBUG] [minecolonies/]: Parsed research recipe from minecolonies:civilian/bookworm [minecolonies:civilian/minecolonies:civilian/bookworm]
[04Mar2025 02:55:55.870] [main/DEBUG] [minecolonies/]: translation{key='com.minecolonies.research.civilian.bookworm.name', args=[]} at 3/minecolonies:civilian/morebooks
[04Mar2025 02:55:55.870] [main/DEBUG] [minecolonies/]: Requirement: translation{key='com.minecolonies.coremod.research.requirement.building.level', args=[translation{key='com.minecolonies.building.school', args=[]}, 3]}
[04Mar2025 02:55:55.870] [main/DEBUG] [minecolonies/]: Cost: com.minecolonies.core.research.costs.SimpleItemCost@3e9c5aa7
[04Mar2025 02:55:55.870] [main/DEBUG] [minecolonies/]: Effect: minecolonies:effects/teachingmultiplier translation{key='com.minecolonies.research.effects.teachingmultiplier.description', args=[0.05000000074505806, 0.10000000149011612, 5, 10]}
[04Mar2025 02:55:55.870] [main/DEBUG] [minecolonies/]: Parsed research recipe from minecolonies:civilian/beanstalk [minecolonies:civilian/minecolonies:civilian/beanstalk]
[04Mar2025 02:55:55.870] [main/DEBUG] [minecolonies/]: translation{key='com.minecolonies.research.civilian.beanstalk.name', args=[]} at 6/minecolonies:civilian/growth
[04Mar2025 02:55:55.870] [main/DEBUG] [minecolonies/]: Cost: com.minecolonies.core.research.costs.SimpleItemCost@1b55d1e6
[04Mar2025 02:55:55.870] [main/DEBUG] [minecolonies/]: Effect: minecolonies:effects/growthmultiplier translation{key='com.minecolonies.research.effects.growthmultiplier.description', args=[0.5, 1.0, 50, 100]}
[04Mar2025 02:55:55.871] [main/DEBUG] [minecolonies/]: Parsed research recipe from minecolonies:technology/sieving [minecolonies:technology/minecolonies:technology/sieving]
[04Mar2025 02:55:55.871] [main/DEBUG] [minecolonies/]: translation{key='com.minecolonies.research.technology.sieving.name', args=[]} at 2/minecolonies:technology/woodwork
[04Mar2025 02:55:55.871] [main/DEBUG] [minecolonies/]: Requirement: translation{key='com.minecolonies.coremod.research.requirement.building.level', args=[translation{key='com.minecolonies.building.fisherman', args=[]}, 3]}
[04Mar2025 02:55:55.871] [main/DEBUG] [minecolonies/]: Cost: com.minecolonies.core.research.costs.SimpleItemCost@7427d094
[04Mar2025 02:55:55.871] [main/DEBUG] [minecolonies/]: Effect: minecolonies:effects/blockhutsifter translation{key='com.minecolonies.research.effects.blockhutsifter.description', args=[5.0, 5.0, 500, 500]}
[04Mar2025 02:55:55.871] [main/DEBUG] [minecolonies/]: Parsed research recipe from minecolonies:combat/telescope [minecolonies:combat/minecolonies:combat/telescope]
[04Mar2025 02:55:55.871] [main/DEBUG] [minecolonies/]: translation{key='com.minecolonies.research.combat.telescope.name', args=[]} at 4/minecolonies:combat/ironskin
[04Mar2025 02:55:55.871] [main/DEBUG] [minecolonies/]: Requirement: translation{key='com.minecolonies.coremod.research.requirement.building.level', args=[translation{key='com.minecolonies.building.barracks', args=[]}, 3]}
[04Mar2025 02:55:55.871] [main/DEBUG] [minecolonies/]: Cost: com.minecolonies.core.research.costs.SimpleItemCost@33a8f5d7
[04Mar2025 02:55:55.871] [main/DEBUG] [minecolonies/]: Effect: minecolonies:effects/telescope translation{key='com.minecolonies.research.effects.telescope.description', args=[1.0, 1.0, 100, 100]}
[04Mar2025 02:55:55.871] [main/DEBUG] [minecolonies/]: Parsed research recipe from minecolonies:combat/quickdraw [minecolonies:combat/minecolonies:combat/quickdraw]
[04Mar2025 02:55:55.871] [main/DEBUG] [minecolonies/]: translation{key='com.minecolonies.research.combat.quickdraw.name', args=[]} at 2/minecolonies:combat/accuracy
[04Mar2025 02:55:55.871] [main/DEBUG] [minecolonies/]: Requirement: translation{key='com.minecolonies.coremod.research.requirement.building.level', args=[translation{key='com.minecolonies.building.barracks', args=[]}, 3]}
[04Mar2025 02:55:55.871] [main/DEBUG] [minecolonies/]: Cost: com.minecolonies.core.research.costs.SimpleItemCost@45b22205
[04Mar2025 02:55:55.871] [main/DEBUG] [minecolonies/]: Effect: minecolonies:effects/meleedamageaddition translation{key='com.minecolonies.research.effects.meleedamageaddition.description', args=[0.5, 0.5, 50, 50]}
[04Mar2025 02:55:55.871] [main/DEBUG] [minecolonies/]: Parsed research recipe from minecolonies:technology/heavymachinery [minecolonies:technology/minecolonies:technology/heavymachinery]
[04Mar2025 02:55:55.871] [main/DEBUG] [minecolonies/]: translation{key='com.minecolonies.research.technology.heavymachinery.name', args=[]} at 4/minecolonies:technology/redstonepowered
[04Mar2025 02:55:55.871] [main/DEBUG] [minecolonies/]: Cost: com.minecolonies.core.research.costs.SimpleItemCost@6f77cf7c
[04Mar2025 02:55:55.871] [main/DEBUG] [minecolonies/]: Effect: minecolonies:effects/blockbreakspeedmultiplier translation{key='com.minecolonies.research.effects.blockbreakspeedmultiplier.description', args=[0.25, 0.5, 25, 50]}
[04Mar2025 02:55:55.871] [main/DEBUG] [minecolonies/]: Parsed research recipe from minecolonies:technology/madness [minecolonies:technology/minecolonies:technology/madness]
[04Mar2025 02:55:55.872] [main/DEBUG] [minecolonies/]: translation{key='com.minecolonies.research.technology.madness.name', args=[]} at 6/minecolonies:technology/seemsautomatic
[04Mar2025 02:55:55.872] [main/DEBUG] [minecolonies/]: Cost: com.minecolonies.core.research.costs.SimpleItemCost@65bd3f39
[04Mar2025 02:55:55.872] [main/DEBUG] [minecolonies/]: Effect: minecolonies:effects/blockplacespeedmultiplier translation{key='com.minecolonies.research.effects.blockplacespeedmultiplier.description', args=[1.0, 2.0, 100, 200]}
[04Mar2025 02:55:55.872] [main/DEBUG] [minecolonies/]: Parsed research recipe from minecolonies:combat/provost [minecolonies:combat/minecolonies:combat/provost]
[04Mar2025 02:55:55.872] [main/DEBUG] [minecolonies/]: translation{key='com.minecolonies.research.combat.provost.name', args=[]} at 5/minecolonies:combat/duelist
[04Mar2025 02:55:55.872] [main/DEBUG] [minecolonies/]: Requirement: translation{key='com.minecolonies.coremod.research.requirement.building.level', args=[translation{key='com.minecolonies.building.combatacademy', args=[]}, 5]}
[04Mar2025 02:55:55.872] [main/DEBUG] [minecolonies/]: Cost: com.minecolonies.core.research.costs.SimpleItemCost@689d541e
[04Mar2025 02:55:55.872] [main/DEBUG] [minecolonies/]: Effect: minecolonies:effects/meleearmormultiplier translation{key='com.minecolonies.research.effects.meleearmormultiplier.description', args=[0.25, 0.5, 25, 50]}
[04Mar2025 02:55:55.872] [main/DEBUG] [minecolonies/]: Parsed research recipe from minecolonies:civilian/vaccines [minecolonies:civilian/minecolonies:civilian/vaccines]
[04Mar2025 02:55:55.872] [main/DEBUG] [minecolonies/]: translation{key='com.minecolonies.research.civilian.vaccines.name', args=[]} at 4/minecolonies:civilian/masks
[04Mar2025 02:55:55.872] [main/DEBUG] [minecolonies/]: Requirement: translation{key='com.minecolonies.coremod.research.requirement.building.level', args=[translation{key='com.minecolonies.building.hospital', args=[]}, 3]}
[04Mar2025 02:55:55.872] [main/DEBUG] [minecolonies/]: Cost: com.minecolonies.core.research.costs.SimpleItemCost@739e7ea6
[04Mar2025 02:55:55.872] [main/DEBUG] [minecolonies/]: Effect: minecolonies:effects/vaccines translation{key='com.minecolonies.research.effects.vaccines.description', args=[1.0, 1.0, 100, 100]}
[04Mar2025 02:55:55.872] [main/DEBUG] [minecolonies/]: Parsed research recipe from minecolonies:technology/biodegradable [minecolonies:technology/minecolonies:technology/biodegradable]
[04Mar2025 02:55:55.872] [main/DEBUG] [minecolonies/]: translation{key='com.minecolonies.research.technology.biodegradable.name', args=[]} at 1/minecraft:
[04Mar2025 02:55:55.872] [main/DEBUG] [minecolonies/]: Requirement: translation{key='com.minecolonies.coremod.research.requirement.building.level', args=[translation{key='com.minecolonies.building.farmer', args=[]}, 3]}
[04Mar2025 02:55:55.872] [main/DEBUG] [minecolonies/]: Cost: com.minecolonies.core.research.costs.SimpleItemCost@5ae50804
[04Mar2025 02:55:55.872] [main/DEBUG] [minecolonies/]: Effect: minecolonies:effects/blockhutcomposter translation{key='com.minecolonies.research.effects.blockhutcomposter.description', args=[5.0, 5.0, 500, 500]}
[04Mar2025 02:55:55.872] [main/DEBUG] [minecolonies/]: Parsed research recipe from minecolonies:civilian/stamina [minecolonies:civilian/minecolonies:civilian/stamina]
[04Mar2025 02:55:55.873] [main/DEBUG] [minecolonies/]: translation{key='com.minecolonies.research.civilian.stamina.name', args=[]} at 1/minecraft:
[04Mar2025 02:55:55.873] [main/DEBUG] [minecolonies/]: Cost: com.minecolonies.core.research.costs.SimpleItemCost@2a3d9ef2
[04Mar2025 02:55:55.873] [main/DEBUG] [minecolonies/]: Effect: minecolonies:effects/blockhuthospital translation{key='com.minecolonies.research.effects.blockhuthospital.description', args=[5.0, 5.0, 500, 500]}
[04Mar2025 02:55:55.873] [main/DEBUG] [minecolonies/]: Parsed research recipe from minecolonies:civilian/athlete [minecolonies:civilian/minecolonies:civilian/athlete]
[04Mar2025 02:55:55.873] [main/DEBUG] [minecolonies/]: translation{key='com.minecolonies.research.civilian.athlete.name', args=[]} at 6/minecolonies:civilian/swift
[04Mar2025 02:55:55.873] [main/DEBUG] [minecolonies/]: Cost: com.minecolonies.core.research.costs.SimpleItemCost@6e39be16
[04Mar2025 02:55:55.873] [main/DEBUG] [minecolonies/]: Effect: minecolonies:effects/walkingmultiplier translation{key='com.minecolonies.research.effects.walkingmultiplier.description', args=[0.09999999403953552, 0.25, 10, 25]}
[04Mar2025 02:55:55.873] [main/DEBUG] [minecolonies/]: Parsed research recipe from minecolonies:technology/stonecake [minecolonies:technology/minecolonies:technology/stonecake]
[04Mar2025 02:55:55.873] [main/DEBUG] [minecolonies/]: translation{key='com.minecolonies.research.technology.stonecake.name', args=[]} at 1/minecraft:
[04Mar2025 02:55:55.873] [main/DEBUG] [minecolonies/]: Requirement: translation{key='com.minecolonies.coremod.research.requirement.building.level', args=[translation{key='com.minecolonies.building.miner', args=[]}, 3]}
[04Mar2025 02:55:55.873] [main/DEBUG] [minecolonies/]: Cost: com.minecolonies.core.research.costs.SimpleItemCost@70b2895f
[04Mar2025 02:55:55.873] [main/DEBUG] [minecolonies/]: Effect: minecolonies:effects/blockhutstonemason translation{key='com.minecolonies.research.effects.blockhutstonemason.description', args=[5.0, 5.0, 500, 500]}
[04Mar2025 02:55:55.873] [main/DEBUG] [minecolonies/]: Parsed research recipe from minecolonies:technology/gargamel [minecolonies:technology/minecolonies:technology/gargamel]
[04Mar2025 02:55:55.873] [main/DEBUG] [minecolonies/]: translation{key='com.minecolonies.research.technology.gargamel.name', args=[]} at 4/minecolonies:technology/croprotation
[04Mar2025 02:55:55.873] [main/DEBUG] [minecolonies/]: Requirement: translation{key='com.minecolonies.coremod.research.requirement.building.level', args=[translation{key='com.minecolonies.building.plantation', args=[]}, 3]}
[04Mar2025 02:55:55.873] [main/DEBUG] [minecolonies/]: Requirement: translation{key='com.minecolonies.coremod.research.requirement.building.level', args=[translation{key='com.minecolonies.building.netherworker', args=[]}, 3]}
[04Mar2025 02:55:55.873] [main/DEBUG] [minecolonies/]: Cost: com.minecolonies.core.research.costs.SimpleItemCost@256a2798
[04Mar2025 02:55:55.873] [main/DEBUG] [minecolonies/]: Cost: com.minecolonies.core.research.costs.SimpleItemCost@5bd58795
[04Mar2025 02:55:55.874] [main/DEBUG] [minecolonies/]: Effect: minecolonies:effects/plantationnether translation{key='com.minecolonies.research.effects.plantationnether.description', args=[1.0, 1.0, 100, 100]}
[04Mar2025 02:55:55.874] [main/DEBUG] [minecolonies/]: Parsed research recipe from minecolonies:civilian/festival [minecolonies:civilian/minecolonies:civilian/festival]
[04Mar2025 02:55:55.874] [main/DEBUG] [minecolonies/]: translation{key='com.minecolonies.research.civilian.festival.name', args=[]} at 3/minecolonies:civilian/circus
[04Mar2025 02:55:55.874] [main/DEBUG] [minecolonies/]: Requirement: translation{key='com.minecolonies.coremod.research.requirement.building.level', args=[translation{key='com.minecolonies.building.cook', args=[]}, 3]}
[04Mar2025 02:55:55.874] [main/DEBUG] [minecolonies/]: Cost: com.minecolonies.core.research.costs.SimpleItemCost@5aa217a6
[04Mar2025 02:55:55.874] [main/DEBUG] [minecolonies/]: Effect: minecolonies:effects/happinessmultiplier translation{key='com.minecolonies.research.effects.happinessmultiplier.description', args=[0.05000000074505806, 0.10000000149011612, 5, 10]}
[04Mar2025 02:55:55.874] [main/DEBUG] [minecolonies/]: Parsed research recipe from minecolonies:combat/knighttraining [minecolonies:combat/minecolonies:combat/knighttraining]
[04Mar2025 02:55:55.874] [main/DEBUG] [minecolonies/]: translation{key='com.minecolonies.research.combat.knighttraining.name', args=[]} at 4/minecolonies:combat/squiretraining
[04Mar2025 02:55:55.874] [main/DEBUG] [minecolonies/]: Requirement: translation{key='com.minecolonies.coremod.research.requirement.building.level', args=[translation{key='com.minecolonies.building.combatacademy', args=[]}, 4]}
[04Mar2025 02:55:55.874] [main/DEBUG] [minecolonies/]: Cost: com.minecolonies.core.research.costs.SimpleItemCost@35a6f468
[04Mar2025 02:55:55.874] [main/DEBUG] [minecolonies/]: Effect: minecolonies:effects/blockattacksmultiplier translation{key='com.minecolonies.research.effects.blockattacksmultiplier.description', args=[0.05000000074505806, 0.10000000149011612, 5, 10]}
[04Mar2025 02:55:55.874] [main/DEBUG] [minecolonies/]: Parsed research recipe from minecolonies:civilian/studious [minecolonies:civilian/minecolonies:civilian/studious]
[04Mar2025 02:55:55.874] [main/DEBUG] [minecolonies/]: translation{key='com.minecolonies.research.civilian.studious.name', args=[]} at 3/minecolonies:civilian/diligent
[04Mar2025 02:55:55.874] [main/DEBUG] [minecolonies/]: Requirement: translation{key='com.minecolonies.coremod.research.requirement.building.level', args=[translation{key='com.minecolonies.building.library', args=[]}, 3]}
[04Mar2025 02:55:55.875] [main/DEBUG] [minecolonies/]: Cost: com.minecolonies.core.research.costs.SimpleItemCost@1cdb4d47
[04Mar2025 02:55:55.875] [main/DEBUG] [minecolonies/]: Effect: minecolonies:effects/levelingmultiplier translation{key='com.minecolonies.research.effects.levelingmultiplier.description', args=[0.05000000074505806, 0.10000000149011612, 5, 10]}
[04Mar2025 02:55:55.875] [main/DEBUG] [minecolonies/]: Parsed research recipe from minecolonies:technology/takingdivinglessons [minecolonies:technology/minecolonies:technology/takingdivinglessons]
[04Mar2025 02:55:55.875] [main/DEBUG] [minecolonies/]: translation{key='com.minecolonies.research.technology.takingdivinglessons.name', args=[]} at 3/minecolonies:technology/letitgrow
[04Mar2025 02:55:55.875] [main/DEBUG] [minecolonies/]: Requirement: translation{key='com.minecolonies.coremod.research.requirement.building.level', args=[translation{key='com.minecolonies.building.plantation', args=[]}, 2]}
[04Mar2025 02:55:55.875] [main/DEBUG] [minecolonies/]: Cost: com.minecolonies.core.research.costs.SimpleItemCost@6003610e
[04Mar2025 02:55:55.875] [main/DEBUG] [minecolonies/]: Cost: com.minecolonies.core.research.costs.SimpleItemCost@759c8583
[04Mar2025 02:55:55.875] [main/DEBUG] [minecolonies/]: Cost: com.minecolonies.core.research.costs.SimpleItemCost@7a5c521b
[04Mar2025 02:55:55.875] [main/DEBUG] [minecolonies/]: Effect: minecolonies:effects/plantationsea translation{key='com.minecolonies.research.effects.plantationsea.description', args=[1.0, 1.0, 100, 100]}
[04Mar2025 02:55:55.875] [main/DEBUG] [minecolonies/]: Parsed research recipe from minecolonies:technology/rainman [minecolonies:technology/minecolonies:technology/rainman]
[04Mar2025 02:55:55.876] [main/DEBUG] [minecolonies/]: translation{key='com.minecolonies.research.technology.rainman.name', args=[]} at 6/minecolonies:technology/rtm
[04Mar2025 02:55:55.876] [main/DEBUG] [minecolonies/]: Cost: com.minecolonies.core.research.costs.SimpleItemCost@6d59383b
[04Mar2025 02:55:55.876] [main/DEBUG] [minecolonies/]: Effect: minecolonies:effects/workinginrainunlock translation{key='com.minecolonies.research.effects.workinginrainunlock.description', args=[1.0, 1.0, 100, 100]}
[04Mar2025 02:55:55.876] [main/DEBUG] [minecolonies/]: Parsed research recipe from minecolonies:combat/mightycleave [minecolonies:combat/minecolonies:combat/mightycleave]
[04Mar2025 02:55:55.876] [main/DEBUG] [minecolonies/]: translation{key='com.minecolonies.research.combat.mightycleave.name', args=[]} at 5/minecolonies:combat/cleave
[04Mar2025 02:55:55.877] [main/DEBUG] [minecolonies/]: Requirement: translation{key='com.minecolonies.coremod.research.requirement.building.level', args=[translation{key='com.minecolonies.building.barracks', args=[]}, 5]}
[04Mar2025 02:55:55.877] [main/DEBUG] [minecolonies/]: Cost: com.minecolonies.core.research.costs.SimpleItemCost@45b223b7
[04Mar2025 02:55:55.877] [main/DEBUG] [minecolonies/]: Effect: minecolonies:effects/meleedamageaddition translation{key='com.minecolonies.research.effects.meleedamageaddition.description', args=[0.5, 2.0, 50, 200]}
[04Mar2025 02:55:55.877] [main/DEBUG] [minecolonies/]: Parsed research recipe from minecolonies:civilian/outpost [minecolonies:civilian/minecolonies:civilian/outpost]
[04Mar2025 02:55:55.877] [main/DEBUG] [minecolonies/]: translation{key='com.minecolonies.research.civilian.outpost.name', args=[]} at 2/minecolonies:civilian/keen
[04Mar2025 02:55:55.877] [main/DEBUG] [minecolonies/]: Requirement: translation{key='com.minecolonies.coremod.research.requirement.building.level', args=[translation{key='com.minecolonies.building.residence', args=[]}, 4]}
[04Mar2025 02:55:55.877] [main/DEBUG] [minecolonies/]: Cost: com.minecolonies.core.research.costs.SimpleItemCost@134c3a5a
[04Mar2025 02:55:55.877] [main/DEBUG] [minecolonies/]: Effect: minecolonies:effects/citizencapaddition translation{key='com.minecolonies.research.effects.citizencapaddition.description', args=[25.0, 50.0, 2500, 5000]}
[04Mar2025 02:55:55.878] [main/DEBUG] [minecolonies/]: Parsed research recipe from minecolonies:combat/cleave [minecolonies:combat/minecolonies:combat/cleave]
[04Mar2025 02:55:55.878] [main/DEBUG] [minecolonies/]: translation{key='com.minecolonies.research.combat.cleave.name', args=[]} at 4/minecolonies:combat/powerattack
[04Mar2025 02:55:55.878] [main/DEBUG] [minecolonies/]: Requirement: translation{key='com.minecolonies.coremod.research.requirement.building.level', args=[translation{key='com.minecolonies.building.guardtower', args=[]}, 10]}
[04Mar2025 02:55:55.878] [main/DEBUG] [minecolonies/]: Cost: com.minecolonies.core.research.costs.SimpleItemCost@45b222bf
[04Mar2025 02:55:55.878] [main/DEBUG] [minecolonies/]: Effect: minecolonies:effects/meleedamageaddition translation{key='com.minecolonies.research.effects.meleedamageaddition.description', args=[0.5, 1.5, 50, 150]}
[04Mar2025 02:55:55.878] [main/DEBUG] [minecolonies/]: Parsed research recipe from minecolonies:combat/woundingshot [minecolonies:combat/minecolonies:combat/woundingshot]
[04Mar2025 02:55:55.878] [main/DEBUG] [minecolonies/]: translation{key='com.minecolonies.research.combat.woundingshot.name', args=[]} at 5/minecolonies:combat/piercingshot
[04Mar2025 02:55:55.878] [main/DEBUG] [minecolonies/]: Requirement: translation{key='com.minecolonies.coremod.research.requirement.building.level', args=[translation{key='com.minecolonies.building.barracks', args=[]}, 5]}
[04Mar2025 02:55:55.878] [main/DEBUG] [minecolonies/]: Cost: com.minecolonies.core.research.costs.SimpleItemCost@89226c9
[04Mar2025 02:55:55.878] [main/DEBUG] [minecolonies/]: Effect: minecolonies:effects/archerdamageaddition translation{key='com.minecolonies.research.effects.archerdamageaddition.description', args=[0.5, 2.0, 50, 200]}
[04Mar2025 02:55:55.878] [main/DEBUG] [minecolonies/]: Parsed research recipe from minecolonies:civilian/firstaid2 [minecolonies:civilian/minecolonies:civilian/firstaid2]
[04Mar2025 02:55:55.878] [main/DEBUG] [minecolonies/]: translation{key='com.minecolonies.research.civilian.firstaid2.name', args=[]} at 2/minecolonies:civilian/firstaid
[04Mar2025 02:55:55.879] [main/DEBUG] [minecolonies/]: Requirement: translation{key='com.minecolonies.coremod.research.requirement.building.level', args=[translation{key='com.minecolonies.building.townhall', args=[]}, 2]}
[04Mar2025 02:55:55.879] [main/DEBUG] [minecolonies/]: Cost: com.minecolonies.core.research.costs.SimpleItemCost@1f235025
[04Mar2025 02:55:55.879] [main/DEBUG] [minecolonies/]: Effect: minecolonies:effects/healthaddition translation{key='com.minecolonies.research.effects.healthaddition.description', args=[2.0, 4.0, 200, 400]}
[04Mar2025 02:55:55.879] [main/DEBUG] [minecolonies/]: Parsed research recipe from minecolonies:civilian/guardianangel2 [minecolonies:civilian/minecolonies:civilian/guardianangel2]
[04Mar2025 02:55:55.879] [main/DEBUG] [minecolonies/]: translation{key='com.minecolonies.research.civilian.guardianangel2.name', args=[]} at 6/minecolonies:civilian/guardianangel
[04Mar2025 02:55:55.879] [main/DEBUG] [minecolonies/]: Cost: com.minecolonies.core.research.costs.SimpleItemCost@1f236d35
[04Mar2025 02:55:55.879] [main/DEBUG] [minecolonies/]: Effect: minecolonies:effects/healthaddition translation{key='com.minecolonies.research.effects.healthaddition.description', args=[10.0, 20.0, 1000, 2000]}
[04Mar2025 02:55:55.879] [main/DEBUG] [minecolonies/]: Parsed research recipe from minecolonies:civilian/ambition [minecolonies:civilian/minecolonies:civilian/ambition]
[04Mar2025 02:55:55.879] [main/DEBUG] [minecolonies/]: translation{key='com.minecolonies.research.civilian.ambition.name', args=[]} at 1/minecraft:
[04Mar2025 02:55:55.879] [main/DEBUG] [minecolonies/]: Cost: com.minecolonies.core.research.costs.SimpleItemCost@689d524d
[04Mar2025 02:55:55.879] [main/DEBUG] [minecolonies/]: Effect: minecolonies:effects/blockhutmysticalsite translation{key='com.minecolonies.research.effects.blockhutmysticalsite.description', args=[5.0, 5.0, 500, 500]}
[04Mar2025 02:55:55.879] [main/DEBUG] [minecolonies/]: Parsed research recipe from minecolonies:combat/regeneration [minecolonies:combat/minecolonies:combat/regeneration]
[04Mar2025 02:55:55.880] [main/DEBUG] [minecolonies/]: translation{key='com.minecolonies.research.combat.regeneration.name', args=[]} at 2/minecolonies:combat/improvedleather
[04Mar2025 02:55:55.880] [main/DEBUG] [minecolonies/]: Requirement: translation{key='com.minecolonies.coremod.research.requirement.building.level', args=[translation{key='com.minecolonies.building.guardtower', args=[]}, 2]}
[04Mar2025 02:55:55.880] [main/DEBUG] [minecolonies/]: Cost: com.minecolonies.core.research.costs.SimpleItemCost@33a8f406
[04Mar2025 02:55:55.880] [main/DEBUG] [minecolonies/]: Effect: minecolonies:effects/retreatunlock translation{key='com.minecolonies.research.effects.retreatunlock.description', args=[1.0, 1.0, 100, 100]}
[04Mar2025 02:55:55.880] [main/DEBUG] [minecolonies/]: Parsed research recipe from minecolonies:civilian/opera [minecolonies:civilian/minecolonies:civilian/opera]
[04Mar2025 02:55:55.880] [main/DEBUG] [minecolonies/]: translation{key='com.minecolonies.research.civilian.opera.name', args=[]} at 5/minecolonies:civilian/spectacle
[04Mar2025 02:55:55.880] [main/DEBUG] [minecolonies/]: Requirement: translation{key='com.minecolonies.coremod.research.requirement.building.level', args=[translation{key='com.minecolonies.building.cook', args=[]}, 5]}
[04Mar2025 02:55:55.880] [main/DEBUG] [minecolonies/]: Cost: com.minecolonies.core.research.costs.SimpleItemCost@5aa219d4
[04Mar2025 02:55:55.880] [main/DEBUG] [minecolonies/]: Effect: minecolonies:effects/happinessmultiplier translation{key='com.minecolonies.research.effects.happinessmultiplier.description', args=[0.04999999701976776, 0.20000000298023224, 5, 20]}
[04Mar2025 02:55:55.880] [main/DEBUG] [minecolonies/]: Parsed research recipe from minecolonies:combat/savagestrike [minecolonies:combat/minecolonies:combat/savagestrike]
[04Mar2025 02:55:55.880] [main/DEBUG] [minecolonies/]: translation{key='com.minecolonies.research.combat.savagestrike.name', args=[]} at 6/minecolonies:combat/mightycleave
[04Mar2025 02:55:55.880] [main/DEBUG] [minecolonies/]: Cost: com.minecolonies.core.research.costs.SimpleItemCost@45b225a7
[04Mar2025 02:55:55.880] [main/DEBUG] [minecolonies/]: Effect: minecolonies:effects/meleedamageaddition translation{key='com.minecolonies.research.effects.meleedamageaddition.description', args=[2.0, 4.0, 200, 400]}
[04Mar2025 02:55:55.881] [main/DEBUG] [minecolonies/]: Parsed research recipe from minecolonies:technology/amazingveins [minecolonies:technology/minecolonies:technology/amazingveins]
[04Mar2025 02:55:55.881] [main/DEBUG] [minecolonies/]: translation{key='com.minecolonies.research.technology.amazingveins.name', args=[]} at 5/minecolonies:technology/richveins
[04Mar2025 02:55:55.881] [main/DEBUG] [minecolonies/]: Requirement: translation{key='com.minecolonies.coremod.research.requirement.building.level', args=[translation{key='com.minecolonies.building.blacksmith', args=[]}, 5]}
[04Mar2025 02:55:55.881] [main/DEBUG] [minecolonies/]: Cost: com.minecolonies.core.research.costs.TagItemCost@19512f32
[04Mar2025 02:55:55.881] [main/DEBUG] [minecolonies/]: Effect: minecolonies:effects/moreoresmultiplier translation{key='com.minecolonies.research.effects.moreoresmultiplier.description', args=[0.5, 1.0, 50, 100]}
[04Mar2025 02:55:55.881] [main/DEBUG] [minecolonies/]: Parsed research recipe from minecolonies:technology/alchemist [minecolonies:technology/minecolonies:technology/alchemist]
[04Mar2025 02:55:55.881] [main/DEBUG] [minecolonies/]: translation{key='com.minecolonies.research.technology.alchemist.name', args=[]} at 3/minecolonies:technology/opennether
[04Mar2025 02:55:55.881] [main/DEBUG] [minecolonies/]: Cost: com.minecolonies.core.research.costs.SimpleItemCost@54ce2f98
[04Mar2025 02:55:55.881] [main/DEBUG] [minecolonies/]: Effect: minecolonies:effects/blockhutalchemist translation{key='com.minecolonies.research.effects.blockhutalchemist.description', args=[5.0, 5.0, 500, 500]}
[04Mar2025 02:55:55.881] [main/DEBUG] [minecolonies/]: Parsed research recipe from minecolonies:technology/woodwork [minecolonies:technology/minecolonies:technology/woodwork]
[04Mar2025 02:55:55.881] [main/DEBUG] [minecolonies/]: translation{key='com.minecolonies.research.technology.woodwork.name', args=[]} at 1/minecraft:
[04Mar2025 02:55:55.882] [main/DEBUG] [minecolonies/]: Requirement: translation{key='com.minecolonies.coremod.research.requirement.building.level', args=[translation{key='com.minecolonies.building.lumberjack', args=[]}, 3]}
[04Mar2025 02:55:55.882] [main/DEBUG] [minecolonies/]: Cost: com.minecolonies.core.research.costs.TagItemCost@2b2fff33
[04Mar2025 02:55:55.882] [main/DEBUG] [minecolonies/]: Effect: minecolonies:effects/blockhutsawmill translation{key='com.minecolonies.research.effects.blockhutsawmill.description', args=[5.0, 5.0, 500, 500]}
[04Mar2025 02:55:55.882] [main/DEBUG] [minecolonies/]: Parsed research recipe from minecolonies:technology/thoselungs [minecolonies:technology/minecolonies:technology/thoselungs]
[04Mar2025 02:55:55.882] [main/DEBUG] [minecolonies/]: translation{key='com.minecolonies.research.technology.thoselungs.name', args=[]} at 2/minecolonies:technology/hot
[04Mar2025 02:55:55.882] [main/DEBUG] [minecolonies/]: Requirement: translation{key='com.minecolonies.coremod.research.requirement.building.level', args=[translation{key='com.minecolonies.building.smeltery', args=[]}, 3]}
[04Mar2025 02:55:55.882] [main/DEBUG] [minecolonies/]: Cost: com.minecolonies.core.research.costs.SimpleItemCost@6f2d14e5
[04Mar2025 02:55:55.882] [main/DEBUG] [minecolonies/]: Effect: minecolonies:effects/blockhutglassblower translation{key='com.minecolonies.research.effects.blockhutglassblower.description', args=[5.0, 5.0, 500, 500]}
[04Mar2025 02:55:55.882] [main/DEBUG] [minecolonies/]: Parsed research recipe from minecolonies:unlockable/ironmesh [minecolonies:unlockable/minecolonies:unlockable/ironmesh]
[04Mar2025 02:55:55.882] [main/DEBUG] [minecolonies/]: translation{key='com.minecolonies.research.unlockable.ironmesh.name', args=[]} at 3/minecolonies:unlockable/flintmesh
[04Mar2025 02:55:55.882] [main/DEBUG] [minecolonies/]: Requirement: translation{key='com.minecolonies.coremod.research.requirement.building.mandatory.level', args=[translation{key='com.minecolonies.building.sifter', args=[]}, 4]}
[04Mar2025 02:55:55.882] [main/DEBUG] [minecolonies/]: Effect: minecolonies:effects/sifterironunlock translation{key='com.minecolonies.research.effects.sifterironunlock.description', args=[1.0, 1.0, 100, 100]}
[04Mar2025 02:55:55.882] [main/DEBUG] [minecolonies/]: Parsed research recipe from minecolonies:civilian/air [minecolonies:civilian/minecolonies:civilian/air]
[04Mar2025 02:55:55.882] [main/DEBUG] [minecolonies/]: translation{key='com.minecolonies.research.civilian.air.name', args=[]} at 2/minecolonies:civilian/ambition
[04Mar2025 02:55:55.883] [main/DEBUG] [minecolonies/]: Cost: com.minecolonies.core.research.costs.SimpleItemCost@7c09fdd7
[04Mar2025 02:55:55.883] [main/DEBUG] [minecolonies/]: Effect: minecolonies:effects/air translation{key='com.minecolonies.research.effects.air.description', args=[1.0, 1.0, 100, 100]}
[04Mar2025 02:55:55.883] [main/DEBUG] [minecolonies/]: Parsed research recipe from minecolonies:civilian/fortitude [minecolonies:civilian/minecolonies:civilian/fortitude]
[04Mar2025 02:55:55.883] [main/DEBUG] [minecolonies/]: translation{key='com.minecolonies.research.civilian.fortitude.name', args=[]} at 5/minecolonies:civilian/vitality
[04Mar2025 02:55:55.883] [main/DEBUG] [minecolonies/]: Requirement: translation{key='com.minecolonies.coremod.research.requirement.building.level', args=[translation{key='com.minecolonies.building.cook', args=[]}, 5]}
[04Mar2025 02:55:55.883] [main/DEBUG] [minecolonies/]: Cost: com.minecolonies.core.research.costs.SimpleItemCost@67b7bc72
[04Mar2025 02:55:55.883] [main/DEBUG] [minecolonies/]: Effect: minecolonies:effects/healingsaturationlimitaddition translation{key='com.minecolonies.research.effects.healingsaturationlimitaddition.description', args=[-0.5, -2.0, -50, -200]}
[04Mar2025 02:55:55.883] [main/DEBUG] [minecolonies/]: Parsed research recipe from minecolonies:technology/podzolchance [minecolonies:technology/minecolonies:technology/podzolchance]
[04Mar2025 02:55:55.883] [main/DEBUG] [minecolonies/]: translation{key='com.minecolonies.research.technology.podzolchance.name', args=[]} at 2/minecolonies:technology/biodegradable
[04Mar2025 02:55:55.883] [main/DEBUG] [minecolonies/]: Requirement: translation{key='com.minecolonies.coremod.research.requirement.building.level', args=[translation{key='com.minecolonies.building.composter', args=[]}, 2]}
[04Mar2025 02:55:55.883] [main/DEBUG] [minecolonies/]: Cost: com.minecolonies.core.research.costs.SimpleItemCost@5c937d8a
[04Mar2025 02:55:55.883] [main/DEBUG] [minecolonies/]: Effect: minecolonies:effects/podzolchancemultiplier translation{key='com.minecolonies.research.effects.podzolchancemultiplier.description', args=[1.0, 1.0, 100, 100]}
[04Mar2025 02:55:55.884] [main/DEBUG] [minecolonies/]: Parsed research recipe from minecolonies:civilian/resistance [minecolonies:civilian/minecolonies:civilian/resistance]
[04Mar2025 02:55:55.884] [main/DEBUG] [minecolonies/]: translation{key='com.minecolonies.research.civilian.resistance.name', args=[]} at 2/minecolonies:civilian/stamina
[04Mar2025 02:55:55.884] [main/DEBUG] [minecolonies/]: Requirement: translation{key='com.minecolonies.coremod.research.requirement.building.level', args=[translation{key='com.minecolonies.building.cook', args=[]}, 2]}
[04Mar2025 02:55:55.884] [main/DEBUG] [minecolonies/]: Cost: com.minecolonies.core.research.costs.SimpleItemCost@67b7b8b1
[04Mar2025 02:55:55.884] [main/DEBUG] [minecolonies/]: Effect: minecolonies:effects/healingsaturationlimitaddition translation{key='com.minecolonies.research.effects.healingsaturationlimitaddition.description', args=[-0.5, -0.5, -50, -50]}
[04Mar2025 02:55:55.884] [main/DEBUG] [minecolonies/]: Parsed research recipe from minecolonies:combat/riposte [minecolonies:combat/minecolonies:combat/riposte]
[04Mar2025 02:55:55.884] [main/DEBUG] [minecolonies/]: translation{key='com.minecolonies.research.combat.riposte.name', args=[]} at 3/minecolonies:combat/parry
[04Mar2025 02:55:55.884] [main/DEBUG] [minecolonies/]: Requirement: translation{key='com.minecolonies.coremod.research.requirement.building.level', args=[translation{key='com.minecolonies.building.combatacademy', args=[]}, 1]}
[04Mar2025 02:55:55.884] [main/DEBUG] [minecolonies/]: Cost: com.minecolonies.core.research.costs.SimpleItemCost@65bcc719
[04Mar2025 02:55:55.884] [main/DEBUG] [minecolonies/]: Effect: minecolonies:effects/meleearmormultiplier translation{key='com.minecolonies.research.effects.meleearmormultiplier.description', args=[0.05000000074505806, 0.10000000149011612, 5, 10]}
[04Mar2025 02:55:55.884] [main/DEBUG] [minecolonies/]: Parsed research recipe from minecolonies:civilian/firstaid [minecolonies:civilian/minecolonies:civilian/firstaid]
[04Mar2025 02:55:55.884] [main/DEBUG] [minecolonies/]: translation{key='com.minecolonies.research.civilian.firstaid.name', args=[]} at 1/minecraft:
[04Mar2025 02:55:55.884] [main/DEBUG] [minecolonies/]: Requirement: translation{key='com.minecolonies.coremod.research.requirement.building.level', args=[translation{key='com.minecolonies.building.townhall', args=[]}, 1]}
[04Mar2025 02:55:55.885] [main/DEBUG] [minecolonies/]: Cost: com.minecolonies.core.research.costs.SimpleItemCost@1f234f2d
[04Mar2025 02:55:55.885] [main/DEBUG] [minecolonies/]: Effect: minecolonies:effects/healthaddition translation{key='com.minecolonies.research.effects.healthaddition.description', args=[2.0, 2.0, 200, 200]}
[04Mar2025 02:55:55.885] [main/DEBUG] [minecolonies/]: Parsed research recipe from minecolonies:civilian/gorger [minecolonies:civilian/minecolonies:civilian/gorger]
[04Mar2025 02:55:55.885] [main/DEBUG] [minecolonies/]: translation{key='com.minecolonies.research.civilian.gorger.name', args=[]} at 3/minecolonies:civilian/gourmand
[04Mar2025 02:55:55.885] [main/DEBUG] [minecolonies/]: Requirement: translation{key='com.minecolonies.coremod.research.requirement.building.level', args=[translation{key='com.minecolonies.building.cook', args=[]}, 3]}
[04Mar2025 02:55:55.885] [main/DEBUG] [minecolonies/]: Cost: com.minecolonies.core.research.costs.SimpleItemCost@32c2a73b
[04Mar2025 02:55:55.885] [main/DEBUG] [minecolonies/]: Effect: minecolonies:effects/saturationmultiplier translation{key='com.minecolonies.research.effects.saturationmultiplier.description', args=[0.14999999850988388, 0.25, 15, 25]}
[04Mar2025 02:55:55.885] [main/DEBUG] [minecolonies/]: Parsed research recipe from minecolonies:combat/masterswordsman [minecolonies:combat/minecolonies:combat/masterswordsman]
[04Mar2025 02:55:55.885] [main/DEBUG] [minecolonies/]: translation{key='com.minecolonies.research.combat.masterswordsman.name', args=[]} at 6/minecolonies:combat/provost
[04Mar2025 02:55:55.885] [main/DEBUG] [minecolonies/]: Cost: com.minecolonies.core.research.costs.SimpleItemCost@689d59ee
[04Mar2025 02:55:55.885] [main/DEBUG] [minecolonies/]: Effect: minecolonies:effects/meleearmormultiplier translation{key='com.minecolonies.research.effects.meleearmormultiplier.description', args=[0.5, 1.0, 50, 100]}
[04Mar2025 02:55:55.885] [main/DEBUG] [minecolonies/]: Parsed research recipe from minecolonies:civilian/hormones [minecolonies:civilian/minecolonies:civilian/hormones]
[04Mar2025 02:55:55.886] [main/DEBUG] [minecolonies/]: translation{key='com.minecolonies.research.civilian.hormones.name', args=[]} at 3/minecolonies:civilian/nurture
[04Mar2025 02:55:55.886] [main/DEBUG] [minecolonies/]: Requirement: translation{key='com.minecolonies.coremod.research.requirement.building.level', args=[translation{key='com.minecolonies.building.school', args=[]}, 3]}
[04Mar2025 02:55:55.886] [main/DEBUG] [minecolonies/]: Cost: com.minecolonies.core.research.costs.SimpleItemCost@1b559ba6
[04Mar2025 02:55:55.886] [main/DEBUG] [minecolonies/]: Effect: minecolonies:effects/growthmultiplier translation{key='com.minecolonies.research.effects.growthmultiplier.description', args=[0.05000000074505806, 0.10000000149011612, 5, 10]}
[04Mar2025 02:55:55.886] [main/DEBUG] [minecolonies/]: Parsed research recipe from minecolonies:combat/taunt [minecolonies:combat/minecolonies:combat/taunt]
[04Mar2025 02:55:55.886] [main/DEBUG] [minecolonies/]: translation{key='com.minecolonies.research.combat.taunt.name', args=[]} at 1/minecraft:
[04Mar2025 02:55:55.886] [main/DEBUG] [minecolonies/]: Requirement: translation{key='com.minecolonies.coremod.research.requirement.building.level', args=[translation{key='com.minecolonies.building.guardtower', args=[]}, 1]}
[04Mar2025 02:55:55.886] [main/DEBUG] [minecolonies/]: Cost: com.minecolonies.core.research.costs.SimpleItemCost@7ac47f7f
[04Mar2025 02:55:55.886] [main/DEBUG] [minecolonies/]: Cost: com.minecolonies.core.research.costs.SimpleItemCost@64d09184
[04Mar2025 02:55:55.886] [main/DEBUG] [minecolonies/]: Cost: com.minecolonies.core.research.costs.SimpleItemCost@760676f8
[04Mar2025 02:55:55.886] [main/DEBUG] [minecolonies/]: Effect: minecolonies:effects/knighttauntmobsunlock translation{key='com.minecolonies.research.effects.knighttauntmobsunlock.description', args=[1.0, 1.0, 100, 100]}
[04Mar2025 02:55:55.886] [main/DEBUG] [minecolonies/]: Parsed research recipe from minecolonies:civilian/nimble [minecolonies:civilian/minecolonies:civilian/nimble]
[04Mar2025 02:55:55.886] [main/DEBUG] [minecolonies/]: translation{key='com.minecolonies.research.civilian.nimble.name', args=[]} at 3/minecolonies:civilian/rails
[04Mar2025 02:55:55.887] [main/DEBUG] [minecolonies/]: Requirement: translation{key='com.minecolonies.coremod.research.requirement.building.level', args=[translation{key='com.minecolonies.building.townhall', args=[]}, 3]}
[04Mar2025 02:55:55.887] [main/DEBUG] [minecolonies/]: Cost: com.minecolonies.core.research.costs.SimpleItemCost@6e39b675
[04Mar2025 02:55:55.887] [main/DEBUG] [minecolonies/]: Effect: minecolonies:effects/walkingmultiplier translation{key='com.minecolonies.research.effects.walkingmultiplier.description', args=[0.05000000074505806, 0.05000000074505806, 5, 5]}
[04Mar2025 02:55:55.887] [main/DEBUG] [minecolonies/]: Parsed research recipe from minecolonies:technology/steelbracing [minecolonies:technology/minecolonies:technology/steelbracing]
[04Mar2025 02:55:55.887] [main/DEBUG] [minecolonies/]: translation{key='com.minecolonies.research.technology.steelbracing.name', args=[]} at 5/minecolonies:technology/reinforced
[04Mar2025 02:55:55.887] [main/DEBUG] [minecolonies/]: Requirement: translation{key='com.minecolonies.coremod.research.requirement.building.level', args=[translation{key='com.minecolonies.building.blacksmith', args=[]}, 5]}
[04Mar2025 02:55:55.887] [main/DEBUG] [minecolonies/]: Cost: com.minecolonies.core.research.costs.SimpleItemCost@689d59ee
[04Mar2025 02:55:55.887] [main/DEBUG] [minecolonies/]: Effect: minecolonies:effects/tooldurabilitymultiplier translation{key='com.minecolonies.research.effects.tooldurabilitymultiplier.description', args=[0.25, 0.5, 25, 50]}
[04Mar2025 02:55:55.887] [main/DEBUG] [minecolonies/]: Parsed research recipe from minecolonies:combat/improveddodge [minecolonies:combat/minecolonies:combat/improveddodge]
[04Mar2025 02:55:55.887] [main/DEBUG] [minecolonies/]: translation{key='com.minecolonies.research.combat.improveddodge.name', args=[]} at 3/minecolonies:combat/dodge
[04Mar2025 02:55:55.887] [main/DEBUG] [minecolonies/]: Requirement: translation{key='com.minecolonies.coremod.research.requirement.building.level', args=[translation{key='com.minecolonies.building.archery', args=[]}, 1]}
[04Mar2025 02:55:55.887] [main/DEBUG] [minecolonies/]: Cost: com.minecolonies.core.research.costs.SimpleItemCost@5fd81f0c
[04Mar2025 02:55:55.887] [main/DEBUG] [minecolonies/]: Effect: minecolonies:effects/archerarmormultiplier translation{key='com.minecolonies.research.effects.archerarmormultiplier.description', args=[0.05000000074505806, 0.10000000149011612, 5, 10]}
[04Mar2025 02:55:55.888] [main/DEBUG] [minecolonies/]: Parsed research recipe from minecolonies:technology/strong [minecolonies:technology/minecolonies:technology/strong]
[04Mar2025 02:55:55.888] [main/DEBUG] [minecolonies/]: translation{key='com.minecolonies.research.technology.strong.name', args=[]} at 2/minecolonies:technology/hittingiron
[04Mar2025 02:55:55.888] [main/DEBUG] [minecolonies/]: Requirement: translation{key='com.minecolonies.coremod.research.requirement.building.level', args=[translation{key='com.minecolonies.building.blacksmith', args=[]}, 1]}
[04Mar2025 02:55:55.888] [main/DEBUG] [minecolonies/]: Cost: com.minecolonies.core.research.costs.SimpleItemCost@689d5326
[04Mar2025 02:55:55.888] [main/DEBUG] [minecolonies/]: Effect: minecolonies:effects/tooldurabilitymultiplier translation{key='com.minecolonies.research.effects.tooldurabilitymultiplier.description', args=[0.05000000074505806, 0.05000000074505806, 5, 5]}
[04Mar2025 02:55:55.888] [main/DEBUG] [minecolonies/]: Parsed research recipe from minecolonies:civilian/resurrectchance2 [minecolonies:civilian/minecolonies:civilian/resurrectchance2]
[04Mar2025 02:55:55.888] [main/DEBUG] [minecolonies/]: translation{key='com.minecolonies.research.civilian.resurrectchance2.name', args=[]} at 3/minecolonies:civilian/resurrectchance1
[04Mar2025 02:55:55.888] [main/DEBUG] [minecolonies/]: Requirement: translation{key='com.minecolonies.coremod.research.requirement.building.level', args=[translation{key='com.minecolonies.building.graveyard', args=[]}, 5]}
[04Mar2025 02:55:55.888] [main/DEBUG] [minecolonies/]: Cost: com.minecolonies.core.research.costs.SimpleItemCost@7ef60833
[04Mar2025 02:55:55.888] [main/DEBUG] [minecolonies/]: Effect: minecolonies:effects/resurrectchanceaddition translation{key='com.minecolonies.research.effects.resurrectchanceaddition.description', args=[0.019999999552965164, 0.029999999329447746, 2, 3]}
[04Mar2025 02:55:55.888] [main/DEBUG] [minecolonies/]: Parsed research recipe from minecolonies:technology/bonemeal [minecolonies:technology/minecolonies:technology/bonemeal]
[04Mar2025 02:55:55.888] [main/DEBUG] [minecolonies/]: translation{key='com.minecolonies.research.technology.bonemeal.name', args=[]} at 2/minecolonies:technology/biodegradable
[04Mar2025 02:55:55.888] [main/DEBUG] [minecolonies/]: Requirement: translation{key='com.minecolonies.coremod.research.requirement.building.level', args=[translation{key='com.minecolonies.building.miner', args=[]}, 3]}
[04Mar2025 02:55:55.888] [main/DEBUG] [minecolonies/]: Cost: com.minecolonies.core.research.costs.SimpleItemCost@53d8f89
[04Mar2025 02:55:55.889] [main/DEBUG] [minecolonies/]: Effect: minecolonies:effects/farmingmultiplier translation{key='com.minecolonies.research.effects.farmingmultiplier.description', args=[0.10000000149011612, 0.10000000149011612, 10, 10]}
[04Mar2025 02:55:55.889] [main/DEBUG] [minecolonies/]: Parsed research recipe from minecolonies:civilian/resurrectchance1 [minecolonies:civilian/minecolonies:civilian/resurrectchance1]
[04Mar2025 02:55:55.889] [main/DEBUG] [minecolonies/]: translation{key='com.minecolonies.research.civilian.resurrectchance1.name', args=[]} at 2/minecolonies:civilian/remembrance
[04Mar2025 02:55:55.889] [main/DEBUG] [minecolonies/]: Requirement: translation{key='com.minecolonies.coremod.research.requirement.building.level', args=[translation{key='com.minecolonies.building.graveyard', args=[]}, 3]}
[04Mar2025 02:55:55.889] [main/DEBUG] [minecolonies/]: Cost: com.minecolonies.core.research.costs.SimpleItemCost@54d8c9b7
[04Mar2025 02:55:55.889] [main/DEBUG] [minecolonies/]: Effect: minecolonies:effects/resurrectchanceaddition translation{key='com.minecolonies.research.effects.resurrectchanceaddition.description', args=[0.009999999776482582, 0.009999999776482582, 1, 1]}
[04Mar2025 02:55:55.889] [main/DEBUG] [minecolonies/]: Parsed research recipe from minecolonies:technology/compost [minecolonies:technology/minecolonies:technology/compost]
[04Mar2025 02:55:55.889] [main/DEBUG] [minecolonies/]: translation{key='com.minecolonies.research.technology.compost.name', args=[]} at 4/minecolonies:technology/dung
[04Mar2025 02:55:55.889] [main/DEBUG] [minecolonies/]: Requirement: translation{key='com.minecolonies.coremod.research.requirement.building.level', args=[translation{key='com.minecolonies.building.miner', args=[]}, 5]}
[04Mar2025 02:55:55.889] [main/DEBUG] [minecolonies/]: Cost: com.minecolonies.core.research.costs.SimpleItemCost@53da6c9
[04Mar2025 02:55:55.889] [main/DEBUG] [minecolonies/]: Effect: minecolonies:effects/farmingmultiplier translation{key='com.minecolonies.research.effects.farmingmultiplier.description', args=[0.25, 0.5, 25, 50]}
[04Mar2025 02:55:55.889] [main/DEBUG] [minecolonies/]: Parsed research recipe from minecolonies:civilian/vitality [minecolonies:civilian/minecolonies:civilian/vitality]
[04Mar2025 02:55:55.889] [main/DEBUG] [minecolonies/]: translation{key='com.minecolonies.research.civilian.vitality.name', args=[]} at 4/minecolonies:civilian/resilience
[04Mar2025 02:55:55.889] [main/DEBUG] [minecolonies/]: Requirement: translation{key='com.minecolonies.coremod.research.requirement.building.level', args=[translation{key='com.minecolonies.building.cook', args=[]}, 4]}
[04Mar2025 02:55:55.889] [main/DEBUG] [minecolonies/]: Cost: com.minecolonies.core.research.costs.SimpleItemCost@67b7ba82
[04Mar2025 02:55:55.889] [main/DEBUG] [minecolonies/]: Effect: minecolonies:effects/healingsaturationlimitaddition translation{key='com.minecolonies.research.effects.healingsaturationlimitaddition.description', args=[-0.5, -1.5, -50, -150]}
[04Mar2025 02:55:55.889] [main/DEBUG] [minecolonies/]: Parsed research recipe from minecolonies:combat/feint [minecolonies:combat/minecolonies:combat/feint]
[04Mar2025 02:55:55.890] [main/DEBUG] [minecolonies/]: translation{key='com.minecolonies.research.combat.feint.name', args=[]} at 3/minecolonies:combat/regeneration
[04Mar2025 02:55:55.890] [main/DEBUG] [minecolonies/]: Requirement: translation{key='com.minecolonies.coremod.research.requirement.building.level', args=[translation{key='com.minecolonies.building.guardtower', args=[]}, 4]}
[04Mar2025 02:55:55.890] [main/DEBUG] [minecolonies/]: Cost: com.minecolonies.core.research.costs.SimpleItemCost@33a8f4df
[04Mar2025 02:55:55.890] [main/DEBUG] [minecolonies/]: Effect: minecolonies:effects/fleeingdamagemultiplier translation{key='com.minecolonies.research.effects.fleeingdamagemultiplier.description', args=[0.20000000298023224, 0.20000000298023224, 20, 20]}
[04Mar2025 02:55:55.890] [main/DEBUG] [minecolonies/]: Parsed research recipe from minecolonies:technology/dung [minecolonies:technology/minecolonies:technology/dung]
[04Mar2025 02:55:55.890] [main/DEBUG] [minecolonies/]: translation{key='com.minecolonies.research.technology.dung.name', args=[]} at 3/minecolonies:technology/bonemeal
[04Mar2025 02:55:55.890] [main/DEBUG] [minecolonies/]: Requirement: translation{key='com.minecolonies.coremod.research.requirement.building.level', args=[translation{key='com.minecolonies.building.miner', args=[]}, 4]}
[04Mar2025 02:55:55.890] [main/DEBUG] [minecolonies/]: Cost: com.minecolonies.core.research.costs.SimpleItemCost@53d9749
[04Mar2025 02:55:55.890] [main/DEBUG] [minecolonies/]: Effect: minecolonies:effects/farmingmultiplier translation{key='com.minecolonies.research.effects.farmingmultiplier.description', args=[0.14999999850988388, 0.25, 15, 25]}
[04Mar2025 02:55:55.890] [main/DEBUG] [minecolonies/]: Parsed research recipe from minecolonies:technology/capacity [minecolonies:technology/minecolonies:technology/capacity]
[04Mar2025 02:55:55.890] [main/DEBUG] [minecolonies/]: translation{key='com.minecolonies.research.technology.capacity.name', args=[]} at 4/minecolonies:technology/space
[04Mar2025 02:55:55.890] [main/DEBUG] [minecolonies/]: Requirement: translation{key='com.minecolonies.coremod.research.requirement.building.level', args=[translation{key='com.minecolonies.building.miner', args=[]}, 4]}
[04Mar2025 02:55:55.890] [main/DEBUG] [minecolonies/]: Cost: com.minecolonies.core.research.costs.SimpleItemCost@79e328ad
[04Mar2025 02:55:55.890] [main/DEBUG] [minecolonies/]: Effect: minecolonies:effects/minimumstockmultiplier translation{key='com.minecolonies.research.effects.minimumstockmultiplier.description', args=[0.5, 1.0, 50, 100]}
[04Mar2025 02:55:55.890] [main/DEBUG] [minecolonies/]: Parsed research recipe from minecolonies:technology/richveins [minecolonies:technology/minecolonies:technology/richveins]
[04Mar2025 02:55:55.890] [main/DEBUG] [minecolonies/]: translation{key='com.minecolonies.research.technology.richveins.name', args=[]} at 4/minecolonies:technology/goodveins
[04Mar2025 02:55:55.890] [main/DEBUG] [minecolonies/]: Requirement: translation{key='com.minecolonies.coremod.research.requirement.building.level', args=[translation{key='com.minecolonies.building.blacksmith', args=[]}, 4]}
[04Mar2025 02:55:55.890] [main/DEBUG] [minecolonies/]: Cost: com.minecolonies.core.research.costs.TagItemCost@19512b52
[04Mar2025 02:55:55.890] [main/DEBUG] [minecolonies/]: Effect: minecolonies:effects/moreoresmultiplier translation{key='com.minecolonies.research.effects.moreoresmultiplier.description', args=[0.25, 0.5, 25, 50]}
[04Mar2025 02:55:55.890] [main/DEBUG] [minecolonies/]: Parsed research recipe from minecolonies:civilian/bachelor [minecolonies:civilian/minecolonies:civilian/bachelor]
[04Mar2025 02:55:55.890] [main/DEBUG] [minecolonies/]: translation{key='com.minecolonies.research.civilian.bachelor.name', args=[]} at 4/minecolonies:civilian/bookworm
[04Mar2025 02:55:55.891] [main/DEBUG] [minecolonies/]: Requirement: translation{key='com.minecolonies.coremod.research.requirement.building.level', args=[translation{key='com.minecolonies.building.library', args=[]}, 3]}
[04Mar2025 02:55:55.891] [main/DEBUG] [minecolonies/]: Cost: com.minecolonies.core.research.costs.SimpleItemCost@3e9c5b61
[04Mar2025 02:55:55.891] [main/DEBUG] [minecolonies/]: Effect: minecolonies:effects/teachingmultiplier translation{key='com.minecolonies.research.effects.teachingmultiplier.description', args=[0.14999999850988388, 0.25, 15, 25]}
[04Mar2025 02:55:55.891] [main/DEBUG] [minecolonies/]: Parsed research recipe from minecolonies:combat/captaintraining [minecolonies:combat/minecolonies:combat/captaintraining]
[04Mar2025 02:55:55.891] [main/DEBUG] [minecolonies/]: translation{key='com.minecolonies.research.combat.captaintraining.name', args=[]} at 5/minecolonies:combat/knighttraining
[04Mar2025 02:55:55.891] [main/DEBUG] [minecolonies/]: Requirement: translation{key='com.minecolonies.coremod.research.requirement.building.level', args=[translation{key='com.minecolonies.building.combatacademy', args=[]}, 5]}
[04Mar2025 02:55:55.891] [main/DEBUG] [minecolonies/]: Cost: com.minecolonies.core.research.costs.SimpleItemCost@35a6f560
[04Mar2025 02:55:55.891] [main/DEBUG] [minecolonies/]: Effect: minecolonies:effects/blockattacksmultiplier translation{key='com.minecolonies.research.effects.blockattacksmultiplier.description', args=[0.14999999850988388, 0.25, 15, 25]}
[04Mar2025 02:55:55.891] [main/DEBUG] [minecolonies/]: Parsed research recipe from minecolonies:technology/diamondcoated [minecolonies:technology/minecolonies:technology/diamondcoated]
[04Mar2025 02:55:55.891] [main/DEBUG] [minecolonies/]: translation{key='com.minecolonies.research.technology.diamondcoated.name', args=[]} at 6/minecolonies:technology/steelbracing
[04Mar2025 02:55:55.891] [main/DEBUG] [minecolonies/]: Cost: com.minecolonies.core.research.costs.SimpleItemCost@689d61ae
[04Mar2025 02:55:55.891] [main/DEBUG] [minecolonies/]: Effect: minecolonies:effects/tooldurabilitymultiplier translation{key='com.minecolonies.research.effects.tooldurabilitymultiplier.description', args=[0.3999999761581421, 0.8999999761581421, 40, 90]}
[04Mar2025 02:55:55.891] [main/DEBUG] [minecolonies/]: Parsed research recipe from minecolonies:technology/depthknowledge [minecolonies:technology/minecolonies:technology/depthknowledge]
[04Mar2025 02:55:55.891] [main/DEBUG] [minecolonies/]: translation{key='com.minecolonies.research.technology.depthknowledge.name', args=[]} at 3/minecolonies:technology/rockingroll
[04Mar2025 02:55:55.891] [main/DEBUG] [minecolonies/]: Requirement: translation{key='com.minecolonies.coremod.research.requirement.building.level', args=[translation{key='com.minecolonies.building.crusher', args=[]}, 3]}
[04Mar2025 02:55:55.891] [main/DEBUG] [minecolonies/]: Cost: com.minecolonies.core.research.costs.SimpleItemCost@143ac2e1
[04Mar2025 02:55:55.891] [main/DEBUG] [minecolonies/]: Effect: minecolonies:effects/knowledgeofthedepthsunlock translation{key='com.minecolonies.research.effects.knowledgeofthedepthsunlock.description', args=[1.0, 1.0, 100, 100]}
[04Mar2025 02:55:55.892] [main/DEBUG] [minecolonies/]: Parsed research recipe from minecolonies:technology/rainbowheaven [minecolonies:technology/minecolonies:technology/rainbowheaven]
[04Mar2025 02:55:55.892] [main/DEBUG] [minecolonies/]: translation{key='com.minecolonies.research.technology.rainbowheaven.name', args=[]} at 2/minecolonies:technology/biodegradable
[04Mar2025 02:55:55.892] [main/DEBUG] [minecolonies/]: Requirement: translation{key='com.minecolonies.coremod.research.requirement.building.level', args=[translation{key='com.minecolonies.building.composter', args=[]}, 3]}
[04Mar2025 02:55:55.892] [main/DEBUG] [minecolonies/]: Cost: com.minecolonies.core.research.costs.SimpleItemCost@4b48c61c
[04Mar2025 02:55:55.892] [main/DEBUG] [minecolonies/]: Effect: minecolonies:effects/blockhutdyer translation{key='com.minecolonies.research.effects.blockhutdyer.description', args=[5.0, 5.0, 500, 500]}
[04Mar2025 02:55:55.892] [main/DEBUG] [minecolonies/]: Parsed research recipe from minecolonies:technology/opennether [minecolonies:technology/minecolonies:technology/opennether]
[04Mar2025 02:55:55.892] [main/DEBUG] [minecolonies/]: translation{key='com.minecolonies.research.technology.opennether.name', args=[]} at 2/minecolonies:technology/morescrolls
[04Mar2025 02:55:55.892] [main/DEBUG] [minecolonies/]: Cost: com.minecolonies.core.research.costs.SimpleItemCost@7720e16d
[04Mar2025 02:55:55.892] [main/DEBUG] [minecolonies/]: Effect: minecolonies:effects/blockhutnetherworker translation{key='com.minecolonies.research.effects.blockhutnetherworker.description', args=[5.0, 5.0, 500, 500]}
[04Mar2025 02:55:55.892] [main/DEBUG] [minecolonies/]: Parsed research recipe from minecolonies:technology/cheatsheet [minecolonies:technology/minecolonies:technology/cheatsheet]
[04Mar2025 02:55:55.892] [main/DEBUG] [minecolonies/]: translation{key='com.minecolonies.research.technology.cheatsheet.name', args=[]} at 3/minecolonies:technology/memoryaid
[04Mar2025 02:55:55.892] [main/DEBUG] [minecolonies/]: Requirement: translation{key='com.minecolonies.coremod.research.requirement.building.level', args=[translation{key='com.minecolonies.building.sawmill', args=[]}, 2]}
[04Mar2025 02:55:55.892] [main/DEBUG] [minecolonies/]: Cost: com.minecolonies.core.research.costs.SimpleItemCost@782b1a89
[04Mar2025 02:55:55.893] [main/DEBUG] [minecolonies/]: Effect: minecolonies:effects/recipesmultiplier translation{key='com.minecolonies.research.effects.recipesmultiplier.description', args=[0.25, 0.5, 25, 50]}
[04Mar2025 02:55:55.893] [main/DEBUG] [minecolonies/]: Parsed research recipe from minecolonies:combat/improvedleather [minecolonies:combat/minecolonies:combat/improvedleather]
[04Mar2025 02:55:55.893] [main/DEBUG] [minecolonies/]: translation{key='com.minecolonies.research.combat.improvedleather.name', args=[]} at 1/minecraft:
[04Mar2025 02:55:55.893] [main/DEBUG] [minecolonies/]: Requirement: translation{key='com.minecolonies.coremod.research.requirement.building.level', args=[translation{key='com.minecolonies.building.townhall', args=[]}, 1]}
[04Mar2025 02:55:55.893] [main/DEBUG] [minecolonies/]: Cost: com.minecolonies.core.research.costs.SimpleItemCost@5fd81f0c
[04Mar2025 02:55:55.893] [main/DEBUG] [minecolonies/]: Effect: minecolonies:effects/armordurabilitymultiplier translation{key='com.minecolonies.research.effects.armordurabilitymultiplier.description', args=[0.10000000149011612, 0.10000000149011612, 10, 10]}
[04Mar2025 02:55:55.893] [main/DEBUG] [minecolonies/]: Parsed research recipe from minecolonies:combat/arrowuse [minecolonies:combat/minecolonies:combat/arrowuse]
[04Mar2025 02:55:55.893] [main/DEBUG] [minecolonies/]: translation{key='com.minecolonies.research.combat.arrowuse.name', args=[]} at 2/minecolonies:combat/taunt
[04Mar2025 02:55:55.894] [main/DEBUG] [minecolonies/]: Requirement: translation{key='com.minecolonies.coremod.research.requirement.building.level', args=[translation{key='com.minecolonies.building.guardtower', args=[]}, 2]}
[04Mar2025 02:55:55.894] [main/DEBUG] [minecolonies/]: Cost: com.minecolonies.core.research.costs.SimpleItemCost@41c98b93
[04Mar2025 02:55:55.894] [main/DEBUG] [minecolonies/]: Effect: minecolonies:effects/consumearrowsunlock translation{key='com.minecolonies.research.effects.consumearrowsunlock.description', args=[1.0, 1.0, 100, 100]}
[04Mar2025 02:55:55.894] [main/DEBUG] [minecolonies/]: Parsed research recipe from minecolonies:civilian/nightowl2 [minecolonies:civilian/minecolonies:civilian/nightowl2]
[04Mar2025 02:55:55.894] [main/DEBUG] [minecolonies/]: translation{key='com.minecolonies.research.civilian.nightowl2.name', args=[]} at 4/minecolonies:civilian/nightowl
[04Mar2025 02:55:55.894] [main/DEBUG] [minecolonies/]: Requirement: translation{key='com.minecolonies.coremod.research.requirement.building.level', args=[translation{key='com.minecolonies.building.townhall', args=[]}, 3]}
[04Mar2025 02:55:55.894] [main/DEBUG] [minecolonies/]: Cost: com.minecolonies.core.research.costs.SimpleItemCost@70de277a
[04Mar2025 02:55:55.894] [main/DEBUG] [minecolonies/]: Effect: minecolonies:effects/workingdayhaddition translation{key='com.minecolonies.research.effects.workingdayhaddition.description', args=[1.0, 2.0, 100, 200]}
[04Mar2025 02:55:55.894] [main/DEBUG] [minecolonies/]: Parsed research recipe from minecolonies:technology/ability [minecolonies:technology/minecolonies:technology/ability]
[04Mar2025 02:55:55.894] [main/DEBUG] [minecolonies/]: translation{key='com.minecolonies.research.technology.ability.name', args=[]} at 2/minecolonies:technology/hittingiron
[04Mar2025 02:55:55.895] [main/DEBUG] [minecolonies/]: Requirement: translation{key='com.minecolonies.coremod.research.requirement.building.level', args=[translation{key='com.minecolonies.building.miner', args=[]}, 1]}
[04Mar2025 02:55:55.895] [main/DEBUG] [minecolonies/]: Cost: com.minecolonies.core.research.costs.SimpleItemCost@65bccaf9
[04Mar2025 02:55:55.895] [main/DEBUG] [minecolonies/]: Effect: minecolonies:effects/blockplacespeedmultiplier translation{key='com.minecolonies.research.effects.blockplacespeedmultiplier.description', args=[0.10000000149011612, 0.10000000149011612, 10, 10]}
[04Mar2025 02:55:55.895] [main/DEBUG] [minecolonies/]: Parsed research recipe from minecolonies:civilian/keen [minecolonies:civilian/minecolonies:civilian/keen]
[04Mar2025 02:55:55.895] [main/DEBUG] [minecolonies/]: translation{key='com.minecolonies.research.civilian.keen.name', args=[]} at 1/minecraft:
[04Mar2025 02:55:55.895] [main/DEBUG] [minecolonies/]: Requirement: translation{key='com.minecolonies.coremod.research.requirement.building.level', args=[translation{key='com.minecolonies.building.residence', args=[]}, 3]}
[04Mar2025 02:55:55.895] [main/DEBUG] [minecolonies/]: Cost: com.minecolonies.core.research.costs.SimpleItemCost@1cdb4c30
[04Mar2025 02:55:55.895] [main/DEBUG] [minecolonies/]: Effect: minecolonies:effects/blockhutlibrary translation{key='com.minecolonies.research.effects.blockhutlibrary.description', args=[5.0, 5.0, 500, 500]}
[04Mar2025 02:55:55.895] [main/DEBUG] [minecolonies/]: Parsed research recipe from minecolonies:combat/flee [minecolonies:combat/minecolonies:combat/flee]
[04Mar2025 02:55:55.895] [main/DEBUG] [minecolonies/]: translation{key='com.minecolonies.research.combat.flee.name', args=[]} at 5/minecolonies:combat/evade
[04Mar2025 02:55:55.895] [main/DEBUG] [minecolonies/]: Requirement: translation{key='com.minecolonies.coremod.research.requirement.building.level', args=[translation{key='com.minecolonies.building.guardtower', args=[]}, 12]}
[04Mar2025 02:55:55.895] [main/DEBUG] [minecolonies/]: Cost: com.minecolonies.core.research.costs.SimpleItemCost@33a8f7c7
[04Mar2025 02:55:55.895] [main/DEBUG] [minecolonies/]: Effect: minecolonies:effects/fleeingspeedaddition translation{key='com.minecolonies.research.effects.fleeingspeedaddition.description', args=[1.0, 3.0, 100, 300]}
[04Mar2025 02:55:55.895] [main/DEBUG] [minecolonies/]: Parsed research recipe from minecolonies:combat/fullretreat [minecolonies:combat/minecolonies:combat/fullretreat]
[04Mar2025 02:55:55.895] [main/DEBUG] [minecolonies/]: translation{key='com.minecolonies.research.combat.fullretreat.name', args=[]} at 6/minecolonies:combat/retreat
[04Mar2025 02:55:55.895] [main/DEBUG] [minecolonies/]: Cost: com.minecolonies.core.research.costs.SimpleItemCost@33a8fba7
[04Mar2025 02:55:55.896] [main/DEBUG] [minecolonies/]: Effect: minecolonies:effects/fleeingdamagemultiplier translation{key='com.minecolonies.research.effects.fleeingdamagemultiplier.description', args=[0.3499999940395355, 0.75, 35, 75]}
[04Mar2025 02:55:55.896] [main/DEBUG] [minecolonies/]: Parsed research recipe from minecolonies:technology/hotboots [minecolonies:technology/minecolonies:technology/hotboots]
[04Mar2025 02:55:55.896] [main/DEBUG] [minecolonies/]: translation{key='com.minecolonies.research.technology.hotboots.name', args=[]} at 3/minecolonies:technology/stringwork
[04Mar2025 02:55:55.896] [main/DEBUG] [minecolonies/]: Requirement: translation{key='com.minecolonies.coremod.research.requirement.building.level', args=[translation{key='com.minecolonies.building.fletcher', args=[]}, 1]}
[04Mar2025 02:55:55.896] [main/DEBUG] [minecolonies/]: Cost: com.minecolonies.core.research.costs.SimpleItemCost@5fd81f0c
[04Mar2025 02:55:55.896] [main/DEBUG] [minecolonies/]: Cost: com.minecolonies.core.research.costs.SimpleItemCost@65bcc529
[04Mar2025 02:55:55.896] [main/DEBUG] [minecolonies/]: Effect: minecolonies:effects/minerfireresunlock translation{key='com.minecolonies.research.effects.minerfireresunlock.description', args=[1.0, 1.0, 100, 100]}
[04Mar2025 02:55:55.896] [main/DEBUG] [minecolonies/]: Parsed research recipe from minecolonies:technology/motherlode [minecolonies:technology/minecolonies:technology/motherlode]
[04Mar2025 02:55:55.896] [main/DEBUG] [minecolonies/]: translation{key='com.minecolonies.research.technology.motherlode.name', args=[]} at 6/minecolonies:technology/amazingveins
[04Mar2025 02:55:55.896] [main/DEBUG] [minecolonies/]: Cost: com.minecolonies.core.research.costs.TagItemCost@9fbe06be
[04Mar2025 02:55:55.896] [main/DEBUG] [minecolonies/]: Effect: minecolonies:effects/moreoresmultiplier translation{key='com.minecolonies.research.effects.moreoresmultiplier.description', args=[1.0, 2.0, 100, 200]}
[04Mar2025 02:55:55.896] [main/DEBUG] [minecolonies/]: Parsed research recipe from minecolonies:technology/reinforced [minecolonies:technology/minecolonies:technology/reinforced]
[04Mar2025 02:55:55.896] [main/DEBUG] [minecolonies/]: translation{key='com.minecolonies.research.technology.reinforced.name', args=[]} at 4/minecolonies:technology/hardened
[04Mar2025 02:55:55.896] [main/DEBUG] [minecolonies/]: Requirement: translation{key='com.minecolonies.coremod.research.requirement.building.level', args=[translation{key='com.minecolonies.building.blacksmith', args=[]}, 3]}
[04Mar2025 02:55:55.896] [main/DEBUG] [minecolonies/]: Cost: com.minecolonies.core.research.costs.SimpleItemCost@689d560e
[04Mar2025 02:55:55.896] [main/DEBUG] [minecolonies/]: Effect: minecolonies:effects/tooldurabilitymultiplier translation{key='com.minecolonies.research.effects.tooldurabilitymultiplier.description', args=[0.14999999850988388, 0.25, 15, 25]}
[04Mar2025 02:55:55.896] [main/DEBUG] [minecolonies/]: Parsed research recipe from minecolonies:technology/whatisthisspeed [minecolonies:technology/minecolonies:technology/whatisthisspeed]
[04Mar2025 02:55:55.896] [main/DEBUG] [minecolonies/]: translation{key='com.minecolonies.research.technology.whatisthisspeed.name', args=[]} at 5/minecolonies:technology/heavymachinery
[04Mar2025 02:55:55.896] [main/DEBUG] [minecolonies/]: Cost: com.minecolonies.core.research.costs.SimpleItemCost@6f780d7c
[04Mar2025 02:55:55.896] [main/DEBUG] [minecolonies/]: Effect: minecolonies:effects/blockbreakspeedmultiplier translation{key='com.minecolonies.research.effects.blockbreakspeedmultiplier.description', args=[0.5, 1.0, 50, 100]}
[04Mar2025 02:55:55.897] [main/DEBUG] [minecolonies/]: Parsed research recipe from minecolonies:combat/penetratingshot [minecolonies:combat/minecolonies:combat/penetratingshot]
[04Mar2025 02:55:55.897] [main/DEBUG] [minecolonies/]: translation{key='com.minecolonies.research.combat.penetratingshot.name', args=[]} at 3/minecolonies:combat/preciseshot
[04Mar2025 02:55:55.897] [main/DEBUG] [minecolonies/]: Requirement: translation{key='com.minecolonies.coremod.research.requirement.building.level', args=[translation{key='com.minecolonies.building.archery', args=[]}, 3]}
[04Mar2025 02:55:55.897] [main/DEBUG] [minecolonies/]: Cost: com.minecolonies.core.research.costs.SimpleItemCost@8921b29
[04Mar2025 02:55:55.897] [main/DEBUG] [minecolonies/]: Effect: minecolonies:effects/archerdamageaddition translation{key='com.minecolonies.research.effects.archerdamageaddition.description', args=[0.5, 1.0, 50, 100]}
[04Mar2025 02:55:55.897] [main/DEBUG] [minecolonies/]: Parsed research recipe from minecolonies:combat/boiledleather [minecolonies:combat/minecolonies:combat/boiledleather]
[04Mar2025 02:55:55.897] [main/DEBUG] [minecolonies/]: translation{key='com.minecolonies.research.combat.boiledleather.name', args=[]} at 2/minecolonies:combat/improvedleather
[04Mar2025 02:55:55.897] [main/DEBUG] [minecolonies/]: Requirement: translation{key='com.minecolonies.coremod.research.requirement.building.level', args=[translation{key='com.minecolonies.building.townhall', args=[]}, 2]}
[04Mar2025 02:55:55.897] [main/DEBUG] [minecolonies/]: Cost: com.minecolonies.core.research.costs.SimpleItemCost@5fd822ec
[04Mar2025 02:55:55.897] [main/DEBUG] [minecolonies/]: Effect: minecolonies:effects/armordurabilitymultiplier translation{key='com.minecolonies.research.effects.armordurabilitymultiplier.description', args=[0.10000000149011612, 0.20000000298023224, 10, 20]}
[04Mar2025 02:55:55.897] [main/DEBUG] [minecolonies/]: Parsed research recipe from minecolonies:technology/heavilyloaded [minecolonies:technology/minecolonies:technology/heavilyloaded]
[04Mar2025 02:55:55.897] [main/DEBUG] [minecolonies/]: translation{key='com.minecolonies.research.technology.heavilyloaded.name', args=[]} at 6/minecolonies:technology/loaded
[04Mar2025 02:55:55.897] [main/DEBUG] [minecolonies/]: Cost: com.minecolonies.core.research.costs.SimpleItemCost@33a912e7
[04Mar2025 02:55:55.897] [main/DEBUG] [minecolonies/]: Effect: minecolonies:effects/citizeninvslotsaddition translation{key='com.minecolonies.research.effects.citizeninvslotsaddition.description', args=[9.0, 27.0, 900, 2700]}
[04Mar2025 02:55:55.897] [main/DEBUG] [minecolonies/]: Parsed research recipe from minecolonies:combat/whirlwind [minecolonies:combat/minecolonies:combat/whirlwind]
[04Mar2025 02:55:55.897] [main/DEBUG] [minecolonies/]: translation{key='com.minecolonies.research.combat.whirlwind.name', args=[]} at 4/minecolonies:combat/arrowpierce
[04Mar2025 02:55:55.897] [main/DEBUG] [minecolonies/]: Requirement: translation{key='com.minecolonies.coremod.research.requirement.building.level', args=[translation{key='com.minecolonies.building.barracks', args=[]}, 4]}
[04Mar2025 02:55:55.897] [main/DEBUG] [minecolonies/]: Cost: com.minecolonies.core.research.costs.SimpleItemCost@6f77993c
[04Mar2025 02:55:55.897] [main/DEBUG] [minecolonies/]: Cost: com.minecolonies.core.research.costs.SimpleItemCost@31858440
[04Mar2025 02:55:55.897] [main/DEBUG] [minecolonies/]: Cost: com.minecolonies.core.research.costs.SimpleItemCost@1bf2de95
[04Mar2025 02:55:55.897] [main/DEBUG] [minecolonies/]: Effect: minecolonies:effects/whirlwindabilityunlock translation{key='com.minecolonies.research.effects.whirlwindabilityunlock.description', args=[1.0, 1.0, 100, 100]}
[04Mar2025 02:55:55.898] [main/DEBUG] [minecolonies/]: Parsed research recipe from minecolonies:technology/rockingroll [minecolonies:technology/minecolonies:technology/rockingroll]
[04Mar2025 02:55:55.898] [main/DEBUG] [minecolonies/]: translation{key='com.minecolonies.research.technology.rockingroll.name', args=[]} at 2/minecolonies:technology/stonecake
[04Mar2025 02:55:55.898] [main/DEBUG] [minecolonies/]: Requirement: translation{key='com.minecolonies.coremod.research.requirement.building.level', args=[translation{key='com.minecolonies.building.stonemason', args=[]}, 1]}
[04Mar2025 02:55:55.898] [main/DEBUG] [minecolonies/]: Cost: com.minecolonies.core.research.costs.SimpleItemCost@2ea834af
[04Mar2025 02:55:55.898] [main/DEBUG] [minecolonies/]: Effect: minecolonies:effects/blockhutcrusher translation{key='com.minecolonies.research.effects.blockhutcrusher.description', args=[5.0, 5.0, 500, 500]}
[04Mar2025 02:55:55.898] [main/DEBUG] [minecolonies/]: Parsed research recipe from minecolonies:civilian/nightowl [minecolonies:civilian/minecolonies:civilian/nightowl]
[04Mar2025 02:55:55.898] [main/DEBUG] [minecolonies/]: translation{key='com.minecolonies.research.civilian.nightowl.name', args=[]} at 3/minecolonies:civilian/circus
[04Mar2025 02:55:55.898] [main/DEBUG] [minecolonies/]: Requirement: translation{key='com.minecolonies.coremod.research.requirement.building.level', args=[translation{key='com.minecolonies.building.library', args=[]}, 2]}
[04Mar2025 02:55:55.898] [main/DEBUG] [minecolonies/]: Cost: com.minecolonies.core.research.costs.SimpleItemCost@70de216c
[04Mar2025 02:55:55.898] [main/DEBUG] [minecolonies/]: Effect: minecolonies:effects/workingdayhaddition translation{key='com.minecolonies.research.effects.workingdayhaddition.description', args=[1.0, 1.0, 100, 100]}
[04Mar2025 02:55:55.898] [main/DEBUG] [minecolonies/]: Parsed research recipe from minecolonies:civilian/vines [minecolonies:civilian/minecolonies:civilian/vines]
[04Mar2025 02:55:55.898] [main/DEBUG] [minecolonies/]: translation{key='com.minecolonies.research.civilian.vines.name', args=[]} at 2/minecolonies:civilian/keen
[04Mar2025 02:55:55.898] [main/DEBUG] [minecolonies/]: Requirement: translation{key='com.minecolonies.coremod.research.requirement.building.level', args=[translation{key='com.minecolonies.building.residence', args=[]}, 3]}
[04Mar2025 02:55:55.898] [main/DEBUG] [minecolonies/]: Cost: com.minecolonies.core.research.costs.SimpleItemCost@5bd12296
[04Mar2025 02:55:55.898] [main/DEBUG] [minecolonies/]: Effect: minecolonies:effects/vinesunlock translation{key='com.minecolonies.research.effects.vinesunlock.description', args=[1.0, 1.0, 100, 100]}
[04Mar2025 02:55:55.898] [main/DEBUG] [minecolonies/]: Parsed research recipe from minecolonies:technology/oceanheart [minecolonies:technology/minecolonies:technology/oceanheart]
[04Mar2025 02:55:55.898] [main/DEBUG] [minecolonies/]: translation{key='com.minecolonies.research.technology.oceanheart.name', args=[]} at 4/minecolonies:technology/alchemist
[04Mar2025 02:55:55.898] [main/DEBUG] [minecolonies/]: Requirement: translation{key='com.minecolonies.coremod.research.requirement.building.level', args=[translation{key='com.minecolonies.building.fisherman', args=[]}, 4]}
[04Mar2025 02:55:55.899] [main/DEBUG] [minecolonies/]: Cost: com.minecolonies.core.research.costs.SimpleItemCost@7c09fdd7
[04Mar2025 02:55:55.899] [main/DEBUG] [minecolonies/]: Effect: minecolonies:effects/fishingtreasure translation{key='com.minecolonies.research.effects.fishingtreasure.description', args=[1.0, 1.0, 100, 100]}
[04Mar2025 02:55:55.899] [main/DEBUG] [minecolonies/]: Parsed research recipe from minecolonies:combat/platearmor [minecolonies:combat/minecolonies:combat/platearmor]
[04Mar2025 02:55:55.899] [main/DEBUG] [minecolonies/]: translation{key='com.minecolonies.research.combat.platearmor.name', args=[]} at 5/minecolonies:combat/ironarmor
[04Mar2025 02:55:55.899] [main/DEBUG] [minecolonies/]: Requirement: translation{key='com.minecolonies.coremod.research.requirement.building.mandatory.level', args=[translation{key='com.minecolonies.building.blacksmith', args=[]}, 4]}
[04Mar2025 02:55:55.899] [main/DEBUG] [minecolonies/]: Cost: com.minecolonies.core.research.costs.SimpleItemCost@65bcc719
[04Mar2025 02:55:55.899] [main/DEBUG] [minecolonies/]: Effect: minecolonies:effects/platearmorunlock translation{key='com.minecolonies.research.effects.platearmorunlock.description', args=[1.0, 1.0, 100, 100]}
[04Mar2025 02:55:55.899] [main/DEBUG] [minecolonies/]: Parsed research recipe from minecolonies:combat/masterbowman [minecolonies:combat/minecolonies:combat/masterbowman]
[04Mar2025 02:55:55.899] [main/DEBUG] [minecolonies/]: translation{key='com.minecolonies.research.combat.masterbowman.name', args=[]} at 6/minecolonies:combat/rapidshot
[04Mar2025 02:55:55.899] [main/DEBUG] [minecolonies/]: Cost: com.minecolonies.core.research.costs.SimpleItemCost@7d932956
[04Mar2025 02:55:55.899] [main/DEBUG] [minecolonies/]: Effect: minecolonies:effects/doublearrowsmultiplier translation{key='com.minecolonies.research.effects.doublearrowsmultiplier.description', args=[0.25, 0.5, 25, 50]}
[04Mar2025 02:55:55.899] [main/DEBUG] [minecolonies/]: Parsed research recipe from minecolonies:civilian/hamlet [minecolonies:civilian/minecolonies:civilian/hamlet]
[04Mar2025 02:55:55.899] [main/DEBUG] [minecolonies/]: translation{key='com.minecolonies.research.civilian.hamlet.name', args=[]} at 3/minecolonies:civilian/outpost
[04Mar2025 02:55:55.899] [main/DEBUG] [minecolonies/]: Requirement: translation{key='com.minecolonies.coremod.research.requirement.building.level', args=[translation{key='com.minecolonies.building.residence', args=[]}, 5]}
[04Mar2025 02:55:55.899] [main/DEBUG] [minecolonies/]: Cost: com.minecolonies.core.research.costs.SimpleItemCost@134c421a
[04Mar2025 02:55:55.899] [main/DEBUG] [minecolonies/]: Effect: minecolonies:effects/citizencapaddition translation{key='com.minecolonies.research.effects.citizencapaddition.description', args=[50.0, 100.0, 5000, 10000]}
[04Mar2025 02:55:55.899] [main/DEBUG] [minecolonies/]: Parsed research recipe from minecolonies:civilian/rails [minecolonies:civilian/minecolonies:civilian/rails]
[04Mar2025 02:55:55.900] [main/DEBUG] [minecolonies/]: translation{key='com.minecolonies.research.civilian.rails.name', args=[]} at 2/minecolonies:civilian/keen
[04Mar2025 02:55:55.900] [main/DEBUG] [minecolonies/]: Requirement: translation{key='com.minecolonies.coremod.research.requirement.building.level', args=[translation{key='com.minecolonies.building.deliveryman', args=[]}, 3]}
[04Mar2025 02:55:55.900] [main/DEBUG] [minecolonies/]: Cost: com.minecolonies.core.research.costs.SimpleItemCost@18f6d4b4
[04Mar2025 02:55:55.900] [main/DEBUG] [minecolonies/]: Effect: minecolonies:effects/railsunlock translation{key='com.minecolonies.research.effects.railsunlock.description', args=[1.0, 1.0, 100, 100]}
[04Mar2025 02:55:55.900] [main/DEBUG] [minecolonies/]: Parsed research recipe from minecolonies:combat/druidpotion [minecolonies:combat/minecolonies:combat/druidpotion]
[04Mar2025 02:55:55.900] [main/DEBUG] [minecolonies/]: translation{key='com.minecolonies.research.combat.druidpotion.name', args=[]} at 3/minecolonies:combat/arrowuse
[04Mar2025 02:55:55.900] [main/DEBUG] [minecolonies/]: Requirement: translation{key='com.minecolonies.coremod.research.requirement.building.level', args=[translation{key='com.minecolonies.building.barracks', args=[]}, 3]}
[04Mar2025 02:55:55.900] [main/DEBUG] [minecolonies/]: Cost: com.minecolonies.core.research.costs.SimpleItemCost@21e5fa90
[04Mar2025 02:55:55.900] [main/DEBUG] [minecolonies/]: Effect: minecolonies:effects/consumepotions translation{key='com.minecolonies.research.effects.consumepotions.description', args=[1.0, 1.0, 100, 100]}
[04Mar2025 02:55:55.900] [main/DEBUG] [minecolonies/]: Parsed research recipe from minecolonies:civilian/morebooks [minecolonies:civilian/minecolonies:civilian/morebooks]
[04Mar2025 02:55:55.900] [main/DEBUG] [minecolonies/]: translation{key='com.minecolonies.research.civilian.morebooks.name', args=[]} at 2/minecolonies:civilian/higherlearning
[04Mar2025 02:55:55.900] [main/DEBUG] [minecolonies/]: Requirement: translation{key='com.minecolonies.coremod.research.requirement.building.level', args=[translation{key='com.minecolonies.building.school', args=[]}, 1]}
[04Mar2025 02:55:55.900] [main/DEBUG] [minecolonies/]: Cost: com.minecolonies.core.research.costs.SimpleItemCost@1cdb4c8d
[04Mar2025 02:55:55.900] [main/DEBUG] [minecolonies/]: Effect: minecolonies:effects/teachingmultiplier translation{key='com.minecolonies.research.effects.teachingmultiplier.description', args=[0.05000000074505806, 0.05000000074505806, 5, 5]}
[04Mar2025 02:55:55.900] [main/DEBUG] [minecolonies/]: Parsed research recipe from minecolonies:technology/whatyaneed [minecolonies:technology/minecolonies:technology/whatyaneed]
[04Mar2025 02:55:55.900] [main/DEBUG] [minecolonies/]: translation{key='com.minecolonies.research.technology.whatyaneed.name', args=[]} at 2/minecolonies:technology/hittingiron
[04Mar2025 02:55:55.900] [main/DEBUG] [minecolonies/]: Requirement: translation{key='com.minecolonies.coremod.research.requirement.building.level', args=[translation{key='com.minecolonies.building.blacksmith', args=[]}, 3]}
[04Mar2025 02:55:55.901] [main/DEBUG] [minecolonies/]: Cost: com.minecolonies.core.research.costs.SimpleItemCost@6f77993c
[04Mar2025 02:55:55.901] [main/DEBUG] [minecolonies/]: Effect: minecolonies:effects/blockhutmechanic translation{key='com.minecolonies.research.effects.blockhutmechanic.description', args=[5.0, 5.0, 500, 500]}
[04Mar2025 02:55:55.901] [main/DEBUG] [minecolonies/]: Parsed research recipe from minecolonies:civilian/stuffer [minecolonies:civilian/minecolonies:civilian/stuffer]
[04Mar2025 02:55:55.901] [main/DEBUG] [minecolonies/]: translation{key='com.minecolonies.research.civilian.stuffer.name', args=[]} at 4/minecolonies:civilian/gorger
[04Mar2025 02:55:55.901] [main/DEBUG] [minecolonies/]: Requirement: translation{key='com.minecolonies.coremod.research.requirement.building.level', args=[translation{key='com.minecolonies.building.cook', args=[]}, 4]}
[04Mar2025 02:55:55.901] [main/DEBUG] [minecolonies/]: Cost: com.minecolonies.core.research.costs.SimpleItemCost@32c2aefb
[04Mar2025 02:55:55.901] [main/DEBUG] [minecolonies/]: Effect: minecolonies:effects/saturationmultiplier translation{key='com.minecolonies.research.effects.saturationmultiplier.description', args=[0.25, 0.5, 25, 50]}
[04Mar2025 02:55:55.901] [main/DEBUG] [minecolonies/]: Parsed research recipe from minecolonies:civilian/guardianangel [minecolonies:civilian/minecolonies:civilian/guardianangel]
[04Mar2025 02:55:55.901] [main/DEBUG] [minecolonies/]: translation{key='com.minecolonies.research.civilian.guardianangel.name', args=[]} at 5/minecolonies:civilian/lifesaver2
[04Mar2025 02:55:55.901] [main/DEBUG] [minecolonies/]: Requirement: translation{key='com.minecolonies.coremod.research.requirement.building.level', args=[translation{key='com.minecolonies.building.townhall', args=[]}, 5]}
[04Mar2025 02:55:55.901] [main/DEBUG] [minecolonies/]: Cost: com.minecolonies.core.research.costs.SimpleItemCost@1f235db5
[04Mar2025 02:55:55.901] [main/DEBUG] [minecolonies/]: Effect: minecolonies:effects/healthaddition translation{key='com.minecolonies.research.effects.healthaddition.description', args=[2.0, 10.0, 200, 1000]}
[04Mar2025 02:55:55.901] [main/DEBUG] [minecolonies/]: Parsed research recipe from minecolonies:technology/junglemaster [minecolonies:technology/minecolonies:technology/junglemaster]
[04Mar2025 02:55:55.901] [main/DEBUG] [minecolonies/]: translation{key='com.minecolonies.research.technology.junglemaster.name', args=[]} at 3/minecolonies:technology/letitgrow
[04Mar2025 02:55:55.901] [main/DEBUG] [minecolonies/]: Requirement: translation{key='com.minecolonies.coremod.research.requirement.building.level', args=[translation{key='com.minecolonies.building.plantation', args=[]}, 2]}
[04Mar2025 02:55:55.901] [main/DEBUG] [minecolonies/]: Cost: com.minecolonies.core.research.costs.SimpleItemCost@164dfcc2
[04Mar2025 02:55:55.901] [main/DEBUG] [minecolonies/]: Cost: com.minecolonies.core.research.costs.SimpleItemCost@567dc9c7
[04Mar2025 02:55:55.901] [main/DEBUG] [minecolonies/]: Cost: com.minecolonies.core.research.costs.SimpleItemCost@5bd11cc6
[04Mar2025 02:55:55.901] [main/DEBUG] [minecolonies/]: Effect: minecolonies:effects/plantationjungle translation{key='com.minecolonies.research.effects.plantationjungle.description', args=[1.0, 1.0, 100, 100]}
[04Mar2025 02:55:55.902] [main/DEBUG] [minecolonies/]: Parsed research recipe from minecolonies:civilian/theater [minecolonies:civilian/minecolonies:civilian/theater]
[04Mar2025 02:55:55.902] [main/DEBUG] [minecolonies/]: translation{key='com.minecolonies.research.civilian.theater.name', args=[]} at 6/minecolonies:civilian/opera
[04Mar2025 02:55:55.902] [main/DEBUG] [minecolonies/]: Cost: com.minecolonies.core.research.costs.SimpleItemCost@15800c25
[04Mar2025 02:55:55.902] [main/DEBUG] [minecolonies/]: Effect: minecolonies:effects/happinessmultiplier translation{key='com.minecolonies.research.effects.happinessmultiplier.description', args=[0.29999999701976776, 0.5, 30, 50]}
[04Mar2025 02:55:55.902] [main/DEBUG] [minecolonies/]: Parsed research recipe from minecolonies:civilian/swift [minecolonies:civilian/minecolonies:civilian/swift]
[04Mar2025 02:55:55.902] [main/DEBUG] [minecolonies/]: translation{key='com.minecolonies.research.civilian.swift.name', args=[]} at 5/minecolonies:civilian/agile
[04Mar2025 02:55:55.902] [main/DEBUG] [minecolonies/]: Requirement: translation{key='com.minecolonies.coremod.research.requirement.building.level', args=[translation{key='com.minecolonies.building.townhall', args=[]}, 5]}
[04Mar2025 02:55:55.902] [main/DEBUG] [minecolonies/]: Cost: com.minecolonies.core.research.costs.SimpleItemCost@6e39ba36
[04Mar2025 02:55:55.902] [main/DEBUG] [minecolonies/]: Effect: minecolonies:effects/walkingmultiplier translation{key='com.minecolonies.research.effects.walkingmultiplier.description', args=[0.05000000447034836, 0.15000000596046448, 5, 15]}
[04Mar2025 02:55:55.902] [main/DEBUG] [minecolonies/]: Parsed research recipe from minecolonies:technology/recipebook [minecolonies:technology/minecolonies:technology/recipebook]
[04Mar2025 02:55:55.902] [main/DEBUG] [minecolonies/]: translation{key='com.minecolonies.research.technology.recipebook.name', args=[]} at 4/minecolonies:technology/cheatsheet
[04Mar2025 02:55:55.902] [main/DEBUG] [minecolonies/]: Requirement: translation{key='com.minecolonies.coremod.research.requirement.building.level', args=[translation{key='com.minecolonies.building.sawmill', args=[]}, 3]}
[04Mar2025 02:55:55.902] [main/DEBUG] [minecolonies/]: Cost: com.minecolonies.core.research.costs.SimpleItemCost@782b2249
[04Mar2025 02:55:55.902] [main/DEBUG] [minecolonies/]: Effect: minecolonies:effects/recipesmultiplier translation{key='com.minecolonies.research.effects.recipesmultiplier.description', args=[0.5, 1.0, 50, 100]}
[04Mar2025 02:55:55.902] [main/DEBUG] [minecolonies/]: Parsed research recipe from minecolonies:civilian/cast [minecolonies:civilian/minecolonies:civilian/cast]
[04Mar2025 02:55:55.902] [main/DEBUG] [minecolonies/]: translation{key='com.minecolonies.research.civilian.cast.name', args=[]} at 6/minecolonies:civilian/compress
[04Mar2025 02:55:55.902] [main/DEBUG] [minecolonies/]: Cost: com.minecolonies.core.research.costs.SimpleItemCost@70de2625
[04Mar2025 02:55:55.902] [main/DEBUG] [minecolonies/]: Effect: minecolonies:effects/regenerationmultiplier translation{key='com.minecolonies.research.effects.regenerationmultiplier.description', args=[1.0, 2.0, 100, 200]}
[04Mar2025 02:55:55.902] [main/DEBUG] [minecolonies/]: Parsed research recipe from minecolonies:civilian/gravedecaybonus1 [minecolonies:civilian/minecolonies:civilian/gravedecaybonus1]
[04Mar2025 02:55:55.902] [main/DEBUG] [minecolonies/]: translation{key='com.minecolonies.research.civilian.gravedecaybonus1.name', args=[]} at 2/minecolonies:civilian/remembrance
[04Mar2025 02:55:55.902] [main/DEBUG] [minecolonies/]: Requirement: translation{key='com.minecolonies.coremod.research.requirement.building.level', args=[translation{key='com.minecolonies.building.graveyard', args=[]}, 3]}
[04Mar2025 02:55:55.902] [main/DEBUG] [minecolonies/]: Cost: com.minecolonies.core.research.costs.SimpleItemCost@7ac48647
[04Mar2025 02:55:55.903] [main/DEBUG] [minecolonies/]: Effect: minecolonies:effects/gravedecaybonus translation{key='com.minecolonies.research.effects.gravedecaybonus.description', args=[2.0, 2.0, 200, 200]}
[04Mar2025 02:55:55.903] [main/DEBUG] [minecolonies/]: Parsed research recipe from minecolonies:civilian/gravedecaybonus2 [minecolonies:civilian/minecolonies:civilian/gravedecaybonus2]
[04Mar2025 02:55:55.903] [main/DEBUG] [minecolonies/]: translation{key='com.minecolonies.research.civilian.gravedecaybonus2.name', args=[]} at 3/minecolonies:civilian/gravedecaybonus1
[04Mar2025 02:55:55.903] [main/DEBUG] [minecolonies/]: Requirement: translation{key='com.minecolonies.coremod.research.requirement.building.level', args=[translation{key='com.minecolonies.building.graveyard', args=[]}, 5]}
[04Mar2025 02:55:55.903] [main/DEBUG] [minecolonies/]: Cost: com.minecolonies.core.research.costs.SimpleItemCost@1cb58d82
[04Mar2025 02:55:55.903] [main/DEBUG] [minecolonies/]: Effect: minecolonies:effects/gravedecaybonus translation{key='com.minecolonies.research.effects.gravedecaybonus.description', args=[3.0, 5.0, 300, 500]}
[04Mar2025 02:55:55.903] [main/DEBUG] [minecolonies/]: Parsed research recipe from minecolonies:technology/lightning [minecolonies:technology/minecolonies:technology/lightning]
[04Mar2025 02:55:55.903] [main/DEBUG] [minecolonies/]: translation{key='com.minecolonies.research.technology.lightning.name', args=[]} at 6/minecolonies:technology/whatisthisspeed
[04Mar2025 02:55:55.903] [main/DEBUG] [minecolonies/]: Cost: com.minecolonies.core.research.costs.SimpleItemCost@6f78897c
[04Mar2025 02:55:55.903] [main/DEBUG] [minecolonies/]: Effect: minecolonies:effects/blockbreakspeedmultiplier translation{key='com.minecolonies.research.effects.blockbreakspeedmultiplier.description', args=[1.0, 2.0, 100, 200]}
[04Mar2025 02:55:55.903] [main/DEBUG] [minecolonies/]: Parsed research recipe from minecolonies:combat/retreat [minecolonies:combat/minecolonies:combat/retreat]
[04Mar2025 02:55:55.903] [main/DEBUG] [minecolonies/]: translation{key='com.minecolonies.research.combat.retreat.name', args=[]} at 5/minecolonies:combat/fear
[04Mar2025 02:55:55.903] [main/DEBUG] [minecolonies/]: Requirement: translation{key='com.minecolonies.coremod.research.requirement.building.level', args=[translation{key='com.minecolonies.building.guardtower', args=[]}, 12]}
[04Mar2025 02:55:55.903] [main/DEBUG] [minecolonies/]: Cost: com.minecolonies.core.research.costs.SimpleItemCost@33a8f7c7
[04Mar2025 02:55:55.903] [main/DEBUG] [minecolonies/]: Effect: minecolonies:effects/fleeingdamagemultiplier translation{key='com.minecolonies.research.effects.fleeingdamagemultiplier.description', args=[0.09999999403953552, 0.4000000059604645, 10, 40]}
[04Mar2025 02:55:55.903] [main/DEBUG] [minecolonies/]: Parsed research recipe from minecolonies:technology/hot [minecolonies:technology/minecolonies:technology/hot]
[04Mar2025 02:55:55.903] [main/DEBUG] [minecolonies/]: translation{key='com.minecolonies.research.technology.hot.name', args=[]} at 1/minecraft:
[04Mar2025 02:55:55.903] [main/DEBUG] [minecolonies/]: Requirement: translation{key='com.minecolonies.coremod.research.requirement.building.level', args=[translation{key='com.minecolonies.building.miner', args=[]}, 2]}
[04Mar2025 02:55:55.903] [main/DEBUG] [minecolonies/]: Cost: com.minecolonies.core.research.costs.SimpleItemCost@6f2df12f
[04Mar2025 02:55:55.903] [main/DEBUG] [minecolonies/]: Effect: minecolonies:effects/blockhutsmeltery translation{key='com.minecolonies.research.effects.blockhutsmeltery.description', args=[5.0, 5.0, 500, 500]}
[04Mar2025 02:55:55.904] [main/DEBUG] [minecolonies/]: Parsed research recipe from minecolonies:combat/accuracy [minecolonies:combat/minecolonies:combat/accuracy]
[04Mar2025 02:55:55.904] [main/DEBUG] [minecolonies/]: translation{key='com.minecolonies.research.combat.accuracy.name', args=[]} at 1/minecraft:
[04Mar2025 02:55:55.904] [main/DEBUG] [minecolonies/]: Requirement: translation{key='com.minecolonies.coremod.research.requirement.building.level', args=[translation{key='com.minecolonies.building.guardtower', args=[]}, 1]}
[04Mar2025 02:55:55.904] [main/DEBUG] [minecolonies/]: Cost: com.minecolonies.core.research.costs.SimpleItemCost@65bcc529
[04Mar2025 02:55:55.904] [main/DEBUG] [minecolonies/]: Effect: minecolonies:effects/guardcrit translation{key='com.minecolonies.research.effects.guardcrit.description', args=[0.20000000298023224, 0.20000000298023224, 20, 20]}
[04Mar2025 02:55:55.904] [main/DEBUG] [minecolonies/]: Parsed research recipe from minecolonies:technology/memoryaid [minecolonies:technology/minecolonies:technology/memoryaid]
[04Mar2025 02:55:55.904] [main/DEBUG] [minecolonies/]: translation{key='com.minecolonies.research.technology.memoryaid.name', args=[]} at 2/minecolonies:technology/woodwork
[04Mar2025 02:55:55.904] [main/DEBUG] [minecolonies/]: Requirement: translation{key='com.minecolonies.coremod.research.requirement.building.level', args=[translation{key='com.minecolonies.building.sawmill', args=[]}, 1]}
[04Mar2025 02:55:55.904] [main/DEBUG] [minecolonies/]: Cost: com.minecolonies.core.research.costs.SimpleItemCost@782b16a9
[04Mar2025 02:55:55.904] [main/DEBUG] [minecolonies/]: Effect: minecolonies:effects/recipesmultiplier translation{key='com.minecolonies.research.effects.recipesmultiplier.description', args=[0.25, 0.25, 25, 25]}
[04Mar2025 02:55:55.904] [main/DEBUG] [minecolonies/]: Parsed research recipe from minecolonies:civilian/city [minecolonies:civilian/minecolonies:civilian/city]
[04Mar2025 02:55:55.904] [main/DEBUG] [minecolonies/]: translation{key='com.minecolonies.research.civilian.city.name', args=[]} at 5/minecolonies:civilian/village
[04Mar2025 02:55:55.904] [main/DEBUG] [minecolonies/]: Requirement: translation{key='com.minecolonies.coremod.research.requirement.building.level', args=[translation{key='com.minecolonies.building.townhall', args=[]}, 5]}
[04Mar2025 02:55:55.904] [main/DEBUG] [minecolonies/]: Cost: com.minecolonies.core.research.costs.SimpleItemCost@134c709a
[04Mar2025 02:55:55.904] [main/DEBUG] [minecolonies/]: Effect: minecolonies:effects/citizencapaddition translation{key='com.minecolonies.research.effects.citizencapaddition.description', args=[350.0, 500.0, 35000, 50000]}
[04Mar2025 02:55:55.904] [main/DEBUG] [minecolonies/]: Parsed research recipe from minecolonies:technology/goodveins [minecolonies:technology/minecolonies:technology/goodveins]
[04Mar2025 02:55:55.904] [main/DEBUG] [minecolonies/]: translation{key='com.minecolonies.research.technology.goodveins.name', args=[]} at 3/minecolonies:technology/veinminer
[04Mar2025 02:55:55.904] [main/DEBUG] [minecolonies/]: Requirement: translation{key='com.minecolonies.coremod.research.requirement.building.level', args=[translation{key='com.minecolonies.building.miner', args=[]}, 2]}
[04Mar2025 02:55:55.905] [main/DEBUG] [minecolonies/]: Cost: com.minecolonies.core.research.costs.TagItemCost@2940bbca
[04Mar2025 02:55:55.905] [main/DEBUG] [minecolonies/]: Effect: minecolonies:effects/moreoresmultiplier translation{key='com.minecolonies.research.effects.moreoresmultiplier.description', args=[0.14999999850988388, 0.25, 15, 25]}
[04Mar2025 02:55:55.905] [main/DEBUG] [minecolonies/]: Parsed research recipe from minecolonies:civilian/puberty [minecolonies:civilian/minecolonies:civilian/puberty]
[04Mar2025 02:55:55.905] [main/DEBUG] [minecolonies/]: translation{key='com.minecolonies.research.civilian.puberty.name', args=[]} at 4/minecolonies:civilian/hormones
[04Mar2025 02:55:55.905] [main/DEBUG] [minecolonies/]: Requirement: translation{key='com.minecolonies.coremod.research.requirement.building.level', args=[translation{key='com.minecolonies.building.library', args=[]}, 3]}
[04Mar2025 02:55:55.905] [main/DEBUG] [minecolonies/]: Cost: com.minecolonies.core.research.costs.SimpleItemCost@1b55a366
[04Mar2025 02:55:55.905] [main/DEBUG] [minecolonies/]: Effect: minecolonies:effects/growthmultiplier translation{key='com.minecolonies.research.effects.growthmultiplier.description', args=[0.14999999850988388, 0.25, 15, 25]}
[04Mar2025 02:55:55.905] [main/DEBUG] [minecolonies/]: Parsed research recipe from minecolonies:civilian/circus [minecolonies:civilian/minecolonies:civilian/circus]
[04Mar2025 02:55:55.905] [main/DEBUG] [minecolonies/]: translation{key='com.minecolonies.research.civilian.circus.name', args=[]} at 2/minecolonies:civilian/firstaid
[04Mar2025 02:55:55.905] [main/DEBUG] [minecolonies/]: Requirement: translation{key='com.minecolonies.coremod.research.requirement.building.level', args=[translation{key='com.minecolonies.building.cook', args=[]}, 2]}
[04Mar2025 02:55:55.905] [main/DEBUG] [minecolonies/]: Cost: com.minecolonies.core.research.costs.SimpleItemCost@5aa216ae
[04Mar2025 02:55:55.905] [main/DEBUG] [minecolonies/]: Effect: minecolonies:effects/happinessmultiplier translation{key='com.minecolonies.research.effects.happinessmultiplier.description', args=[0.05000000074505806, 0.05000000074505806, 5, 5]}
[04Mar2025 02:55:55.905] [main/DEBUG] [minecolonies/]: Parsed research recipe from minecolonies:civilian/lifesaver2 [minecolonies:civilian/minecolonies:civilian/lifesaver2]
[04Mar2025 02:55:55.905] [main/DEBUG] [minecolonies/]: translation{key='com.minecolonies.research.civilian.lifesaver2.name', args=[]} at 4/minecolonies:civilian/lifesaver
[04Mar2025 02:55:55.905] [main/DEBUG] [minecolonies/]: Requirement: translation{key='com.minecolonies.coremod.research.requirement.building.level', args=[translation{key='com.minecolonies.building.townhall', args=[]}, 4]}
[04Mar2025 02:55:55.905] [main/DEBUG] [minecolonies/]: Cost: com.minecolonies.core.research.costs.SimpleItemCost@1f2355f5
[04Mar2025 02:55:55.905] [main/DEBUG] [minecolonies/]: Effect: minecolonies:effects/healthaddition translation{key='com.minecolonies.research.effects.healthaddition.description', args=[2.0, 8.0, 200, 800]}
[04Mar2025 02:55:55.905] [main/DEBUG] [minecolonies/]: Parsed research recipe from minecolonies:technology/knowtheend [minecolonies:technology/minecolonies:technology/knowtheend]
[04Mar2025 02:55:55.905] [main/DEBUG] [minecolonies/]: translation{key='com.minecolonies.research.technology.knowtheend.name', args=[]} at 3/minecolonies:technology/theflintstones
[04Mar2025 02:55:55.905] [main/DEBUG] [minecolonies/]: Requirement: translation{key='com.minecolonies.coremod.research.requirement.building.level', args=[translation{key='com.minecolonies.building.baker', args=[]}, 3]}
[04Mar2025 02:55:55.905] [main/DEBUG] [minecolonies/]: Cost: com.minecolonies.core.research.costs.SimpleItemCost@7ef60e03
[04Mar2025 02:55:55.906] [main/DEBUG] [minecolonies/]: Effect: minecolonies:effects/knowledgeoftheendunlock translation{key='com.minecolonies.research.effects.knowledgeoftheendunlock.description', args=[1.0, 1.0, 100, 100]}
[04Mar2025 02:55:55.906] [main/DEBUG] [minecolonies/]: Parsed research recipe from minecolonies:combat/deadlyaim [minecolonies:combat/minecolonies:combat/deadlyaim]
[04Mar2025 02:55:55.906] [main/DEBUG] [minecolonies/]: translation{key='com.minecolonies.research.combat.deadlyaim.name', args=[]} at 6/minecolonies:combat/woundingshot
[04Mar2025 02:55:55.906] [main/DEBUG] [minecolonies/]: Cost: com.minecolonies.core.research.costs.SimpleItemCost@8923649
[04Mar2025 02:55:55.906] [main/DEBUG] [minecolonies/]: Effect: minecolonies:effects/archerdamageaddition translation{key='com.minecolonies.research.effects.archerdamageaddition.description', args=[2.0, 4.0, 200, 400]}
[04Mar2025 02:55:55.906] [main/DEBUG] [minecolonies/]: Parsed research recipe from minecolonies:combat/captainoftheguard [minecolonies:combat/minecolonies:combat/captainoftheguard]
[04Mar2025 02:55:55.906] [main/DEBUG] [minecolonies/]: translation{key='com.minecolonies.research.combat.captainoftheguard.name', args=[]} at 6/minecolonies:combat/captaintraining
[04Mar2025 02:55:55.906] [main/DEBUG] [minecolonies/]: Cost: com.minecolonies.core.research.costs.SimpleItemCost@35a6f6b5
[04Mar2025 02:55:55.906] [main/DEBUG] [minecolonies/]: Effect: minecolonies:effects/blockattacksmultiplier translation{key='com.minecolonies.research.effects.blockattacksmultiplier.description', args=[0.25, 0.5, 25, 50]}
[04Mar2025 02:55:55.906] [main/DEBUG] [minecolonies/]: Parsed research recipe from minecolonies:civilian/healingcream [minecolonies:civilian/minecolonies:civilian/healingcream]
[04Mar2025 02:55:55.906] [main/DEBUG] [minecolonies/]: translation{key='com.minecolonies.research.civilian.healingcream.name', args=[]} at 3/minecolonies:civilian/bandaid
[04Mar2025 02:55:55.906] [main/DEBUG] [minecolonies/]: Requirement: translation{key='com.minecolonies.coremod.research.requirement.building.level', args=[translation{key='com.minecolonies.building.library', args=[]}, 3]}
[04Mar2025 02:55:55.906] [main/DEBUG] [minecolonies/]: Cost: com.minecolonies.core.research.costs.SimpleItemCost@70de1f5d
[04Mar2025 02:55:55.906] [main/DEBUG] [minecolonies/]: Effect: minecolonies:effects/regenerationmultiplier translation{key='com.minecolonies.research.effects.regenerationmultiplier.description', args=[0.14999999850988388, 0.25, 15, 25]}
[04Mar2025 02:55:55.906] [main/DEBUG] [minecolonies/]: Parsed research recipe from minecolonies:technology/fullstock [minecolonies:technology/minecolonies:technology/fullstock]
[04Mar2025 02:55:55.906] [main/DEBUG] [minecolonies/]: translation{key='com.minecolonies.research.technology.fullstock.name', args=[]} at 5/minecolonies:technology/capacity
[04Mar2025 02:55:55.906] [main/DEBUG] [minecolonies/]: Requirement: translation{key='com.minecolonies.coremod.research.requirement.building.level', args=[translation{key='com.minecolonies.building.miner', args=[]}, 5]}
[04Mar2025 02:55:55.906] [main/DEBUG] [minecolonies/]: Cost: com.minecolonies.core.research.costs.SimpleItemCost@79e32c8d
[04Mar2025 02:55:55.906] [main/DEBUG] [minecolonies/]: Effect: minecolonies:effects/minimumstockmultiplier translation{key='com.minecolonies.research.effects.minimumstockmultiplier.description', args=[1.0, 2.0, 100, 200]}
[04Mar2025 02:55:55.906] [main/DEBUG] [minecolonies/]: Parsed research recipe from minecolonies:technology/tools [minecolonies:technology/minecolonies:technology/tools]
[04Mar2025 02:55:55.906] [main/DEBUG] [minecolonies/]: translation{key='com.minecolonies.research.technology.tools.name', args=[]} at 4/minecolonies:technology/skills
[04Mar2025 02:55:55.907] [main/DEBUG] [minecolonies/]: Requirement: translation{key='com.minecolonies.coremod.research.requirement.building.level', args=[translation{key='com.minecolonies.building.blacksmith', args=[]}, 4]}
[04Mar2025 02:55:55.907] [main/DEBUG] [minecolonies/]: Cost: com.minecolonies.core.research.costs.SimpleItemCost@65bce239
[04Mar2025 02:55:55.907] [main/DEBUG] [minecolonies/]: Effect: minecolonies:effects/blockplacespeedmultiplier translation{key='com.minecolonies.research.effects.blockplacespeedmultiplier.description', args=[0.25, 0.5, 25, 50]}
[04Mar2025 02:55:55.907] [main/DEBUG] [minecolonies/]: Parsed research recipe from minecolonies:combat/improvedswords [minecolonies:combat/minecolonies:combat/improvedswords]
[04Mar2025 02:55:55.907] [main/DEBUG] [minecolonies/]: translation{key='com.minecolonies.research.combat.improvedswords.name', args=[]} at 2/minecolonies:combat/tactictraining
[04Mar2025 02:55:55.907] [main/DEBUG] [minecolonies/]: Requirement: translation{key='com.minecolonies.coremod.research.requirement.building.level', args=[translation{key='com.minecolonies.building.barracks', args=[]}, 3]}
[04Mar2025 02:55:55.907] [main/DEBUG] [minecolonies/]: Cost: com.minecolonies.core.research.costs.SimpleItemCost@45b22281
[04Mar2025 02:55:55.907] [main/DEBUG] [minecolonies/]: Effect: minecolonies:effects/blockhutcombatacademy translation{key='com.minecolonies.research.effects.blockhutcombatacademy.description', args=[5.0, 5.0, 500, 500]}
[04Mar2025 02:55:55.907] [main/DEBUG] [minecolonies/]: Parsed research recipe from minecolonies:civilian/lifesaver [minecolonies:civilian/minecolonies:civilian/lifesaver]
[04Mar2025 02:55:55.907] [main/DEBUG] [minecolonies/]: translation{key='com.minecolonies.research.civilian.lifesaver.name', args=[]} at 3/minecolonies:civilian/firstaid2
[04Mar2025 02:55:55.907] [main/DEBUG] [minecolonies/]: Requirement: translation{key='com.minecolonies.coremod.research.requirement.building.level', args=[translation{key='com.minecolonies.building.townhall', args=[]}, 3]}
[04Mar2025 02:55:55.907] [main/DEBUG] [minecolonies/]: Cost: com.minecolonies.core.research.costs.SimpleItemCost@1f235215
[04Mar2025 02:55:55.907] [main/DEBUG] [minecolonies/]: Effect: minecolonies:effects/healthaddition translation{key='com.minecolonies.research.effects.healthaddition.description', args=[2.0, 6.0, 200, 600]}
[04Mar2025 02:55:55.907] [main/DEBUG] [minecolonies/]: Parsed research recipe from minecolonies:civilian/epicure [minecolonies:civilian/minecolonies:civilian/epicure]
[04Mar2025 02:55:55.907] [main/DEBUG] [minecolonies/]: translation{key='com.minecolonies.research.civilian.epicure.name', args=[]} at 5/minecolonies:civilian/stuffer
[04Mar2025 02:55:55.907] [main/DEBUG] [minecolonies/]: Requirement: translation{key='com.minecolonies.coremod.research.requirement.building.level', args=[translation{key='com.minecolonies.building.cook', args=[]}, 5]}
[04Mar2025 02:55:55.907] [main/DEBUG] [minecolonies/]: Cost: com.minecolonies.core.research.costs.SimpleItemCost@32c2be7b
[04Mar2025 02:55:55.907] [main/DEBUG] [minecolonies/]: Effect: minecolonies:effects/saturationmultiplier translation{key='com.minecolonies.research.effects.saturationmultiplier.description', args=[0.5, 1.0, 50, 100]}
[04Mar2025 02:55:55.907] [main/DEBUG] [minecolonies/]: Parsed research recipe from minecolonies:combat/powerattack [minecolonies:combat/minecolonies:combat/powerattack]
[04Mar2025 02:55:55.907] [main/DEBUG] [minecolonies/]: translation{key='com.minecolonies.research.combat.powerattack.name', args=[]} at 3/minecolonies:combat/quickdraw
[04Mar2025 02:55:55.907] [main/DEBUG] [minecolonies/]: Requirement: translation{key='com.minecolonies.coremod.research.requirement.building.level', args=[translation{key='com.minecolonies.building.combatacademy', args=[]}, 3]}
[04Mar2025 02:55:55.907] [main/DEBUG] [minecolonies/]: Cost: com.minecolonies.core.research.costs.SimpleItemCost@45b22243
[04Mar2025 02:55:55.908] [main/DEBUG] [minecolonies/]: Effect: minecolonies:effects/meleedamageaddition translation{key='com.minecolonies.research.effects.meleedamageaddition.description', args=[0.5, 1.0, 50, 100]}
[04Mar2025 02:55:55.908] [main/DEBUG] [minecolonies/]: Parsed research recipe from minecolonies:combat/evade [minecolonies:combat/minecolonies:combat/evade]
[04Mar2025 02:55:55.908] [main/DEBUG] [minecolonies/]: translation{key='com.minecolonies.research.combat.evade.name', args=[]} at 4/minecolonies:combat/avoid
[04Mar2025 02:55:55.908] [main/DEBUG] [minecolonies/]: Requirement: translation{key='com.minecolonies.coremod.research.requirement.building.level', args=[translation{key='com.minecolonies.building.guardtower', args=[]}, 8]}
[04Mar2025 02:55:55.908] [main/DEBUG] [minecolonies/]: Cost: com.minecolonies.core.research.costs.SimpleItemCost@33a8f5d7
[04Mar2025 02:55:55.908] [main/DEBUG] [minecolonies/]: Effect: minecolonies:effects/fleeingspeedaddition translation{key='com.minecolonies.research.effects.fleeingspeedaddition.description', args=[1.0, 2.0, 100, 200]}
[04Mar2025 02:55:55.908] [main/DEBUG] [minecolonies/]: Parsed research recipe from minecolonies:civilian/higherlearning [minecolonies:civilian/minecolonies:civilian/higherlearning]
[04Mar2025 02:55:55.908] [main/DEBUG] [minecolonies/]: translation{key='com.minecolonies.research.civilian.higherlearning.name', args=[]} at 1/minecraft:
[04Mar2025 02:55:55.908] [main/DEBUG] [minecolonies/]: Requirement: translation{key='com.minecolonies.coremod.research.requirement.building.level', args=[translation{key='com.minecolonies.building.residence', args=[]}, 3]}
[04Mar2025 02:55:55.908] [main/DEBUG] [minecolonies/]: Cost: com.minecolonies.core.research.costs.SimpleItemCost@1cdb4c30
[04Mar2025 02:55:55.908] [main/DEBUG] [minecolonies/]: Effect: minecolonies:effects/blockhutschool translation{key='com.minecolonies.research.effects.blockhutschool.description', args=[5.0, 5.0, 500, 500]}
[04Mar2025 02:55:55.908] [main/DEBUG] [minecolonies/]: Parsed research recipe from minecolonies:civilian/indefatigability [minecolonies:civilian/minecolonies:civilian/indefatigability]
[04Mar2025 02:55:55.908] [main/DEBUG] [minecolonies/]: translation{key='com.minecolonies.research.civilian.indefatigability.name', args=[]} at 6/minecolonies:civilian/fortitude
[04Mar2025 02:55:55.908] [main/DEBUG] [minecolonies/]: Cost: com.minecolonies.core.research.costs.SimpleItemCost@67b7c052
[04Mar2025 02:55:55.908] [main/DEBUG] [minecolonies/]: Effect: minecolonies:effects/healingsaturationlimitaddition translation{key='com.minecolonies.research.effects.healingsaturationlimitaddition.description', args=[-3.0, -5.0, -300, -500]}
[04Mar2025 02:55:55.908] [main/DEBUG] [minecolonies/]: Parsed research recipe from minecolonies:combat/ironarmor [minecolonies:combat/minecolonies:combat/ironarmor]
[04Mar2025 02:55:55.908] [main/DEBUG] [minecolonies/]: translation{key='com.minecolonies.research.combat.ironarmor.name', args=[]} at 4/minecolonies:combat/ironskin
[04Mar2025 02:55:55.908] [main/DEBUG] [minecolonies/]: Requirement: translation{key='com.minecolonies.coremod.research.requirement.building.level', args=[translation{key='com.minecolonies.building.townhall', args=[]}, 4]}
[04Mar2025 02:55:55.908] [main/DEBUG] [minecolonies/]: Cost: com.minecolonies.core.research.costs.SimpleItemCost@65bcc719
[04Mar2025 02:55:55.909] [main/DEBUG] [minecolonies/]: Effect: minecolonies:effects/armordurabilitymultiplier translation{key='com.minecolonies.research.effects.armordurabilitymultiplier.description', args=[0.09999999403953552, 0.4000000059604645, 10, 40]}
[04Mar2025 02:55:55.909] [main/DEBUG] [minecolonies/]: Parsed research recipe from minecolonies:technology/theflintstones [minecolonies:technology/minecolonies:technology/theflintstones]
[04Mar2025 02:55:55.909] [main/DEBUG] [minecolonies/]: translation{key='com.minecolonies.research.technology.theflintstones.name', args=[]} at 2/minecolonies:technology/stonecake
[04Mar2025 02:55:55.909] [main/DEBUG] [minecolonies/]: Requirement: translation{key='com.minecolonies.coremod.research.requirement.building.level', args=[translation{key='com.minecolonies.building.stonemason', args=[]}, 1]}
[04Mar2025 02:55:55.909] [main/DEBUG] [minecolonies/]: Cost: com.minecolonies.core.research.costs.SimpleItemCost@6df074e1
[04Mar2025 02:55:55.909] [main/DEBUG] [minecolonies/]: Effect: minecolonies:effects/blockhutstonesmeltery translation{key='com.minecolonies.research.effects.blockhutstonesmeltery.description', args=[5.0, 5.0, 500, 500]}
[04Mar2025 02:55:55.909] [main/DEBUG] [minecolonies/]: Parsed research recipe from minecolonies:civilian/masks [minecolonies:civilian/minecolonies:civilian/masks]
[04Mar2025 02:55:55.909] [main/DEBUG] [minecolonies/]: translation{key='com.minecolonies.research.civilian.masks.name', args=[]} at 3/minecolonies:civilian/firstaid2
[04Mar2025 02:55:55.909] [main/DEBUG] [minecolonies/]: Requirement: translation{key='com.minecolonies.coremod.research.requirement.building.level', args=[translation{key='com.minecolonies.building.library', args=[]}, 3]}
[04Mar2025 02:55:55.909] [main/DEBUG] [minecolonies/]: Cost: com.minecolonies.core.research.costs.SimpleItemCost@37ccf19e
[04Mar2025 02:55:55.909] [main/DEBUG] [minecolonies/]: Effect: minecolonies:effects/masks translation{key='com.minecolonies.research.effects.masks.description', args=[1.0, 1.0, 100, 100]}
[04Mar2025 02:55:55.909] [main/DEBUG] [minecolonies/]: Parsed research recipe from minecolonies:technology/hittingiron [minecolonies:technology/minecolonies:technology/hittingiron]
[04Mar2025 02:55:55.909] [main/DEBUG] [minecolonies/]: translation{key='com.minecolonies.research.technology.hittingiron.name', args=[]} at 1/minecraft:
[04Mar2025 02:55:55.910] [main/DEBUG] [minecolonies/]: Requirement: translation{key='com.minecolonies.coremod.research.requirement.building.level', args=[translation{key='com.minecolonies.building.miner', args=[]}, 3]}
[04Mar2025 02:55:55.910] [main/DEBUG] [minecolonies/]: Cost: com.minecolonies.core.research.costs.SimpleItemCost@3f3b0b38
[04Mar2025 02:55:55.910] [main/DEBUG] [minecolonies/]: Effect: minecolonies:effects/blockhutblacksmith translation{key='com.minecolonies.research.effects.blockhutblacksmith.description', args=[5.0, 5.0, 500, 500]}
[04Mar2025 02:55:55.910] [main/DEBUG] [minecolonies/]: Parsed research recipe from minecolonies:combat/tactictraining [minecolonies:combat/minecolonies:combat/tactictraining]
[04Mar2025 02:55:55.910] [main/DEBUG] [minecolonies/]: translation{key='com.minecolonies.research.combat.tactictraining.name', args=[]} at 1/minecraft:
[04Mar2025 02:55:55.910] [main/DEBUG] [minecolonies/]: Requirement: translation{key='com.minecolonies.coremod.research.requirement.building.level', args=[translation{key='com.minecolonies.building.guardtower', args=[]}, 3]}
[04Mar2025 02:55:55.910] [main/DEBUG] [minecolonies/]: Cost: com.minecolonies.core.research.costs.SimpleItemCost@45b22224
[04Mar2025 02:55:55.910] [main/DEBUG] [minecolonies/]: Effect: minecolonies:effects/blockhutbarracks translation{key='com.minecolonies.research.effects.blockhutbarracks.description', args=[5.0, 5.0, 500, 500]}
[04Mar2025 02:55:55.910] [main/DEBUG] [minecolonies/]: Parsed research recipe from minecolonies:technology/exoticfruits [minecolonies:technology/minecolonies:technology/exoticfruits]
[04Mar2025 02:55:55.910] [main/DEBUG] [minecolonies/]: translation{key='com.minecolonies.research.technology.exoticfruits.name', args=[]} at 3/minecolonies:technology/letitgrow
[04Mar2025 02:55:55.910] [main/DEBUG] [minecolonies/]: Requirement: translation{key='com.minecolonies.coremod.research.requirement.building.level', args=[translation{key='com.minecolonies.building.plantation', args=[]}, 3]}
[04Mar2025 02:55:55.910] [main/DEBUG] [minecolonies/]: Cost: com.minecolonies.core.research.costs.SimpleItemCost@3815c905
[04Mar2025 02:55:55.910] [main/DEBUG] [minecolonies/]: Effect: minecolonies:effects/plantationexotic translation{key='com.minecolonies.research.effects.plantationexotic.description', args=[1.0, 1.0, 100, 100]}
[04Mar2025 02:55:55.910] [main/DEBUG] [minecolonies/]: Parsed research recipe from minecolonies:technology/loaded [minecolonies:technology/minecolonies:technology/loaded]
[04Mar2025 02:55:55.910] [main/DEBUG] [minecolonies/]: translation{key='com.minecolonies.research.technology.loaded.name', args=[]} at 5/minecolonies:technology/deeppockets
[04Mar2025 02:55:55.910] [main/DEBUG] [minecolonies/]: Requirement: translation{key='com.minecolonies.coremod.research.requirement.building.level', args=[translation{key='com.minecolonies.building.library', args=[]}, 5]}
[04Mar2025 02:55:55.911] [main/DEBUG] [minecolonies/]: Cost: com.minecolonies.core.research.costs.SimpleItemCost@33a90367
[04Mar2025 02:55:55.911] [main/DEBUG] [minecolonies/]: Effect: minecolonies:effects/citizeninvslotsaddition translation{key='com.minecolonies.research.effects.citizeninvslotsaddition.description', args=[9.0, 18.0, 900, 1800]}
[04Mar2025 02:55:55.911] [main/DEBUG] [minecolonies/]: Parsed research recipe from minecolonies:civilian/raisingthedead [minecolonies:civilian/minecolonies:civilian/raisingthedead]
[04Mar2025 02:55:55.911] [main/DEBUG] [minecolonies/]: translation{key='com.minecolonies.research.civilian.raisingthedead.name', args=[]} at 4/minecolonies:civilian/resurrectchance2
[04Mar2025 02:55:55.911] [main/DEBUG] [minecolonies/]: Requirement: translation{key='com.minecolonies.coremod.research.requirement.building.level', args=[translation{key='com.minecolonies.building.graveyard', args=[]}, 5]}
[04Mar2025 02:55:55.911] [main/DEBUG] [minecolonies/]: Cost: com.minecolonies.core.research.costs.SimpleItemCost@7a8c020e
[04Mar2025 02:55:55.911] [main/DEBUG] [minecolonies/]: Effect: minecolonies:effects/usetotemunlock translation{key='com.minecolonies.research.effects.usetotemunlock.description', args=[1.0, 1.0, 100, 100]}
[04Mar2025 02:55:55.911] [main/DEBUG] [minecolonies/]: Parsed research recipe from minecolonies:civilian/undertakeremergency [minecolonies:civilian/minecolonies:civilian/undertakeremergency]
[04Mar2025 02:55:55.911] [main/DEBUG] [minecolonies/]: translation{key='com.minecolonies.research.civilian.undertakeremergency.name', args=[]} at 2/minecolonies:civilian/remembrance
[04Mar2025 02:55:55.911] [main/DEBUG] [minecolonies/]: Requirement: translation{key='com.minecolonies.coremod.research.requirement.building.level', args=[translation{key='com.minecolonies.building.graveyard', args=[]}, 2]}
[04Mar2025 02:55:55.911] [main/DEBUG] [minecolonies/]: Cost: com.minecolonies.core.research.costs.SimpleItemCost@7ec9782a
[04Mar2025 02:55:55.911] [main/DEBUG] [minecolonies/]: Effect: minecolonies:effects/undertakerrun translation{key='com.minecolonies.research.effects.undertakerrun.description', args=[1.0, 1.0, 100, 100]}
[04Mar2025 02:55:55.912] [main/DEBUG] [minecolonies/]: Parsed research recipe from minecolonies:civilian/academic [minecolonies:civilian/minecolonies:civilian/academic]
[04Mar2025 02:55:55.912] [main/DEBUG] [minecolonies/]: translation{key='com.minecolonies.research.civilian.academic.name', args=[]} at 6/minecolonies:civilian/reflective
[04Mar2025 02:55:55.912] [main/DEBUG] [minecolonies/]: Cost: com.minecolonies.core.research.costs.SimpleItemCost@1cdb5b53
[04Mar2025 02:55:55.912] [main/DEBUG] [minecolonies/]: Effect: minecolonies:effects/levelingmultiplier translation{key='com.minecolonies.research.effects.levelingmultiplier.description', args=[0.5, 1.0, 50, 100]}
[04Mar2025 02:55:55.912] [main/DEBUG] [minecolonies/]: Parsed research recipe from minecolonies:technology/skills [minecolonies:technology/minecolonies:technology/skills]
[04Mar2025 02:55:55.912] [main/DEBUG] [minecolonies/]: translation{key='com.minecolonies.research.technology.skills.name', args=[]} at 3/minecolonies:technology/ability
[04Mar2025 02:55:55.912] [main/DEBUG] [minecolonies/]: Requirement: translation{key='com.minecolonies.coremod.research.requirement.building.level', args=[translation{key='com.minecolonies.building.miner', args=[]}, 2]}
[04Mar2025 02:55:55.912] [main/DEBUG] [minecolonies/]: Cost: com.minecolonies.core.research.costs.SimpleItemCost@65bcd2b9
[04Mar2025 02:55:55.912] [main/DEBUG] [minecolonies/]: Effect: minecolonies:effects/blockplacespeedmultiplier translation{key='com.minecolonies.research.effects.blockplacespeedmultiplier.description', args=[0.14999999850988388, 0.25, 15, 25]}
[04Mar2025 02:55:55.912] [main/DEBUG] [minecolonies/]: Parsed research recipe from minecolonies:technology/redstonepowered [minecolonies:technology/minecolonies:technology/redstonepowered]
[04Mar2025 02:55:55.912] [main/DEBUG] [minecolonies/]: translation{key='com.minecolonies.research.technology.redstonepowered.name', args=[]} at 3/minecolonies:technology/isthisredstone
[04Mar2025 02:55:55.912] [main/DEBUG] [minecolonies/]: Cost: com.minecolonies.core.research.costs.SimpleItemCost@6f77b07c
[04Mar2025 02:55:55.912] [main/DEBUG] [minecolonies/]: Effect: minecolonies:effects/blockbreakspeedmultiplier translation{key='com.minecolonies.research.effects.blockbreakspeedmultiplier.description', args=[0.14999999850988388, 0.25, 15, 25]}
[04Mar2025 02:55:55.912] [main/DEBUG] [minecolonies/]: Parsed research recipe from minecolonies:technology/podzolchance2 [minecolonies:technology/minecolonies:technology/podzolchance2]
[04Mar2025 02:55:55.912] [main/DEBUG] [minecolonies/]: translation{key='com.minecolonies.research.technology.podzolchance2.name', args=[]} at 3/minecolonies:technology/podzolchance
[04Mar2025 02:55:55.913] [main/DEBUG] [minecolonies/]: Requirement: translation{key='com.minecolonies.coremod.research.requirement.building.level', args=[translation{key='com.minecolonies.building.composter', args=[]}, 3]}
[04Mar2025 02:55:55.913] [main/DEBUG] [minecolonies/]: Cost: com.minecolonies.core.research.costs.SimpleItemCost@5c938072
[04Mar2025 02:55:55.913] [main/DEBUG] [minecolonies/]: Effect: minecolonies:effects/podzolchancemultiplier translation{key='com.minecolonies.research.effects.podzolchancemultiplier.description', args=[1.0, 2.0, 100, 200]}
[04Mar2025 02:55:55.913] [main/DEBUG] [minecolonies/]: Parsed research recipe from minecolonies:combat/steelarmor [minecolonies:combat/minecolonies:combat/steelarmor]
[04Mar2025 02:55:55.913] [main/DEBUG] [minecolonies/]: translation{key='com.minecolonies.research.combat.steelarmor.name', args=[]} at 5/minecolonies:combat/ironarmor
[04Mar2025 02:55:55.913] [main/DEBUG] [minecolonies/]: Requirement: translation{key='com.minecolonies.coremod.research.requirement.building.level', args=[translation{key='com.minecolonies.building.townhall', args=[]}, 5]}
[04Mar2025 02:55:55.913] [main/DEBUG] [minecolonies/]: Cost: com.minecolonies.core.research.costs.SimpleItemCost@65bccaf9
[04Mar2025 02:55:55.913] [main/DEBUG] [minecolonies/]: Effect: minecolonies:effects/armordurabilitymultiplier translation{key='com.minecolonies.research.effects.armordurabilitymultiplier.description', args=[0.09999999403953552, 0.5, 10, 50]}
[04Mar2025 02:55:55.913] [main/DEBUG] [minecolonies/]: Parsed research recipe from minecolonies:civilian/glutton [minecolonies:civilian/minecolonies:civilian/glutton]
[04Mar2025 02:55:55.913] [main/DEBUG] [minecolonies/]: translation{key='com.minecolonies.research.civilian.glutton.name', args=[]} at 6/minecolonies:civilian/epicure
[04Mar2025 02:55:55.913] [main/DEBUG] [minecolonies/]: Cost: com.minecolonies.core.research.costs.SimpleItemCost@32c2dd7b
[04Mar2025 02:55:55.913] [main/DEBUG] [minecolonies/]: Effect: minecolonies:effects/saturationmultiplier translation{key='com.minecolonies.research.effects.saturationmultiplier.description', args=[1.0, 2.0, 100, 200]}
[04Mar2025 02:55:55.913] [main/DEBUG] [minecolonies/]: Parsed research recipe from minecolonies:technology/rtm [minecolonies:technology/minecolonies:technology/rtm]
[04Mar2025 02:55:55.913] [main/DEBUG] [minecolonies/]: translation{key='com.minecolonies.research.technology.rtm.name', args=[]} at 5/minecolonies:technology/recipebook
[04Mar2025 02:55:55.913] [main/DEBUG] [minecolonies/]: Requirement: translation{key='com.minecolonies.coremod.research.requirement.building.level', args=[translation{key='com.minecolonies.building.sawmill', args=[]}, 4]}
[04Mar2025 02:55:55.913] [main/DEBUG] [minecolonies/]: Cost: com.minecolonies.core.research.costs.SimpleItemCost@782b31c9
[04Mar2025 02:55:55.914] [main/DEBUG] [minecolonies/]: Effect: minecolonies:effects/recipesmultiplier translation{key='com.minecolonies.research.effects.recipesmultiplier.description', args=[1.0, 2.0, 100, 200]}
[04Mar2025 02:55:55.914] [main/DEBUG] [minecolonies/]: Parsed research recipe from minecolonies:civilian/compress [minecolonies:civilian/minecolonies:civilian/compress]
[04Mar2025 02:55:55.914] [main/DEBUG] [minecolonies/]: translation{key='com.minecolonies.research.civilian.compress.name', args=[]} at 5/minecolonies:civilian/bandages
[04Mar2025 02:55:55.914] [main/DEBUG] [minecolonies/]: Requirement: translation{key='com.minecolonies.coremod.research.requirement.building.level', args=[translation{key='com.minecolonies.building.library', args=[]}, 5]}
[04Mar2025 02:55:55.914] [main/DEBUG] [minecolonies/]: Cost: com.minecolonies.core.research.costs.SimpleItemCost@70de2245
[04Mar2025 02:55:55.914] [main/DEBUG] [minecolonies/]: Effect: minecolonies:effects/regenerationmultiplier translation{key='com.minecolonies.research.effects.regenerationmultiplier.description', args=[0.5, 1.0, 50, 100]}
[04Mar2025 02:55:55.914] [main/DEBUG] [minecolonies/]: Parsed research recipe from minecolonies:civilian/village [minecolonies:civilian/minecolonies:civilian/village]
[04Mar2025 02:55:55.914] [main/DEBUG] [minecolonies/]: translation{key='com.minecolonies.research.civilian.village.name', args=[]} at 4/minecolonies:civilian/hamlet
[04Mar2025 02:55:55.914] [main/DEBUG] [minecolonies/]: Requirement: translation{key='com.minecolonies.coremod.research.requirement.building.level', args=[translation{key='com.minecolonies.building.townhall', args=[]}, 4]}
[04Mar2025 02:55:55.914] [main/DEBUG] [minecolonies/]: Cost: com.minecolonies.core.research.costs.SimpleItemCost@134c519a
[04Mar2025 02:55:55.914] [main/DEBUG] [minecolonies/]: Effect: minecolonies:effects/citizencapaddition translation{key='com.minecolonies.research.effects.citizencapaddition.description', args=[50.0, 150.0, 5000, 15000]}
[04Mar2025 02:55:55.918] [main/INFO] [minecolonies/]: Loaded 202 recipes for 4 research branches
[04Mar2025 02:55:55.923] [main/INFO] [minecolonies/]: Loading quests from data
[04Mar2025 02:55:55.931] [main/INFO] [minecolonies/]: Finished loading quests from data
[04Mar2025 02:55:55.935] [main/WARN] [minecolonies/]: Read 1544 items with their nbt keys for compatibility.
[04Mar2025 02:55:55.937] [main/INFO] [botania/]: Loaded 30 Loonium configurations
[04Mar2025 02:55:55.967] [main/WARN] [net.minecraft.core.MappedRegistry/]: Not all defined tags for registry ResourceKey[minecraft:root / minecraft:worldgen/biome] are present in data pack: minecraft:is_plains
[04Mar2025 02:56:00.006] [main/INFO] [evilcraft/]: 19 Broom modifiers can be applied!
[04Mar2025 02:56:00.008] [main/INFO] [Cucumber Library/]: Loaded cucumber-tags.json in 1 ms
[04Mar2025 02:56:00.010] [main/INFO] [Mystical Agriculture/]: Recipe ingredient caching done in 1 ms
[04Mar2025 02:56:00.712] [main/DEBUG] [net.minecraftforge.common.ForgeHooks/WP]: Gathering id map for writing to world save world
[04Mar2025 02:56:00.847] [main/DEBUG] [net.minecraftforge.common.ForgeHooks/WP]: ID Map collection complete world
[04Mar2025 02:56:01.068] [main/INFO] [majruszlibrary/]: [majruszsenchantments.json] Reloading configuration file took 3 milliseconds
[04Mar2025 02:56:01.069] [main/INFO] [majruszlibrary/]: [majruszlibrary.json] Reloading configuration file took 1 milliseconds
[04Mar2025 02:56:01.070] [Server thread/INFO] [net.minecraft.server.dedicated.DedicatedServer/]: Starting minecraft server version 1.20.1
[04Mar2025 02:56:01.071] [Server thread/INFO] [net.minecraft.server.dedicated.DedicatedServer/]: Loading properties
[04Mar2025 02:56:01.071] [Server thread/INFO] [net.minecraft.server.dedicated.DedicatedServer/]: Default game type: SURVIVAL
[04Mar2025 02:56:01.071] [Server thread/INFO] [net.minecraft.server.MinecraftServer/]: Generating keypair
[04Mar2025 02:56:01.204] [Server thread/INFO] [net.minecraft.server.dedicated.DedicatedServer/]: Starting Minecraft server on *:25565
[04Mar2025 02:56:01.250] [Server thread/DEBUG] [net.minecraftforge.network.DualStackUtils/]: Detected IPv6 address: "0:0:0:0:0:0:0:0"
[04Mar2025 02:56:01.541] [Server thread/DEBUG] [io.netty.util.internal.NativeLibraryLoader/]: -Dio.netty.native.workdir: /tmp (io.netty.tmpdir)
[04Mar2025 02:56:01.541] [Server thread/DEBUG] [io.netty.util.internal.NativeLibraryLoader/]: -Dio.netty.native.deleteLibAfterLoading: true
[04Mar2025 02:56:01.541] [Server thread/DEBUG] [io.netty.util.internal.NativeLibraryLoader/]: -Dio.netty.native.tryPatchShadedId: true
[04Mar2025 02:56:01.541] [Server thread/DEBUG] [io.netty.util.internal.NativeLibraryLoader/]: -Dio.netty.native.detectNativeLibraryDuplicates: true
[04Mar2025 02:56:01.734] [Server thread/DEBUG] [io.netty.util.internal.NativeLibraryLoader/]: Successfully loaded the library /tmp/libnetty_transport_native_epoll_x86_646083216289794698233.so
[04Mar2025 02:56:01.738] [Server thread/DEBUG] [io.netty.util.NetUtil/]: -Djava.net.preferIPv4Stack: false
[04Mar2025 02:56:01.738] [Server thread/DEBUG] [io.netty.util.NetUtil/]: -Djava.net.preferIPv6Addresses: true
[04Mar2025 02:56:01.740] [Server thread/DEBUG] [io.netty.util.NetUtilInitializations/]: Loopback interface: lo (lo, 0:0:0:0:0:0:0:1%lo)
[04Mar2025 02:56:01.741] [Server thread/DEBUG] [io.netty.util.NetUtil/]: /proc/sys/net/core/somaxconn: 4096
[04Mar2025 02:56:01.748] [Server thread/INFO] [net.minecraft.server.network.ServerConnectionListener/]: Using epoll channel type
[04Mar2025 02:56:01.798] [Server thread/DEBUG] [io.netty.channel.MultithreadEventLoopGroup/]: -Dio.netty.eventLoopThreads: 8
[04Mar2025 02:56:01.817] [Server thread/DEBUG] [io.netty.util.internal.PlatformDependent/]: org.jctools-core.MpscChunkedArrayQueue: available
[04Mar2025 02:56:01.829] [Server thread/DEBUG] [io.netty.channel.DefaultChannelId/]: -Dio.netty.processId: 1179 (auto-detected)
[04Mar2025 02:56:01.830] [Server thread/DEBUG] [io.netty.channel.DefaultChannelId/]: -Dio.netty.machineId: 7c:1e:52:ff:fe:90:d4:1f (auto-detected)
[04Mar2025 02:56:01.851] [Server thread/DEBUG] [io.netty.buffer.PooledByteBufAllocator/]: -Dio.netty.allocator.numHeapArenas: 8
[04Mar2025 02:56:01.852] [Server thread/DEBUG] [io.netty.buffer.PooledByteBufAllocator/]: -Dio.netty.allocator.numDirectArenas: 8
[04Mar2025 02:56:01.852] [Server thread/DEBUG] [io.netty.buffer.PooledByteBufAllocator/]: -Dio.netty.allocator.pageSize: 8192
[04Mar2025 02:56:01.852] [Server thread/DEBUG] [io.netty.buffer.PooledByteBufAllocator/]: -Dio.netty.allocator.maxOrder: 9
[04Mar2025 02:56:01.852] [Server thread/DEBUG] [io.netty.buffer.PooledByteBufAllocator/]: -Dio.netty.allocator.chunkSize: 4194304
[04Mar2025 02:56:01.852] [Server thread/DEBUG] [io.netty.buffer.PooledByteBufAllocator/]: -Dio.netty.allocator.smallCacheSize: 256
[04Mar2025 02:56:01.852] [Server thread/DEBUG] [io.netty.buffer.PooledByteBufAllocator/]: -Dio.netty.allocator.normalCacheSize: 64
[04Mar2025 02:56:01.852] [Server thread/DEBUG] [io.netty.buffer.PooledByteBufAllocator/]: -Dio.netty.allocator.maxCachedBufferCapacity: 32768
[04Mar2025 02:56:01.852] [Server thread/DEBUG] [io.netty.buffer.PooledByteBufAllocator/]: -Dio.netty.allocator.cacheTrimInterval: 8192
[04Mar2025 02:56:01.852] [Server thread/DEBUG] [io.netty.buffer.PooledByteBufAllocator/]: -Dio.netty.allocator.cacheTrimIntervalMillis: 0
[04Mar2025 02:56:01.852] [Server thread/DEBUG] [io.netty.buffer.PooledByteBufAllocator/]: -Dio.netty.allocator.useCacheForAllThreads: false
[04Mar2025 02:56:01.852] [Server thread/DEBUG] [io.netty.buffer.PooledByteBufAllocator/]: -Dio.netty.allocator.maxCachedByteBuffersPerChunk: 1023
[04Mar2025 02:56:01.859] [Server thread/DEBUG] [io.netty.buffer.ByteBufUtil/]: -Dio.netty.allocator.type: pooled
[04Mar2025 02:56:01.859] [Server thread/DEBUG] [io.netty.buffer.ByteBufUtil/]: -Dio.netty.threadLocalDirectBufferSize: 0
[04Mar2025 02:56:01.859] [Server thread/DEBUG] [io.netty.buffer.ByteBufUtil/]: -Dio.netty.maxThreadLocalCharBufferSize: 16384
[04Mar2025 02:56:01.869] [Server thread/WARN] [net.minecraft.server.dedicated.DedicatedServer/]: **** SERVER IS RUNNING IN OFFLINE/INSECURE MODE!
[04Mar2025 02:56:01.870] [Server thread/WARN] [net.minecraft.server.dedicated.DedicatedServer/]: The server will make no attempt to authenticate usernames. Beware.
[04Mar2025 02:56:01.871] [Server thread/WARN] [net.minecraft.server.dedicated.DedicatedServer/]: While this makes the game possible to play without internet access, it also opens up the ability for hackers to connect with any username they choose.
[04Mar2025 02:56:01.871] [Server thread/WARN] [net.minecraft.server.dedicated.DedicatedServer/]: To change this, set "online-mode" to "true" in the server.properties file.
[04Mar2025 02:56:01.884] [Server thread/DEBUG] [net.minecraftforge.fml.config.ConfigTracker/CONFIG]: Loading configs type SERVER
[04Mar2025 02:56:01.885] [Server thread/DEBUG] [net.minecraftforge.fml.config.ConfigFileTypeHandler/CONFIG]: Built TOML config for ./world/serverconfig/forge-server.toml
[04Mar2025 02:56:01.885] [Server thread/DEBUG] [net.minecraftforge.fml.config.ConfigFileTypeHandler/CONFIG]: Loaded TOML config file ./world/serverconfig/forge-server.toml
[04Mar2025 02:56:01.886] [Server thread/DEBUG] [net.minecraftforge.fml.config.ConfigFileTypeHandler/CONFIG]: Watching TOML config file ./world/serverconfig/forge-server.toml for changes
[04Mar2025 02:56:01.887] [Server thread/DEBUG] [net.minecraftforge.common.ForgeConfig/FORGEMOD]: Loaded forge config file forge-server.toml
[04Mar2025 02:56:01.887] [Server thread/DEBUG] [net.minecraftforge.fml.config.ConfigFileTypeHandler/CONFIG]: Built TOML config for ./world/serverconfig/easy_villagers-server.toml
[04Mar2025 02:56:01.887] [Thread-3/DEBUG] [net.minecraftforge.fml.config.ConfigFileTypeHandler/CONFIG]: Config file forge-server.toml changed, sending notifies
[04Mar2025 02:56:01.888] [Thread-3/DEBUG] [net.minecraftforge.common.ForgeConfig/FORGEMOD]: Forge config just got changed on the file system!
[04Mar2025 02:56:01.888] [Thread-3/DEBUG] [net.minecraftforge.fml.config.ConfigFileTypeHandler/CONFIG]: Config file forge-server.toml changed, sending notifies
[04Mar2025 02:56:01.888] [Server thread/DEBUG] [net.minecraftforge.fml.config.ConfigFileTypeHandler/CONFIG]: Loaded TOML config file ./world/serverconfig/easy_villagers-server.toml
[04Mar2025 02:56:01.888] [Thread-3/DEBUG] [net.minecraftforge.common.ForgeConfig/FORGEMOD]: Forge config just got changed on the file system!
[04Mar2025 02:56:01.888] [Server thread/DEBUG] [net.minecraftforge.fml.config.ConfigFileTypeHandler/CONFIG]: Watching TOML config file ./world/serverconfig/easy_villagers-server.toml for changes
[04Mar2025 02:56:01.888] [Server thread/DEBUG] [net.minecraftforge.fml.config.ConfigFileTypeHandler/CONFIG]: Built TOML config for ./world/serverconfig/curios-server.toml
[04Mar2025 02:56:01.889] [Server thread/DEBUG] [net.minecraftforge.fml.config.ConfigFileTypeHandler/CONFIG]: Loaded TOML config file ./world/serverconfig/curios-server.toml
[04Mar2025 02:56:01.889] [Server thread/DEBUG] [net.minecraftforge.fml.config.ConfigFileTypeHandler/CONFIG]: Watching TOML config file ./world/serverconfig/curios-server.toml for changes
[04Mar2025 02:56:01.889] [Thread-3/DEBUG] [net.minecraftforge.fml.config.ConfigFileTypeHandler/CONFIG]: Config file easy_villagers-server.toml changed, sending notifies
[04Mar2025 02:56:01.889] [Server thread/DEBUG] [net.minecraftforge.fml.config.ConfigFileTypeHandler/CONFIG]: Built TOML config for /workspaces/panaserver2.0/servidor_minecraft/config/tombstone-server.toml
[04Mar2025 02:56:01.889] [Thread-3/DEBUG] [net.minecraftforge.fml.config.ConfigFileTypeHandler/CONFIG]: Config file curios-server.toml changed, sending notifies
[04Mar2025 02:56:01.890] [Server thread/DEBUG] [net.minecraftforge.fml.config.ConfigFileTypeHandler/CONFIG]: Loaded TOML config file /workspaces/panaserver2.0/servidor_minecraft/config/tombstone-server.toml
[04Mar2025 02:56:01.890] [Server thread/DEBUG] [net.minecraftforge.fml.config.ConfigFileTypeHandler/CONFIG]: Watching TOML config file /workspaces/panaserver2.0/servidor_minecraft/config/tombstone-server.toml for changes
[04Mar2025 02:56:01.891] [Server thread/DEBUG] [net.minecraftforge.fml.config.ConfigFileTypeHandler/CONFIG]: Built TOML config for ./world/serverconfig/structurize-server.toml
[04Mar2025 02:56:01.891] [Server thread/DEBUG] [net.minecraftforge.fml.config.ConfigFileTypeHandler/CONFIG]: Loaded TOML config file ./world/serverconfig/structurize-server.toml
[04Mar2025 02:56:01.891] [Server thread/DEBUG] [net.minecraftforge.fml.config.ConfigFileTypeHandler/CONFIG]: Watching TOML config file ./world/serverconfig/structurize-server.toml for changes
[04Mar2025 02:56:01.891] [Server thread/DEBUG] [net.minecraftforge.fml.config.ConfigFileTypeHandler/CONFIG]: Built TOML config for ./world/serverconfig/occultism-server.toml
[04Mar2025 02:56:01.892] [Server thread/DEBUG] [net.minecraftforge.fml.config.ConfigFileTypeHandler/CONFIG]: Loaded TOML config file ./world/serverconfig/occultism-server.toml
[04Mar2025 02:56:01.892] [Server thread/DEBUG] [net.minecraftforge.fml.config.ConfigFileTypeHandler/CONFIG]: Watching TOML config file ./world/serverconfig/occultism-server.toml for changes
[04Mar2025 02:56:01.893] [Thread-3/DEBUG] [net.minecraftforge.fml.config.ConfigFileTypeHandler/CONFIG]: Config file occultism-server.toml changed, sending notifies
[04Mar2025 02:56:01.893] [Server thread/DEBUG] [net.minecraftforge.fml.config.ConfigFileTypeHandler/CONFIG]: Built TOML config for ./world/serverconfig/minecolonies-server.toml
[04Mar2025 02:56:01.893] [Thread-3/DEBUG] [net.minecraftforge.fml.config.ConfigFileTypeHandler/CONFIG]: Config file occultism-server.toml changed, sending notifies
[04Mar2025 02:56:01.893] [Server thread/DEBUG] [net.minecraftforge.fml.config.ConfigFileTypeHandler/CONFIG]: Loaded TOML config file ./world/serverconfig/minecolonies-server.toml
[04Mar2025 02:56:01.893] [Server thread/DEBUG] [net.minecraftforge.fml.config.ConfigFileTypeHandler/CONFIG]: Watching TOML config file ./world/serverconfig/minecolonies-server.toml for changes
[04Mar2025 02:56:01.894] [Thread-3/DEBUG] [net.minecraftforge.fml.config.ConfigFileTypeHandler/CONFIG]: Config file minecolonies-server.toml changed, sending notifies
[04Mar2025 02:56:01.894] [Server thread/DEBUG] [net.minecraftforge.fml.config.ConfigFileTypeHandler/CONFIG]: Built TOML config for ./world/serverconfig/rpgstats.toml
[04Mar2025 02:56:01.894] [Thread-3/DEBUG] [net.minecraftforge.fml.config.ConfigFileTypeHandler/CONFIG]: Config file minecolonies-server.toml changed, sending notifies
[04Mar2025 02:56:01.895] [Server thread/DEBUG] [net.minecraftforge.fml.config.ConfigFileTypeHandler/CONFIG]: Loaded TOML config file ./world/serverconfig/rpgstats.toml
[04Mar2025 02:56:01.895] [Server thread/DEBUG] [net.minecraftforge.fml.config.ConfigFileTypeHandler/CONFIG]: Watching TOML config file ./world/serverconfig/rpgstats.toml for changes
[04Mar2025 02:56:01.896] [Thread-3/DEBUG] [net.minecraftforge.fml.config.ConfigFileTypeHandler/CONFIG]: Config file minecolonies-server.toml changed, sending notifies
[04Mar2025 02:56:02.167] [Server thread/DEBUG] [moe.plushie.armourers_workshop.ArmourersWorkshop/]: hello
[04Mar2025 02:56:02.169] [Server thread/DEBUG] [moe.plushie.armourers_workshop.ArmourersWorkshop/]: Connect to file db: 'world'
[04Mar2025 02:56:02.594] [Server thread/DEBUG] [moe.plushie.armourers_workshop.ArmourersWorkshop/]: prepare skin loader
[04Mar2025 02:56:02.609] [Server thread/INFO] [terrablender/]: Initialized TerraBlender biomes for level stem minecraft:the_nether
[04Mar2025 02:56:03.035] [Server thread/INFO] [terrablender/]: Initialized TerraBlender biomes for level stem minecraft:overworld
[04Mar2025 02:56:03.035] [Server thread/INFO] [net.minecraft.server.dedicated.DedicatedServer/]: Preparing level "world"
[04Mar2025 02:56:03.044] [Server thread/DEBUG] [net.minecraftforge.coremod.transformer.CoreModBaseTransformer/COREMOD]: Transforming net/minecraft/world/level/levelgen/PhantomSpawner
[04Mar2025 02:56:03.048] [Server thread/DEBUG] [mixin/]: Mixing MixinPhantomSpawner from majruszlibrary-common.mixins.json into net.minecraft.world.level.levelgen.PhantomSpawner
[04Mar2025 02:56:03.053] [Server thread/DEBUG] [net.minecraftforge.coremod.transformer.CoreModBaseTransformer/COREMOD]: Transforming net/minecraft/world/level/levelgen/PatrolSpawner
[04Mar2025 02:56:03.058] [Server thread/DEBUG] [net.minecraftforge.coremod.transformer.CoreModBaseTransformer/COREMOD]: Transforming net/minecraft/world/entity/npc/CatSpawner
[04Mar2025 02:56:03.063] [Server thread/DEBUG] [net.minecraftforge.coremod.transformer.CoreModBaseTransformer/COREMOD]: Transforming net/minecraft/world/entity/ai/village/VillageSiege
[04Mar2025 02:56:03.080] [Server thread/DEBUG] [mixin/]: Mixing CollectingNeighborUpdaterMixin from botania_xplat.mixins.json into net.minecraft.world.level.redstone.CollectingNeighborUpdater
[04Mar2025 02:56:03.104] [Server thread/DEBUG] [mixin/]: Mixing MixinPersistentEntitySectionManager from majruszlibrary-common.mixins.json into net.minecraft.world.level.entity.PersistentEntitySectionManager
[04Mar2025 02:56:03.105] [Server thread/DEBUG] [mixin/]: Renaming synthetic method lambda$tick$0(Ljava/util/List;Ljava/lang/Long;Lcom/mojang/datafixers/util/Pair;)V to md376fdc$lambda$tick$0$0 in majruszlibrary-common.mixins.json:MixinPersistentEntitySectionManager
[04Mar2025 02:56:03.431] [Server thread/DEBUG] [mixin/]: Mixing StructureManagerAccessor from cataclysm.mixins.json into net.minecraft.world.level.StructureManager
[04Mar2025 02:56:04.036] [Server thread/DEBUG] [mixin/]: Mixing VibrationSystemListenerMixin from botania_xplat.mixins.json into net.minecraft.world.level.gameevent.vibrations.VibrationSystem$Listener
[04Mar2025 02:56:04.038] [Server thread/DEBUG] [mixin/]: Mixing VibrationListenerMixin from mixins.deeperdarker.json into net.minecraft.world.level.gameevent.vibrations.VibrationSystem$Listener
[04Mar2025 02:56:04.088] [Server thread/DEBUG] [io.netty.buffer.AbstractByteBuf/]: -Dio.netty.buffer.checkAccessible: true
[04Mar2025 02:56:04.088] [Server thread/DEBUG] [io.netty.buffer.AbstractByteBuf/]: -Dio.netty.buffer.checkBounds: true
[04Mar2025 02:56:04.091] [Server thread/DEBUG] [io.netty.util.ResourceLeakDetectorFactory/]: Loaded default ResourceLeakDetector: io.netty.util.ResourceLeakDetector@21aa34d4
[04Mar2025 02:56:04.553] [Server thread/DEBUG] [mixin/]: Mixing PiglinAiMixin from relics.mixins.json into net.minecraft.world.entity.monster.piglin.PiglinAi
[04Mar2025 02:56:04.553] [Server thread/DEBUG] [mixin/]: relics.mixins.json:PiglinAiMixin: Class version 61 required is higher than the class version supported by the current version of Mixin (JAVA_8 supports class version 52)
[04Mar2025 02:56:04.556] [Server thread/DEBUG] [mixin/]: Mixing MixinPiglinAi from curios.mixins.json into net.minecraft.world.entity.monster.piglin.PiglinAi
[04Mar2025 02:56:04.653] [Server thread/DEBUG] [epicfight/]: Cannot find the joint named Knee_R in yesman.epicfight.model.armature.VexArmature
[04Mar2025 02:56:04.653] [Server thread/DEBUG] [epicfight/]: Cannot find the joint named Knee_L in yesman.epicfight.model.armature.VexArmature
[04Mar2025 02:56:04.653] [Server thread/DEBUG] [epicfight/]: Cannot find the joint named Elbow_R in yesman.epicfight.model.armature.VexArmature
[04Mar2025 02:56:04.653] [Server thread/DEBUG] [epicfight/]: Cannot find the joint named Elbow_L in yesman.epicfight.model.armature.VexArmature
[04Mar2025 02:56:04.653] [Server thread/DEBUG] [epicfight/]: Cannot find the joint named Knee_R in yesman.epicfight.model.armature.VexArmature
[04Mar2025 02:56:04.653] [Server thread/DEBUG] [epicfight/]: Cannot find the joint named Knee_L in yesman.epicfight.model.armature.VexArmature
[04Mar2025 02:56:04.653] [Server thread/DEBUG] [epicfight/]: Cannot find the joint named Elbow_R in yesman.epicfight.model.armature.VexArmature
[04Mar2025 02:56:04.653] [Server thread/DEBUG] [epicfight/]: Cannot find the joint named Elbow_L in yesman.epicfight.model.armature.VexArmature
[04Mar2025 02:56:15.981] [Server thread/INFO] [net.minecraft.server.MinecraftServer/]: Preparing start region for dimension minecraft:overworld
[04Mar2025 02:56:16.893] [Server thread/DEBUG] [mixin/]: Mixing MixinChunkSerializer from architectury.mixins.json into net.minecraft.world.level.chunk.storage.ChunkSerializer
[04Mar2025 02:56:17.142] [Server thread/DEBUG] [mixin/]: Mixing accessor.BoundingBoxAccessor from cataclysm.mixins.json into net.minecraft.world.level.levelgen.structure.BoundingBox
[04Mar2025 02:56:17.151] [Server thread/DEBUG] [net.minecraftforge.coremod.transformer.CoreModBaseTransformer/COREMOD]: Transforming net/minecraft/world/level/levelgen/structure/templatesystem/StructureTemplate
[04Mar2025 02:56:17.210] [Server thread/DEBUG] [mixin/]: Mixing StructureTemplateMixin from cataclysm.mixins.json into net.minecraft.world.level.levelgen.structure.templatesystem.StructureTemplate
[04Mar2025 02:56:17.211] [Server thread/DEBUG] [mixin/]: Renaming synthetic method lambda$repurposedstructures_preventAutoWaterlogging$0(Lnet/minecraft/world/level/levelgen/structure/templatesystem/StructureProcessor;)Z to md376fdc$lambda$repurposedstructures_preventAutoWaterlogging$0$0 in cataclysm.mixins.json:StructureTemplateMixin
[04Mar2025 02:56:17.212] [Server thread/DEBUG] [mixin/]: Mixing MixinStructureTemplate from lootr.mixins.json into net.minecraft.world.level.levelgen.structure.templatesystem.StructureTemplate
[04Mar2025 02:56:19.418] [Worker-Main-3/INFO] [net.minecraft.server.level.progress.LoggerChunkProgressListener/]: Preparing spawn area: 0%
[04Mar2025 02:56:19.451] [Worker-Main-1/INFO] [net.minecraft.server.level.progress.LoggerChunkProgressListener/]: Preparing spawn area: 0%
[04Mar2025 02:56:19.771] [Worker-Main-1/INFO] [net.minecraft.server.level.progress.LoggerChunkProgressListener/]: Preparing spawn area: 0%
[04Mar2025 02:56:19.786] [Worker-Main-1/INFO] [net.minecraft.server.level.progress.LoggerChunkProgressListener/]: Preparing spawn area: 0%
[04Mar2025 02:56:19.816] [Worker-Main-2/INFO] [net.minecraft.server.level.progress.LoggerChunkProgressListener/]: Preparing spawn area: 0%
[04Mar2025 02:56:19.822] [Worker-Main-2/INFO] [net.minecraft.server.level.progress.LoggerChunkProgressListener/]: Preparing spawn area: 0%
[04Mar2025 02:56:19.836] [Worker-Main-2/INFO] [net.minecraft.server.level.progress.LoggerChunkProgressListener/]: Preparing spawn area: 0%
[04Mar2025 02:56:19.850] [Worker-Main-1/INFO] [net.minecraft.server.level.progress.LoggerChunkProgressListener/]: Preparing spawn area: 0%
[04Mar2025 02:56:19.990] [Worker-Main-2/INFO] [net.minecraft.server.level.progress.LoggerChunkProgressListener/]: Preparing spawn area: 0%
[04Mar2025 02:56:22.930] [Worker-Main-1/INFO] [net.minecraft.server.level.progress.LoggerChunkProgressListener/]: Preparing spawn area: 0%
[04Mar2025 02:56:22.937] [Worker-Main-1/INFO] [net.minecraft.server.level.progress.LoggerChunkProgressListener/]: Preparing spawn area: 0%
[04Mar2025 02:56:22.942] [Worker-Main-3/INFO] [net.minecraft.server.level.progress.LoggerChunkProgressListener/]: Preparing spawn area: 0%
[04Mar2025 02:56:22.949] [Worker-Main-1/INFO] [net.minecraft.server.level.progress.LoggerChunkProgressListener/]: Preparing spawn area: 0%
[04Mar2025 02:56:22.955] [Worker-Main-3/INFO] [net.minecraft.server.level.progress.LoggerChunkProgressListener/]: Preparing spawn area: 0%
[04Mar2025 02:56:22.985] [Worker-Main-3/INFO] [net.minecraft.server.level.progress.LoggerChunkProgressListener/]: Preparing spawn area: 0%
[04Mar2025 02:56:23.482] [Worker-Main-1/INFO] [net.minecraft.server.level.progress.LoggerChunkProgressListener/]: Preparing spawn area: 0%
[04Mar2025 02:56:23.997] [Worker-Main-3/INFO] [net.minecraft.server.level.progress.LoggerChunkProgressListener/]: Preparing spawn area: 0%
[04Mar2025 02:56:24.482] [Worker-Main-3/INFO] [net.minecraft.server.level.progress.LoggerChunkProgressListener/]: Preparing spawn area: 15%
[04Mar2025 02:56:24.982] [Worker-Main-2/INFO] [net.minecraft.server.level.progress.LoggerChunkProgressListener/]: Preparing spawn area: 73%
[04Mar2025 02:56:25.303] [Server thread/INFO] [net.minecraft.server.level.progress.LoggerChunkProgressListener/]: Time elapsed: 9322 ms
[04Mar2025 02:56:25.306] [Server thread/INFO] [net.minecraft.server.dedicated.DedicatedServer/]: Done (23.421s)! For help, type "help"
[04Mar2025 02:56:25.315] [Server thread/DEBUG] [net.minecraftforge.network.DualStackUtils/]: Detected IPv6 address: "0:0:0:0:0:0:0:0"
[04Mar2025 02:56:25.423] [Server thread/DEBUG] [net.minecraftforge.common.ForgeI18n/CORE]: Loading I18N data entries: 24516
[04Mar2025 02:56:25.426] [Server thread/INFO] [net.minecraftforge.server.permission.PermissionAPI/]: Successfully initialized permission handler forge:default_handler
[04Mar2025 02:56:25.448] [Server thread/INFO] [cyclopscore/]: Loading infobook /data/cyclopscore/info/test.xml
[04Mar2025 02:56:25.459] [Server thread/INFO] [evilcraft/]: Loading infobook /data/evilcraft/info/book.xml
[04Mar2025 02:56:25.509] [Server thread/WARN] [evilcraft/]: Invalid appendix info_book.evilcraft.second_age.tools.broom from mod evilcraft in an infobook: The broom modifier evilcraft:witherer has no valid items
[04Mar2025 02:56:25.509] [Server thread/WARN] [evilcraft/]: Invalid appendix info_book.evilcraft.second_age.tools.broom from mod evilcraft in an infobook: The broom modifier evilcraft:hungerer has no valid items
[04Mar2025 02:56:25.510] [Server thread/WARN] [evilcraft/]: Invalid appendix info_book.evilcraft.second_age.tools.broom from mod evilcraft in an infobook: The broom modifier evilcraft:kamikaze has no valid items
[04Mar2025 02:56:25.510] [Server thread/WARN] [evilcraft/]: Invalid appendix info_book.evilcraft.second_age.tools.broom from mod evilcraft in an infobook: The broom modifier evilcraft:withershield has no valid items
[04Mar2025 02:56:25.540] [Server thread/INFO] [evilcraft/]: Skipped section info_book.evilcraftcompat.mod_integrations.jei due to unsatisfied mod condition.
[04Mar2025 02:56:25.541] [Server thread/DEBUG] [moe.plushie.armourers_workshop.ArmourersWorkshop/]: init
[04Mar2025 02:56:25.544] [Server thread/DEBUG] [moe.plushie.armourers_workshop.ArmourersWorkshop/]: apply context
[04Mar2025 02:56:25.544] [Server thread/DEBUG] [moe.plushie.armourers_workshop.ArmourersWorkshop/]: start skin loader
[04Mar2025 02:56:25.885] [Server thread/INFO] [minecolonies/]: Finished discovering Ores 46 47
[04Mar2025 02:56:25.885] [Server thread/INFO] [minecolonies/]: Finished discovering saplings 69
[04Mar2025 02:56:25.885] [Server thread/INFO] [minecolonies/]: Finished discovering plantables 19
[04Mar2025 02:56:25.885] [Server thread/INFO] [minecolonies/]: Finished discovering food 315 342
[04Mar2025 02:56:25.886] [Server thread/INFO] [minecolonies/]: Finished discovering fuel 788
[04Mar2025 02:56:25.886] [Server thread/INFO] [minecolonies/]: Finished discovering flowers 133
[04Mar2025 02:56:25.886] [Server thread/INFO] [minecolonies/]: Finished discovering items 7980
[04Mar2025 02:56:25.887] [Server thread/INFO] [minecolonies/]: Finished discovering recruitment costs
[04Mar2025 02:56:25.888] [Server thread/INFO] [minecolonies/]: Finished discovering compostables 709
[04Mar2025 02:56:26.047] [Server thread/INFO] [patchouli/]: Sending reload packet to clients
[04Mar2025 02:56:26.088] [Server thread/DEBUG] [mixin/]: Mixing ChunkRegionAccessor from graveyard-common.mixins.json into net.minecraft.server.level.WorldGenRegion
[04Mar2025 02:56:26.088] [Server thread/DEBUG] [mixin/]: Mixing WorldGenRegionAccessor from cataclysm.mixins.json into net.minecraft.server.level.WorldGenRegion
[04Mar2025 02:56:26.127] [Server thread/DEBUG] [net.minecraftforge.coremod.transformer.CoreModBaseTransformer/COREMOD]: Transforming net/minecraft/world/level/NaturalSpawner
[04Mar2025 02:56:26.148] [Server thread/DEBUG] [mixin/]: Mixing item.wearable.NaturalSpawnerMixin from mixins.artifacts.common.json into net.minecraft.world.level.NaturalSpawner
[04Mar2025 02:56:26.148] [Server thread/DEBUG] [mixin/]: Renaming synthetic method lambda$spawnCategoryForPosition$0(Lnet/minecraft/world/entity/Mob;Lnet/minecraft/world/item/ItemStack;)V to md376fdc$lambda$spawnCategoryForPosition$0$0 in mixins.artifacts.common.json:item.wearable.NaturalSpawnerMixin
[04Mar2025 02:56:26.150] [Server thread/DEBUG] [mixin/]: Mixing NaturalSpawnerMixin from alexscaves.mixins.json into net.minecraft.world.level.NaturalSpawner
[04Mar2025 02:56:26.156] [Server thread/DEBUG] [mixin/]: Mixing NaturalSpawnerMixin from botania_xplat.mixins.json into net.minecraft.world.level.NaturalSpawner
[04Mar2025 02:56:26.158] [Server thread/DEBUG] [mixin/]: Mixing MixinNaturalSpawner from majruszlibrary-common.mixins.json into net.minecraft.world.level.NaturalSpawner
[04Mar2025 02:56:26.199] [Server thread/DEBUG] [net.minecraftforge.coremod.transformer.CoreModBaseTransformer/COREMOD]: Transforming m_8543_ with desc ()V
[04Mar2025 02:56:26.235] [Server thread/DEBUG] [tombstone/]: Updating LootTables
[04Mar2025 02:56:26.270] [Server thread/DEBUG] [artifacts.Artifacts/]: Loaded artifacts.forge.platform.ForgePlatformHelper@4160c8f3 for service interface artifacts.platform.PlatformHelper
[04Mar2025 02:57:22.345] [Netty Epoll Server IO #1/DEBUG] [io.netty.util.Recycler/]: -Dio.netty.recycler.maxCapacityPerThread: 4096
[04Mar2025 02:57:22.345] [Netty Epoll Server IO #1/DEBUG] [io.netty.util.Recycler/]: -Dio.netty.recycler.ratio: 8
[04Mar2025 02:57:22.345] [Netty Epoll Server IO #1/DEBUG] [io.netty.util.Recycler/]: -Dio.netty.recycler.chunkSize: 32
[04Mar2025 02:57:22.345] [Netty Epoll Server IO #1/DEBUG] [io.netty.util.Recycler/]: -Dio.netty.recycler.blocking: false
[04Mar2025 02:57:22.904] [Netty Epoll Server IO #2/DEBUG] [net.minecraftforge.network.HandshakeHandler/FMLHANDSHAKE]: Starting new modded impl connection. Found 57 messages to dispatch.
[04Mar2025 02:57:22.949] [Server thread/DEBUG] [net.minecraftforge.network.HandshakeHandler/FMLHANDSHAKE]: Sending ticking packet info 'net.minecraftforge.network.HandshakeMessages$S2CModData' to 'fml:handshake' sequence 0
[04Mar2025 02:57:22.999] [Server thread/DEBUG] [net.minecraftforge.network.HandshakeHandler/FMLHANDSHAKE]: Sending ticking packet info 'net.minecraftforge.network.HandshakeMessages$S2CModList' to 'fml:handshake' sequence 1
[04Mar2025 02:57:23.048] [Server thread/DEBUG] [net.minecraftforge.network.HandshakeHandler/FMLHANDSHAKE]: Sending ticking packet info 'Registry minecraft:command_argument_type' to 'fml:handshake' sequence 2
[04Mar2025 02:57:23.096] [Netty Epoll Server IO #2/DEBUG] [net.minecraftforge.network.LoginWrapper/FMLHANDSHAKE]: Recieved login wrapper packet event for channel fml:handshake with index 1
[04Mar2025 02:57:23.099] [Server thread/DEBUG] [net.minecraftforge.network.HandshakeHandler/FMLHANDSHAKE]: Sending ticking packet info 'Registry minecraft:villager_profession' to 'fml:handshake' sequence 3
[04Mar2025 02:57:23.099] [Netty Epoll Server IO #2/DEBUG] [net.minecraftforge.network.HandshakeHandler/FMLHANDSHAKE]: Received client indexed reply 1 of type net.minecraftforge.network.HandshakeMessages$C2SModListReply
[04Mar2025 02:57:23.099] [Netty Epoll Server IO #2/DEBUG] [net.minecraftforge.network.HandshakeHandler/FMLHANDSHAKE]: Received client connection with modlist [smartbrainlib, cyclopscore, kuma_api, cucumber, illusion_onslaught, geckolib, rpghud, jei, graveyard, caelus, waystones, rpgstats, epicfight, xaeroworldmap, citadel, artifacts, evilcraft, evilcraftcompat, mixinextras, glitchcore, relics, balm, cloth_config, forge, twilightforest, embeddium, rubidium, mysticalagriculture, no_fog, dungeons_arise, minecraft, rpgsmw, terramity, alexscaves, terrablender, biomesoplenty, botania, born_in_chaos_v1, lionfishapi, domum_ornamentum, easy_villagers, cataclysm, curios, patchouli, blockui, xaerominimap, oculus, armourers_workshop, gobber2, tombstone, structurize, modonomicon, minecolonies, deeperdarker, architectury, octolib, simplyswords, lootr, embeddium_extra, occultism, majruszsenchantments, expandability, majruszlibrary]
[04Mar2025 02:57:23.100] [Netty Epoll Server IO #2/DEBUG] [net.minecraftforge.network.NetworkRegistry/NETREGISTRY]: Channel 'evilcraftcompat:channel_main' : Version test of '1.0.0' from client : ACCEPTED
[04Mar2025 02:57:23.100] [Netty Epoll Server IO #2/DEBUG] [net.minecraftforge.network.NetworkRegistry/NETREGISTRY]: Channel 'alexscaves:main_channel' : Version test of '1' from client : ACCEPTED
[04Mar2025 02:57:23.100] [Netty Epoll Server IO #2/DEBUG] [net.minecraftforge.network.NetworkRegistry/NETREGISTRY]: Channel 'architectury:network' : Version test of '1' from client : ACCEPTED
[04Mar2025 02:57:23.100] [Netty Epoll Server IO #2/DEBUG] [net.minecraftforge.network.NetworkRegistry/NETREGISTRY]: Channel 'minecraft:unregister' : Version test of 'FML3' from client : ACCEPTED
[04Mar2025 02:57:23.100] [Netty Epoll Server IO #2/DEBUG] [net.minecraftforge.network.NetworkRegistry/NETREGISTRY]: Channel 'occultism:main' : Version test of '1' from client : ACCEPTED
[04Mar2025 02:57:23.100] [Netty Epoll Server IO #2/DEBUG] [net.minecraftforge.network.NetworkRegistry/NETREGISTRY]: Channel 'illusion_onslaught:illusion_onslaught' : Version test of '1' from client : ACCEPTED
[04Mar2025 02:57:23.100] [Netty Epoll Server IO #2/DEBUG] [net.minecraftforge.network.NetworkRegistry/NETREGISTRY]: Channel 'citadel:main_channel' : Version test of '1' from client : ACCEPTED
[04Mar2025 02:57:23.100] [Netty Epoll Server IO #2/DEBUG] [net.minecraftforge.network.NetworkRegistry/NETREGISTRY]: Channel 'born_in_chaos_v1:born_in_chaos_v1' : Version test of '1' from client : ACCEPTED
[04Mar2025 02:57:23.101] [Netty Epoll Server IO #2/DEBUG] [net.minecraftforge.network.NetworkRegistry/NETREGISTRY]: Channel 'mysticalagriculture:main' : Version test of '1.0' from client : ACCEPTED
[04Mar2025 02:57:23.101] [Netty Epoll Server IO #2/DEBUG] [net.minecraftforge.network.NetworkRegistry/NETREGISTRY]: Channel 'domum_ornamentum:net-channel' : Version test of '1.20.1-1.0.284-snapshot' from client : ACCEPTED
[04Mar2025 02:57:23.101] [Netty Epoll Server IO #2/DEBUG] [net.minecraftforge.network.NetworkRegistry/NETREGISTRY]: Channel 'curios:main' : Version test of '1' from client : ACCEPTED
[04Mar2025 02:57:23.101] [Netty Epoll Server IO #2/DEBUG] [net.minecraftforge.network.NetworkRegistry/NETREGISTRY]: Channel 'cyclopscore:channel_main' : Version test of '1.0.0' from client : ACCEPTED
[04Mar2025 02:57:23.101] [Netty Epoll Server IO #2/DEBUG] [net.minecraftforge.network.NetworkRegistry/NETREGISTRY]: Channel 'botania:main' : Version test of '0' from client : ACCEPTED
[04Mar2025 02:57:23.101] [Netty Epoll Server IO #2/DEBUG] [net.minecraftforge.network.NetworkRegistry/NETREGISTRY]: Channel 'terramity:terramity' : Version test of '1' from client : ACCEPTED
[04Mar2025 02:57:23.101] [Netty Epoll Server IO #2/DEBUG] [net.minecraftforge.network.NetworkRegistry/NETREGISTRY]: Channel 'easy_villagers:default' : Version test of '1.0.0' from client : ACCEPTED
[04Mar2025 02:57:23.101] [Netty Epoll Server IO #2/DEBUG] [net.minecraftforge.network.NetworkRegistry/NETREGISTRY]: Channel 'majruszsenchantments:main' : Version test of '1' from client : ACCEPTED
[04Mar2025 02:57:23.101] [Netty Epoll Server IO #2/DEBUG] [net.minecraftforge.network.NetworkRegistry/NETREGISTRY]: Channel 'cataclysm:main_channel' : Version test of '1' from client : ACCEPTED
[04Mar2025 02:57:23.101] [Netty Epoll Server IO #2/DEBUG] [net.minecraftforge.network.NetworkRegistry/NETREGISTRY]: Channel 'majruszlibrary:main' : Version test of '1' from client : ACCEPTED
[04Mar2025 02:57:23.101] [Netty Epoll Server IO #2/DEBUG] [net.minecraftforge.network.NetworkRegistry/NETREGISTRY]: Channel 'lionfishapi:main_channel' : Version test of '1' from client : ACCEPTED
[04Mar2025 02:57:23.101] [Netty Epoll Server IO #2/DEBUG] [net.minecraftforge.network.NetworkRegistry/NETREGISTRY]: Channel 'fml:loginwrapper' : Version test of 'FML3' from client : ACCEPTED
[04Mar2025 02:57:23.101] [Netty Epoll Server IO #2/DEBUG] [net.minecraftforge.network.NetworkRegistry/NETREGISTRY]: Channel 'structurize:net-channel' : Version test of '1.20.1-1.0.764-snapshot' from client : ACCEPTED
[04Mar2025 02:57:23.101] [Netty Epoll Server IO #2/DEBUG] [net.minecraftforge.network.NetworkRegistry/NETREGISTRY]: Channel 'minecolonies:net-channel' : Version test of '1.20.1-1.1.809-snapshot' from client : ACCEPTED
[04Mar2025 02:57:23.101] [Netty Epoll Server IO #2/DEBUG] [net.minecraftforge.network.NetworkRegistry/NETREGISTRY]: Channel 'forge:tier_sorting' : Version test of '1.0' from client : ACCEPTED
[04Mar2025 02:57:23.101] [Netty Epoll Server IO #2/DEBUG] [net.minecraftforge.network.NetworkRegistry/NETREGISTRY]: Channel 'evilcraft:channel_main' : Version test of '1.0.0' from client : ACCEPTED
[04Mar2025 02:57:23.101] [Netty Epoll Server IO #2/DEBUG] [net.minecraftforge.network.NetworkRegistry/NETREGISTRY]: Channel 'modonomicon:main' : Version test of '1' from client : ACCEPTED
[04Mar2025 02:57:23.101] [Netty Epoll Server IO #2/DEBUG] [net.minecraftforge.network.NetworkRegistry/NETREGISTRY]: Channel 'tombstone:tombstone_channel' : Version test of 'tombstone-8.9.0' from client : ACCEPTED
[04Mar2025 02:57:23.101] [Netty Epoll Server IO #2/DEBUG] [net.minecraftforge.network.NetworkRegistry/NETREGISTRY]: Channel 'rpgsmw:rpgsmw' : Version test of '1' from client : ACCEPTED
[04Mar2025 02:57:23.101] [Netty Epoll Server IO #2/DEBUG] [net.minecraftforge.network.NetworkRegistry/NETREGISTRY]: Channel 'relics:network' : Version test of '1.0' from client : ACCEPTED
[04Mar2025 02:57:23.101] [Netty Epoll Server IO #2/DEBUG] [net.minecraftforge.network.NetworkRegistry/NETREGISTRY]: Channel 'fml:play' : Version test of 'FML3' from client : ACCEPTED
[04Mar2025 02:57:23.101] [Netty Epoll Server IO #2/DEBUG] [net.minecraftforge.network.NetworkRegistry/NETREGISTRY]: Channel 'deeperdarker:deeperdarker_network' : Version test of '1.0' from client : ACCEPTED
[04Mar2025 02:57:23.101] [Netty Epoll Server IO #2/DEBUG] [net.minecraftforge.network.NetworkRegistry/NETREGISTRY]: Channel 'patchouli:main' : Version test of '1' from client : ACCEPTED
[04Mar2025 02:57:23.101] [Netty Epoll Server IO #2/DEBUG] [net.minecraftforge.network.NetworkRegistry/NETREGISTRY]: Channel 'epicfight:network_manager' : Version test of '1' from client : ACCEPTED
[04Mar2025 02:57:23.101] [Netty Epoll Server IO #2/DEBUG] [net.minecraftforge.network.NetworkRegistry/NETREGISTRY]: Channel 'caelus:main' : Version test of '1' from client : ACCEPTED
[04Mar2025 02:57:23.101] [Netty Epoll Server IO #2/DEBUG] [net.minecraftforge.network.NetworkRegistry/NETREGISTRY]: Channel 'armourers_workshop:play' : Version test of '3.16' from client : ACCEPTED
[04Mar2025 02:57:23.101] [Netty Epoll Server IO #2/DEBUG] [net.minecraftforge.network.NetworkRegistry/NETREGISTRY]: Channel 'fml:handshake' : Version test of 'FML3' from client : ACCEPTED
[04Mar2025 02:57:23.102] [Netty Epoll Server IO #2/DEBUG] [net.minecraftforge.network.NetworkRegistry/NETREGISTRY]: Channel 'lootr:main_network_channel' : Version test of '2' from client : ACCEPTED
[04Mar2025 02:57:23.102] [Netty Epoll Server IO #2/DEBUG] [net.minecraftforge.network.NetworkRegistry/NETREGISTRY]: Channel 'rpgstats:rpgstats' : Version test of '1' from client : ACCEPTED
[04Mar2025 02:57:23.102] [Netty Epoll Server IO #2/DEBUG] [net.minecraftforge.network.NetworkRegistry/NETREGISTRY]: Channel 'minecraft:register' : Version test of 'FML3' from client : ACCEPTED
[04Mar2025 02:57:23.102] [Netty Epoll Server IO #2/DEBUG] [net.minecraftforge.network.NetworkRegistry/NETREGISTRY]: Channel 'forge:split' : Version test of '1.1' from client : ACCEPTED
[04Mar2025 02:57:23.102] [Netty Epoll Server IO #2/DEBUG] [net.minecraftforge.network.NetworkRegistry/NETREGISTRY]: Channel 'twilightforest:channel' : Version test of '2' from client : ACCEPTED
[04Mar2025 02:57:23.102] [Netty Epoll Server IO #2/DEBUG] [net.minecraftforge.network.NetworkRegistry/NETREGISTRY]: Channel 'geckolib:main' : Version test of '1' from client : ACCEPTED
[04Mar2025 02:57:23.102] [Netty Epoll Server IO #2/DEBUG] [net.minecraftforge.network.NetworkRegistry/NETREGISTRY]: Channel 'graveyard:spawn_entity' : Version test of '1' from client : ACCEPTED
[04Mar2025 02:57:23.102] [Netty Epoll Server IO #2/DEBUG] [net.minecraftforge.network.NetworkRegistry/NETREGISTRY]: Channel 'waystones:network' : Version test of '1.0' from client : ACCEPTED
[04Mar2025 02:57:23.102] [Netty Epoll Server IO #2/DEBUG] [net.minecraftforge.network.NetworkRegistry/NETREGISTRY]: Accepting channel list from client
[04Mar2025 02:57:23.102] [Netty Epoll Server IO #2/DEBUG] [net.minecraftforge.network.HandshakeHandler/FMLHANDSHAKE]: Accepted client connection mod list
[04Mar2025 02:57:23.148] [Server thread/DEBUG] [net.minecraftforge.network.HandshakeHandler/FMLHANDSHAKE]: Sending ticking packet info 'Registry minecraft:item' to 'fml:handshake' sequence 4
[04Mar2025 02:57:23.153] [Netty Epoll Server IO #2/DEBUG] [net.minecraftforge.network.LoginWrapper/FMLHANDSHAKE]: Recieved login wrapper packet event for channel fml:handshake with index 2
[04Mar2025 02:57:23.154] [Netty Epoll Server IO #2/DEBUG] [net.minecraftforge.network.HandshakeHandler/FMLHANDSHAKE]: Received client indexed reply 2 of type net.minecraftforge.network.HandshakeMessages$C2SAcknowledge
[04Mar2025 02:57:23.154] [Netty Epoll Server IO #2/DEBUG] [net.minecraftforge.network.HandshakeHandler/FMLHANDSHAKE]: Received acknowledgement from client
[04Mar2025 02:57:23.188] [Netty Epoll Server IO #2/DEBUG] [net.minecraftforge.network.LoginWrapper/FMLHANDSHAKE]: Recieved login wrapper packet event for channel fml:handshake with index 3
[04Mar2025 02:57:23.189] [Netty Epoll Server IO #2/DEBUG] [net.minecraftforge.network.HandshakeHandler/FMLHANDSHAKE]: Received client indexed reply 3 of type net.minecraftforge.network.HandshakeMessages$C2SAcknowledge
[04Mar2025 02:57:23.189] [Netty Epoll Server IO #2/DEBUG] [net.minecraftforge.network.HandshakeHandler/FMLHANDSHAKE]: Received acknowledgement from client
[04Mar2025 02:57:23.198] [Server thread/DEBUG] [net.minecraftforge.network.HandshakeHandler/FMLHANDSHAKE]: Sending ticking packet info 'Registry minecraft:potion' to 'fml:handshake' sequence 5
[04Mar2025 02:57:23.249] [Server thread/DEBUG] [net.minecraftforge.network.HandshakeHandler/FMLHANDSHAKE]: Sending ticking packet info 'Registry minecraft:block_entity_type' to 'fml:handshake' sequence 6
[04Mar2025 02:57:23.299] [Server thread/DEBUG] [net.minecraftforge.network.HandshakeHandler/FMLHANDSHAKE]: Sending ticking packet info 'Registry forge:display_contexts' to 'fml:handshake' sequence 7
[04Mar2025 02:57:23.349] [Server thread/DEBUG] [net.minecraftforge.network.HandshakeHandler/FMLHANDSHAKE]: Sending ticking packet info 'Registry minecolonies:craftingtypes' to 'fml:handshake' sequence 8
[04Mar2025 02:57:23.399] [Server thread/DEBUG] [net.minecraftforge.network.HandshakeHandler/FMLHANDSHAKE]: Sending ticking packet info 'Registry minecolonies:recipetypeentries' to 'fml:handshake' sequence 9
[04Mar2025 02:57:23.449] [Server thread/DEBUG] [net.minecraftforge.network.HandshakeHandler/FMLHANDSHAKE]: Sending ticking packet info 'Registry minecraft:stat_type' to 'fml:handshake' sequence 10
[04Mar2025 02:57:23.499] [Server thread/DEBUG] [net.minecraftforge.network.HandshakeHandler/FMLHANDSHAKE]: Sending ticking packet info 'Registry minecolonies:happinessfactortypes' to 'fml:handshake' sequence 11
[04Mar2025 02:57:23.521] [Netty Epoll Server IO #2/DEBUG] [net.minecraftforge.network.LoginWrapper/FMLHANDSHAKE]: Recieved login wrapper packet event for channel fml:handshake with index 4
[04Mar2025 02:57:23.522] [Netty Epoll Server IO #2/DEBUG] [net.minecraftforge.network.HandshakeHandler/FMLHANDSHAKE]: Received client indexed reply 4 of type net.minecraftforge.network.HandshakeMessages$C2SAcknowledge
[04Mar2025 02:57:23.522] [Netty Epoll Server IO #2/DEBUG] [net.minecraftforge.network.HandshakeHandler/FMLHANDSHAKE]: Received acknowledgement from client
[04Mar2025 02:57:23.522] [Netty Epoll Server IO #2/DEBUG] [net.minecraftforge.network.LoginWrapper/FMLHANDSHAKE]: Recieved login wrapper packet event for channel fml:handshake with index 5
[04Mar2025 02:57:23.522] [Netty Epoll Server IO #2/DEBUG] [net.minecraftforge.network.HandshakeHandler/FMLHANDSHAKE]: Received client indexed reply 5 of type net.minecraftforge.network.HandshakeMessages$C2SAcknowledge
[04Mar2025 02:57:23.522] [Netty Epoll Server IO #2/DEBUG] [net.minecraftforge.network.HandshakeHandler/FMLHANDSHAKE]: Received acknowledgement from client
[04Mar2025 02:57:23.522] [Netty Epoll Server IO #2/DEBUG] [net.minecraftforge.network.LoginWrapper/FMLHANDSHAKE]: Recieved login wrapper packet event for channel fml:handshake with index 6
[04Mar2025 02:57:23.522] [Netty Epoll Server IO #2/DEBUG] [net.minecraftforge.network.HandshakeHandler/FMLHANDSHAKE]: Received client indexed reply 6 of type net.minecraftforge.network.HandshakeMessages$C2SAcknowledge
[04Mar2025 02:57:23.522] [Netty Epoll Server IO #2/DEBUG] [net.minecraftforge.network.HandshakeHandler/FMLHANDSHAKE]: Received acknowledgement from client
[04Mar2025 02:57:23.522] [Netty Epoll Server IO #2/DEBUG] [net.minecraftforge.network.LoginWrapper/FMLHANDSHAKE]: Recieved login wrapper packet event for channel fml:handshake with index 7
[04Mar2025 02:57:23.522] [Netty Epoll Server IO #2/DEBUG] [net.minecraftforge.network.HandshakeHandler/FMLHANDSHAKE]: Received client indexed reply 7 of type net.minecraftforge.network.HandshakeMessages$C2SAcknowledge
[04Mar2025 02:57:23.522] [Netty Epoll Server IO #2/DEBUG] [net.minecraftforge.network.HandshakeHandler/FMLHANDSHAKE]: Received acknowledgement from client
[04Mar2025 02:57:23.523] [Netty Epoll Server IO #2/DEBUG] [net.minecraftforge.network.LoginWrapper/FMLHANDSHAKE]: Recieved login wrapper packet event for channel fml:handshake with index 8
[04Mar2025 02:57:23.523] [Netty Epoll Server IO #2/DEBUG] [net.minecraftforge.network.HandshakeHandler/FMLHANDSHAKE]: Received client indexed reply 8 of type net.minecraftforge.network.HandshakeMessages$C2SAcknowledge
[04Mar2025 02:57:23.523] [Netty Epoll Server IO #2/DEBUG] [net.minecraftforge.network.HandshakeHandler/FMLHANDSHAKE]: Received acknowledgement from client
[04Mar2025 02:57:23.523] [Netty Epoll Server IO #2/DEBUG] [net.minecraftforge.network.LoginWrapper/FMLHANDSHAKE]: Recieved login wrapper packet event for channel fml:handshake with index 9
[04Mar2025 02:57:23.523] [Netty Epoll Server IO #2/DEBUG] [net.minecraftforge.network.HandshakeHandler/FMLHANDSHAKE]: Received client indexed reply 9 of type net.minecraftforge.network.HandshakeMessages$C2SAcknowledge
[04Mar2025 02:57:23.523] [Netty Epoll Server IO #2/DEBUG] [net.minecraftforge.network.HandshakeHandler/FMLHANDSHAKE]: Received acknowledgement from client
[04Mar2025 02:57:23.535] [Netty Epoll Server IO #2/DEBUG] [net.minecraftforge.network.LoginWrapper/FMLHANDSHAKE]: Recieved login wrapper packet event for channel fml:handshake with index 10
[04Mar2025 02:57:23.535] [Netty Epoll Server IO #2/DEBUG] [net.minecraftforge.network.HandshakeHandler/FMLHANDSHAKE]: Received client indexed reply 10 of type net.minecraftforge.network.HandshakeMessages$C2SAcknowledge
[04Mar2025 02:57:23.535] [Netty Epoll Server IO #2/DEBUG] [net.minecraftforge.network.HandshakeHandler/FMLHANDSHAKE]: Received acknowledgement from client
[04Mar2025 02:57:23.549] [Server thread/DEBUG] [net.minecraftforge.network.HandshakeHandler/FMLHANDSHAKE]: Sending ticking packet info 'Registry minecolonies:equipmenttypes' to 'fml:handshake' sequence 12
[04Mar2025 02:57:23.585] [Netty Epoll Server IO #2/DEBUG] [net.minecraftforge.network.LoginWrapper/FMLHANDSHAKE]: Recieved login wrapper packet event for channel fml:handshake with index 11
[04Mar2025 02:57:23.585] [Netty Epoll Server IO #2/DEBUG] [net.minecraftforge.network.HandshakeHandler/FMLHANDSHAKE]: Received client indexed reply 11 of type net.minecraftforge.network.HandshakeMessages$C2SAcknowledge
[04Mar2025 02:57:23.585] [Netty Epoll Server IO #2/DEBUG] [net.minecraftforge.network.HandshakeHandler/FMLHANDSHAKE]: Received acknowledgement from client
[04Mar2025 02:57:23.598] [Server thread/DEBUG] [net.minecraftforge.network.HandshakeHandler/FMLHANDSHAKE]: Sending ticking packet info 'Registry twilightforest:enforcement' to 'fml:handshake' sequence 13
[04Mar2025 02:57:23.639] [Netty Epoll Server IO #2/DEBUG] [net.minecraftforge.network.LoginWrapper/FMLHANDSHAKE]: Recieved login wrapper packet event for channel fml:handshake with index 12
[04Mar2025 02:57:23.640] [Netty Epoll Server IO #2/DEBUG] [net.minecraftforge.network.HandshakeHandler/FMLHANDSHAKE]: Received client indexed reply 12 of type net.minecraftforge.network.HandshakeMessages$C2SAcknowledge
[04Mar2025 02:57:23.640] [Netty Epoll Server IO #2/DEBUG] [net.minecraftforge.network.HandshakeHandler/FMLHANDSHAKE]: Received acknowledgement from client
[04Mar2025 02:57:23.648] [Server thread/DEBUG] [net.minecraftforge.network.HandshakeHandler/FMLHANDSHAKE]: Sending ticking packet info 'Registry minecraft:menu' to 'fml:handshake' sequence 14
[04Mar2025 02:57:23.683] [Netty Epoll Server IO #2/DEBUG] [net.minecraftforge.network.LoginWrapper/FMLHANDSHAKE]: Recieved login wrapper packet event for channel fml:handshake with index 13
[04Mar2025 02:57:23.684] [Netty Epoll Server IO #2/DEBUG] [net.minecraftforge.network.HandshakeHandler/FMLHANDSHAKE]: Received client indexed reply 13 of type net.minecraftforge.network.HandshakeMessages$C2SAcknowledge
[04Mar2025 02:57:23.684] [Netty Epoll Server IO #2/DEBUG] [net.minecraftforge.network.HandshakeHandler/FMLHANDSHAKE]: Received acknowledgement from client
[04Mar2025 02:57:23.699] [Server thread/DEBUG] [net.minecraftforge.network.HandshakeHandler/FMLHANDSHAKE]: Sending ticking packet info 'Registry minecolonies:interactionresponsehandlers' to 'fml:handshake' sequence 15
[04Mar2025 02:57:23.733] [Netty Epoll Server IO #2/DEBUG] [net.minecraftforge.network.LoginWrapper/FMLHANDSHAKE]: Recieved login wrapper packet event for channel fml:handshake with index 14
[04Mar2025 02:57:23.733] [Netty Epoll Server IO #2/DEBUG] [net.minecraftforge.network.HandshakeHandler/FMLHANDSHAKE]: Received client indexed reply 14 of type net.minecraftforge.network.HandshakeMessages$C2SAcknowledge
[04Mar2025 02:57:23.733] [Netty Epoll Server IO #2/DEBUG] [net.minecraftforge.network.HandshakeHandler/FMLHANDSHAKE]: Received acknowledgement from client
[04Mar2025 02:57:23.748] [Server thread/DEBUG] [net.minecraftforge.network.HandshakeHandler/FMLHANDSHAKE]: Sending ticking packet info 'Registry minecolonies:happinessfunction' to 'fml:handshake' sequence 16
[04Mar2025 02:57:23.785] [Netty Epoll Server IO #2/DEBUG] [net.minecraftforge.network.LoginWrapper/FMLHANDSHAKE]: Recieved login wrapper packet event for channel fml:handshake with index 15
[04Mar2025 02:57:23.785] [Netty Epoll Server IO #2/DEBUG] [net.minecraftforge.network.HandshakeHandler/FMLHANDSHAKE]: Received client indexed reply 15 of type net.minecraftforge.network.HandshakeMessages$C2SAcknowledge
[04Mar2025 02:57:23.785] [Netty Epoll Server IO #2/DEBUG] [net.minecraftforge.network.HandshakeHandler/FMLHANDSHAKE]: Received acknowledgement from client
[04Mar2025 02:57:23.798] [Server thread/DEBUG] [net.minecraftforge.network.HandshakeHandler/FMLHANDSHAKE]: Sending ticking packet info 'Registry minecraft:fluid' to 'fml:handshake' sequence 17
[04Mar2025 02:57:23.833] [Netty Epoll Server IO #2/DEBUG] [net.minecraftforge.network.LoginWrapper/FMLHANDSHAKE]: Recieved login wrapper packet event for channel fml:handshake with index 16
[04Mar2025 02:57:23.834] [Netty Epoll Server IO #2/DEBUG] [net.minecraftforge.network.HandshakeHandler/FMLHANDSHAKE]: Received client indexed reply 16 of type net.minecraftforge.network.HandshakeMessages$C2SAcknowledge
[04Mar2025 02:57:23.834] [Netty Epoll Server IO #2/DEBUG] [net.minecraftforge.network.HandshakeHandler/FMLHANDSHAKE]: Received acknowledgement from client
[04Mar2025 02:57:23.849] [Server thread/DEBUG] [net.minecraftforge.network.HandshakeHandler/FMLHANDSHAKE]: Sending ticking packet info 'Registry epicfight:skill' to 'fml:handshake' sequence 18
[04Mar2025 02:57:23.884] [Netty Epoll Server IO #2/DEBUG] [net.minecraftforge.network.LoginWrapper/FMLHANDSHAKE]: Recieved login wrapper packet event for channel fml:handshake with index 17
[04Mar2025 02:57:23.884] [Netty Epoll Server IO #2/DEBUG] [net.minecraftforge.network.HandshakeHandler/FMLHANDSHAKE]: Received client indexed reply 17 of type net.minecraftforge.network.HandshakeMessages$C2SAcknowledge
[04Mar2025 02:57:23.884] [Netty Epoll Server IO #2/DEBUG] [net.minecraftforge.network.HandshakeHandler/FMLHANDSHAKE]: Received acknowledgement from client
[04Mar2025 02:57:23.899] [Server thread/DEBUG] [net.minecraftforge.network.HandshakeHandler/FMLHANDSHAKE]: Sending ticking packet info 'Registry minecolonies:guardtypes' to 'fml:handshake' sequence 19
[04Mar2025 02:57:23.935] [Netty Epoll Server IO #2/DEBUG] [net.minecraftforge.network.LoginWrapper/FMLHANDSHAKE]: Recieved login wrapper packet event for channel fml:handshake with index 18
[04Mar2025 02:57:23.935] [Netty Epoll Server IO #2/DEBUG] [net.minecraftforge.network.HandshakeHandler/FMLHANDSHAKE]: Received client indexed reply 18 of type net.minecraftforge.network.HandshakeMessages$C2SAcknowledge
[04Mar2025 02:57:23.936] [Netty Epoll Server IO #2/DEBUG] [net.minecraftforge.network.HandshakeHandler/FMLHANDSHAKE]: Received acknowledgement from client
[04Mar2025 02:57:23.948] [Server thread/DEBUG] [net.minecraftforge.network.HandshakeHandler/FMLHANDSHAKE]: Sending ticking packet info 'Registry minecolonies:fields' to 'fml:handshake' sequence 20
[04Mar2025 02:57:23.984] [Netty Epoll Server IO #2/DEBUG] [net.minecraftforge.network.LoginWrapper/FMLHANDSHAKE]: Recieved login wrapper packet event for channel fml:handshake with index 19
[04Mar2025 02:57:23.984] [Netty Epoll Server IO #2/DEBUG] [net.minecraftforge.network.HandshakeHandler/FMLHANDSHAKE]: Received client indexed reply 19 of type net.minecraftforge.network.HandshakeMessages$C2SAcknowledge
[04Mar2025 02:57:23.984] [Netty Epoll Server IO #2/DEBUG] [net.minecraftforge.network.HandshakeHandler/FMLHANDSHAKE]: Received acknowledgement from client
[04Mar2025 02:57:23.998] [Server thread/DEBUG] [net.minecraftforge.network.HandshakeHandler/FMLHANDSHAKE]: Sending ticking packet info 'Registry minecolonies:researchrequirementtypes' to 'fml:handshake' sequence 21
[04Mar2025 02:57:24.033] [Netty Epoll Server IO #2/DEBUG] [net.minecraftforge.network.LoginWrapper/FMLHANDSHAKE]: Recieved login wrapper packet event for channel fml:handshake with index 20
[04Mar2025 02:57:24.033] [Netty Epoll Server IO #2/DEBUG] [net.minecraftforge.network.HandshakeHandler/FMLHANDSHAKE]: Received client indexed reply 20 of type net.minecraftforge.network.HandshakeMessages$C2SAcknowledge
[04Mar2025 02:57:24.034] [Netty Epoll Server IO #2/DEBUG] [net.minecraftforge.network.HandshakeHandler/FMLHANDSHAKE]: Received acknowledgement from client
[04Mar2025 02:57:24.049] [Server thread/DEBUG] [net.minecraftforge.network.HandshakeHandler/FMLHANDSHAKE]: Sending ticking packet info 'Registry minecraft:recipe_serializer' to 'fml:handshake' sequence 22
[04Mar2025 02:57:24.084] [Netty Epoll Server IO #2/DEBUG] [net.minecraftforge.network.LoginWrapper/FMLHANDSHAKE]: Recieved login wrapper packet event for channel fml:handshake with index 21
[04Mar2025 02:57:24.084] [Netty Epoll Server IO #2/DEBUG] [net.minecraftforge.network.HandshakeHandler/FMLHANDSHAKE]: Received client indexed reply 21 of type net.minecraftforge.network.HandshakeMessages$C2SAcknowledge
[04Mar2025 02:57:24.084] [Netty Epoll Server IO #2/DEBUG] [net.minecraftforge.network.HandshakeHandler/FMLHANDSHAKE]: Received acknowledgement from client
[04Mar2025 02:57:24.099] [Server thread/DEBUG] [net.minecraftforge.network.HandshakeHandler/FMLHANDSHAKE]: Sending ticking packet info 'Registry minecolonies:researchcosttypes' to 'fml:handshake' sequence 23
[04Mar2025 02:57:24.134] [Netty Epoll Server IO #2/DEBUG] [net.minecraftforge.network.LoginWrapper/FMLHANDSHAKE]: Recieved login wrapper packet event for channel fml:handshake with index 22
[04Mar2025 02:57:24.134] [Netty Epoll Server IO #2/DEBUG] [net.minecraftforge.network.HandshakeHandler/FMLHANDSHAKE]: Received client indexed reply 22 of type net.minecraftforge.network.HandshakeMessages$C2SAcknowledge
[04Mar2025 02:57:24.134] [Netty Epoll Server IO #2/DEBUG] [net.minecraftforge.network.HandshakeHandler/FMLHANDSHAKE]: Received acknowledgement from client
[04Mar2025 02:57:24.148] [Server thread/DEBUG] [net.minecraftforge.network.HandshakeHandler/FMLHANDSHAKE]: Sending ticking packet info 'Registry minecraft:sound_event' to 'fml:handshake' sequence 24
[04Mar2025 02:57:24.186] [Netty Epoll Server IO #2/DEBUG] [net.minecraftforge.network.LoginWrapper/FMLHANDSHAKE]: Recieved login wrapper packet event for channel fml:handshake with index 23
[04Mar2025 02:57:24.187] [Netty Epoll Server IO #2/DEBUG] [net.minecraftforge.network.HandshakeHandler/FMLHANDSHAKE]: Received client indexed reply 23 of type net.minecraftforge.network.HandshakeMessages$C2SAcknowledge
[04Mar2025 02:57:24.187] [Netty Epoll Server IO #2/DEBUG] [net.minecraftforge.network.HandshakeHandler/FMLHANDSHAKE]: Received acknowledgement from client
[04Mar2025 02:57:24.199] [Server thread/DEBUG] [net.minecraftforge.network.HandshakeHandler/FMLHANDSHAKE]: Sending ticking packet info 'Registry minecraft:particle_type' to 'fml:handshake' sequence 25
[04Mar2025 02:57:24.248] [Server thread/DEBUG] [net.minecraftforge.network.HandshakeHandler/FMLHANDSHAKE]: Sending ticking packet info 'Registry twilightforest:tiny_bird_variant' to 'fml:handshake' sequence 26
[04Mar2025 02:57:24.298] [Server thread/DEBUG] [net.minecraftforge.network.HandshakeHandler/FMLHANDSHAKE]: Sending ticking packet info 'Registry minecolonies:buildings' to 'fml:handshake' sequence 27
[04Mar2025 02:57:24.348] [Server thread/DEBUG] [net.minecraftforge.network.HandshakeHandler/FMLHANDSHAKE]: Sending ticking packet info 'Registry minecolonies:questrewards' to 'fml:handshake' sequence 28
[04Mar2025 02:57:24.398] [Server thread/DEBUG] [net.minecraftforge.network.HandshakeHandler/FMLHANDSHAKE]: Sending ticking packet info 'Registry minecraft:painting_variant' to 'fml:handshake' sequence 29
[04Mar2025 02:57:24.448] [Server thread/DEBUG] [net.minecraftforge.network.HandshakeHandler/FMLHANDSHAKE]: Sending ticking packet info 'Registry epicfight:skill_data_keys' to 'fml:handshake' sequence 30
[04Mar2025 02:57:24.498] [Server thread/DEBUG] [net.minecraftforge.network.HandshakeHandler/FMLHANDSHAKE]: Sending ticking packet info 'Registry forge:fluid_type' to 'fml:handshake' sequence 31
[04Mar2025 02:57:24.549] [Server thread/DEBUG] [net.minecraftforge.network.HandshakeHandler/FMLHANDSHAKE]: Sending ticking packet info 'Registry minecraft:block' to 'fml:handshake' sequence 32
[04Mar2025 02:57:24.580] [Netty Epoll Server IO #2/DEBUG] [net.minecraftforge.network.LoginWrapper/FMLHANDSHAKE]: Recieved login wrapper packet event for channel fml:handshake with index 24
[04Mar2025 02:57:24.580] [Netty Epoll Server IO #2/DEBUG] [net.minecraftforge.network.HandshakeHandler/FMLHANDSHAKE]: Received client indexed reply 24 of type net.minecraftforge.network.HandshakeMessages$C2SAcknowledge
[04Mar2025 02:57:24.580] [Netty Epoll Server IO #2/DEBUG] [net.minecraftforge.network.HandshakeHandler/FMLHANDSHAKE]: Received acknowledgement from client
[04Mar2025 02:57:24.594] [Netty Epoll Server IO #2/DEBUG] [net.minecraftforge.network.LoginWrapper/FMLHANDSHAKE]: Recieved login wrapper packet event for channel fml:handshake with index 25
[04Mar2025 02:57:24.594] [Netty Epoll Server IO #2/DEBUG] [net.minecraftforge.network.HandshakeHandler/FMLHANDSHAKE]: Received client indexed reply 25 of type net.minecraftforge.network.HandshakeMessages$C2SAcknowledge
[04Mar2025 02:57:24.594] [Netty Epoll Server IO #2/DEBUG] [net.minecraftforge.network.HandshakeHandler/FMLHANDSHAKE]: Received acknowledgement from client
[04Mar2025 02:57:24.595] [Netty Epoll Server IO #2/DEBUG] [net.minecraftforge.network.LoginWrapper/FMLHANDSHAKE]: Recieved login wrapper packet event for channel fml:handshake with index 26
[04Mar2025 02:57:24.595] [Netty Epoll Server IO #2/DEBUG] [net.minecraftforge.network.HandshakeHandler/FMLHANDSHAKE]: Received client indexed reply 26 of type net.minecraftforge.network.HandshakeMessages$C2SAcknowledge
[04Mar2025 02:57:24.595] [Netty Epoll Server IO #2/DEBUG] [net.minecraftforge.network.HandshakeHandler/FMLHANDSHAKE]: Received acknowledgement from client
[04Mar2025 02:57:24.595] [Netty Epoll Server IO #2/DEBUG] [net.minecraftforge.network.LoginWrapper/FMLHANDSHAKE]: Recieved login wrapper packet event for channel fml:handshake with index 27
[04Mar2025 02:57:24.595] [Netty Epoll Server IO #2/DEBUG] [net.minecraftforge.network.HandshakeHandler/FMLHANDSHAKE]: Received client indexed reply 27 of type net.minecraftforge.network.HandshakeMessages$C2SAcknowledge
[04Mar2025 02:57:24.595] [Netty Epoll Server IO #2/DEBUG] [net.minecraftforge.network.HandshakeHandler/FMLHANDSHAKE]: Received acknowledgement from client
[04Mar2025 02:57:24.595] [Netty Epoll Server IO #2/DEBUG] [net.minecraftforge.network.LoginWrapper/FMLHANDSHAKE]: Recieved login wrapper packet event for channel fml:handshake with index 28
[04Mar2025 02:57:24.595] [Netty Epoll Server IO #2/DEBUG] [net.minecraftforge.network.HandshakeHandler/FMLHANDSHAKE]: Received client indexed reply 28 of type net.minecraftforge.network.HandshakeMessages$C2SAcknowledge
[04Mar2025 02:57:24.595] [Netty Epoll Server IO #2/DEBUG] [net.minecraftforge.network.HandshakeHandler/FMLHANDSHAKE]: Received acknowledgement from client
[04Mar2025 02:57:24.595] [Netty Epoll Server IO #2/DEBUG] [net.minecraftforge.network.LoginWrapper/FMLHANDSHAKE]: Recieved login wrapper packet event for channel fml:handshake with index 29
[04Mar2025 02:57:24.595] [Netty Epoll Server IO #2/DEBUG] [net.minecraftforge.network.HandshakeHandler/FMLHANDSHAKE]: Received client indexed reply 29 of type net.minecraftforge.network.HandshakeMessages$C2SAcknowledge
[04Mar2025 02:57:24.595] [Netty Epoll Server IO #2/DEBUG] [net.minecraftforge.network.HandshakeHandler/FMLHANDSHAKE]: Received acknowledgement from client
[04Mar2025 02:57:24.596] [Netty Epoll Server IO #2/DEBUG] [net.minecraftforge.network.LoginWrapper/FMLHANDSHAKE]: Recieved login wrapper packet event for channel fml:handshake with index 30
[04Mar2025 02:57:24.596] [Netty Epoll Server IO #2/DEBUG] [net.minecraftforge.network.HandshakeHandler/FMLHANDSHAKE]: Received client indexed reply 30 of type net.minecraftforge.network.HandshakeMessages$C2SAcknowledge
[04Mar2025 02:57:24.596] [Netty Epoll Server IO #2/DEBUG] [net.minecraftforge.network.HandshakeHandler/FMLHANDSHAKE]: Received acknowledgement from client
[04Mar2025 02:57:24.596] [Netty Epoll Server IO #2/DEBUG] [net.minecraftforge.network.LoginWrapper/FMLHANDSHAKE]: Recieved login wrapper packet event for channel fml:handshake with index 31
[04Mar2025 02:57:24.596] [Netty Epoll Server IO #2/DEBUG] [net.minecraftforge.network.HandshakeHandler/FMLHANDSHAKE]: Received client indexed reply 31 of type net.minecraftforge.network.HandshakeMessages$C2SAcknowledge
[04Mar2025 02:57:24.596] [Netty Epoll Server IO #2/DEBUG] [net.minecraftforge.network.HandshakeHandler/FMLHANDSHAKE]: Received acknowledgement from client
[04Mar2025 02:57:24.599] [Server thread/DEBUG] [net.minecraftforge.network.HandshakeHandler/FMLHANDSHAKE]: Sending ticking packet info 'Registry forge:entity_data_serializers' to 'fml:handshake' sequence 33
[04Mar2025 02:57:24.649] [Server thread/DEBUG] [net.minecraftforge.network.HandshakeHandler/FMLHANDSHAKE]: Sending ticking packet info 'Registry minecraft:mob_effect' to 'fml:handshake' sequence 34
[04Mar2025 02:57:24.698] [Server thread/DEBUG] [net.minecraftforge.network.HandshakeHandler/FMLHANDSHAKE]: Sending ticking packet info 'Registry minecolonies:jobs' to 'fml:handshake' sequence 35
[04Mar2025 02:57:24.709] [Netty Epoll Server IO #2/DEBUG] [net.minecraftforge.network.LoginWrapper/FMLHANDSHAKE]: Recieved login wrapper packet event for channel fml:handshake with index 32
[04Mar2025 02:57:24.709] [Netty Epoll Server IO #2/DEBUG] [net.minecraftforge.network.HandshakeHandler/FMLHANDSHAKE]: Received client indexed reply 32 of type net.minecraftforge.network.HandshakeMessages$C2SAcknowledge
[04Mar2025 02:57:24.709] [Netty Epoll Server IO #2/DEBUG] [net.minecraftforge.network.HandshakeHandler/FMLHANDSHAKE]: Received acknowledgement from client
[04Mar2025 02:57:24.710] [Netty Epoll Server IO #2/DEBUG] [net.minecraftforge.network.LoginWrapper/FMLHANDSHAKE]: Recieved login wrapper packet event for channel fml:handshake with index 33
[04Mar2025 02:57:24.710] [Netty Epoll Server IO #2/DEBUG] [net.minecraftforge.network.HandshakeHandler/FMLHANDSHAKE]: Received client indexed reply 33 of type net.minecraftforge.network.HandshakeMessages$C2SAcknowledge
[04Mar2025 02:57:24.710] [Netty Epoll Server IO #2/DEBUG] [net.minecraftforge.network.HandshakeHandler/FMLHANDSHAKE]: Received acknowledgement from client
[04Mar2025 02:57:24.744] [Netty Epoll Server IO #2/DEBUG] [net.minecraftforge.network.LoginWrapper/FMLHANDSHAKE]: Recieved login wrapper packet event for channel fml:handshake with index 34
[04Mar2025 02:57:24.744] [Netty Epoll Server IO #2/DEBUG] [net.minecraftforge.network.HandshakeHandler/FMLHANDSHAKE]: Received client indexed reply 34 of type net.minecraftforge.network.HandshakeMessages$C2SAcknowledge
[04Mar2025 02:57:24.744] [Netty Epoll Server IO #2/DEBUG] [net.minecraftforge.network.HandshakeHandler/FMLHANDSHAKE]: Received acknowledgement from client
[04Mar2025 02:57:24.749] [Server thread/DEBUG] [net.minecraftforge.network.HandshakeHandler/FMLHANDSHAKE]: Sending ticking packet info 'Registry minecolonies:questobjectives' to 'fml:handshake' sequence 36
[04Mar2025 02:57:24.786] [Netty Epoll Server IO #2/DEBUG] [net.minecraftforge.network.LoginWrapper/FMLHANDSHAKE]: Recieved login wrapper packet event for channel fml:handshake with index 35
[04Mar2025 02:57:24.786] [Netty Epoll Server IO #2/DEBUG] [net.minecraftforge.network.HandshakeHandler/FMLHANDSHAKE]: Received client indexed reply 35 of type net.minecraftforge.network.HandshakeMessages$C2SAcknowledge
[04Mar2025 02:57:24.786] [Netty Epoll Server IO #2/DEBUG] [net.minecraftforge.network.HandshakeHandler/FMLHANDSHAKE]: Received acknowledgement from client
[04Mar2025 02:57:24.798] [Server thread/DEBUG] [net.minecraftforge.network.HandshakeHandler/FMLHANDSHAKE]: Sending ticking packet info 'Registry minecolonies:questtriggers' to 'fml:handshake' sequence 37
[04Mar2025 02:57:24.839] [Netty Epoll Server IO #2/DEBUG] [net.minecraftforge.network.LoginWrapper/FMLHANDSHAKE]: Recieved login wrapper packet event for channel fml:handshake with index 36
[04Mar2025 02:57:24.839] [Netty Epoll Server IO #2/DEBUG] [net.minecraftforge.network.HandshakeHandler/FMLHANDSHAKE]: Received client indexed reply 36 of type net.minecraftforge.network.HandshakeMessages$C2SAcknowledge
[04Mar2025 02:57:24.839] [Netty Epoll Server IO #2/DEBUG] [net.minecraftforge.network.HandshakeHandler/FMLHANDSHAKE]: Received acknowledgement from client
[04Mar2025 02:57:24.848] [Server thread/DEBUG] [net.minecraftforge.network.HandshakeHandler/FMLHANDSHAKE]: Sending ticking packet info 'Registry minecolonies:questanswerresults' to 'fml:handshake' sequence 38
[04Mar2025 02:57:24.890] [Netty Epoll Server IO #2/DEBUG] [net.minecraftforge.network.LoginWrapper/FMLHANDSHAKE]: Recieved login wrapper packet event for channel fml:handshake with index 37
[04Mar2025 02:57:24.890] [Netty Epoll Server IO #2/DEBUG] [net.minecraftforge.network.HandshakeHandler/FMLHANDSHAKE]: Received client indexed reply 37 of type net.minecraftforge.network.HandshakeMessages$C2SAcknowledge
[04Mar2025 02:57:24.890] [Netty Epoll Server IO #2/DEBUG] [net.minecraftforge.network.HandshakeHandler/FMLHANDSHAKE]: Received acknowledgement from client
[04Mar2025 02:57:24.898] [Server thread/DEBUG] [net.minecraftforge.network.HandshakeHandler/FMLHANDSHAKE]: Sending ticking packet info 'Registry epicfight:conditions' to 'fml:handshake' sequence 39
[04Mar2025 02:57:24.932] [Netty Epoll Server IO #2/DEBUG] [net.minecraftforge.network.LoginWrapper/FMLHANDSHAKE]: Recieved login wrapper packet event for channel fml:handshake with index 38
[04Mar2025 02:57:24.932] [Netty Epoll Server IO #2/DEBUG] [net.minecraftforge.network.HandshakeHandler/FMLHANDSHAKE]: Received client indexed reply 38 of type net.minecraftforge.network.HandshakeMessages$C2SAcknowledge
[04Mar2025 02:57:24.932] [Netty Epoll Server IO #2/DEBUG] [net.minecraftforge.network.HandshakeHandler/FMLHANDSHAKE]: Received acknowledgement from client
[04Mar2025 02:57:24.949] [Server thread/DEBUG] [net.minecraftforge.network.HandshakeHandler/FMLHANDSHAKE]: Sending ticking packet info 'Registry tombstone:perks' to 'fml:handshake' sequence 40
[04Mar2025 02:57:24.982] [Netty Epoll Server IO #2/DEBUG] [net.minecraftforge.network.LoginWrapper/FMLHANDSHAKE]: Recieved login wrapper packet event for channel fml:handshake with index 39
[04Mar2025 02:57:24.983] [Netty Epoll Server IO #2/DEBUG] [net.minecraftforge.network.HandshakeHandler/FMLHANDSHAKE]: Received client indexed reply 39 of type net.minecraftforge.network.HandshakeMessages$C2SAcknowledge
[04Mar2025 02:57:24.983] [Netty Epoll Server IO #2/DEBUG] [net.minecraftforge.network.HandshakeHandler/FMLHANDSHAKE]: Received acknowledgement from client
[04Mar2025 02:57:24.998] [Server thread/DEBUG] [net.minecraftforge.network.HandshakeHandler/FMLHANDSHAKE]: Sending ticking packet info 'Registry twilightforest:dwarf_rabbit_variant' to 'fml:handshake' sequence 41
[04Mar2025 02:57:25.033] [Netty Epoll Server IO #2/DEBUG] [net.minecraftforge.network.LoginWrapper/FMLHANDSHAKE]: Recieved login wrapper packet event for channel fml:handshake with index 40
[04Mar2025 02:57:25.033] [Netty Epoll Server IO #2/DEBUG] [net.minecraftforge.network.HandshakeHandler/FMLHANDSHAKE]: Received client indexed reply 40 of type net.minecraftforge.network.HandshakeMessages$C2SAcknowledge
[04Mar2025 02:57:25.033] [Netty Epoll Server IO #2/DEBUG] [net.minecraftforge.network.HandshakeHandler/FMLHANDSHAKE]: Received acknowledgement from client
[04Mar2025 02:57:25.048] [Server thread/DEBUG] [net.minecraftforge.network.HandshakeHandler/FMLHANDSHAKE]: Sending ticking packet info 'Registry occultism:ritual_factory' to 'fml:handshake' sequence 42
[04Mar2025 02:57:25.099] [Server thread/DEBUG] [net.minecraftforge.network.HandshakeHandler/FMLHANDSHAKE]: Sending ticking packet info 'Registry minecolonies:colonyeventtypes' to 'fml:handshake' sequence 43
[04Mar2025 02:57:25.148] [Server thread/DEBUG] [net.minecraftforge.network.HandshakeHandler/FMLHANDSHAKE]: Sending ticking packet info 'Registry minecraft:enchantment' to 'fml:handshake' sequence 44
[04Mar2025 02:57:25.198] [Server thread/DEBUG] [net.minecraftforge.network.HandshakeHandler/FMLHANDSHAKE]: Sending ticking packet info 'Registry minecolonies:colonyeventdesctypes' to 'fml:handshake' sequence 45
[04Mar2025 02:57:25.248] [Server thread/DEBUG] [net.minecraftforge.network.HandshakeHandler/FMLHANDSHAKE]: Sending ticking packet info 'Registry minecolonies:researcheffecttypes' to 'fml:handshake' sequence 46
[04Mar2025 02:57:25.266] [Netty Epoll Server IO #2/DEBUG] [net.minecraftforge.network.LoginWrapper/FMLHANDSHAKE]: Recieved login wrapper packet event for channel fml:handshake with index 41
[04Mar2025 02:57:25.266] [Netty Epoll Server IO #2/DEBUG] [net.minecraftforge.network.HandshakeHandler/FMLHANDSHAKE]: Received client indexed reply 41 of type net.minecraftforge.network.HandshakeMessages$C2SAcknowledge
[04Mar2025 02:57:25.267] [Netty Epoll Server IO #2/DEBUG] [net.minecraftforge.network.HandshakeHandler/FMLHANDSHAKE]: Received acknowledgement from client
[04Mar2025 02:57:25.267] [Netty Epoll Server IO #2/DEBUG] [net.minecraftforge.network.LoginWrapper/FMLHANDSHAKE]: Recieved login wrapper packet event for channel fml:handshake with index 42
[04Mar2025 02:57:25.267] [Netty Epoll Server IO #2/DEBUG] [net.minecraftforge.network.HandshakeHandler/FMLHANDSHAKE]: Received client indexed reply 42 of type net.minecraftforge.network.HandshakeMessages$C2SAcknowledge
[04Mar2025 02:57:25.267] [Netty Epoll Server IO #2/DEBUG] [net.minecraftforge.network.HandshakeHandler/FMLHANDSHAKE]: Received acknowledgement from client
[04Mar2025 02:57:25.267] [Netty Epoll Server IO #2/DEBUG] [net.minecraftforge.network.LoginWrapper/FMLHANDSHAKE]: Recieved login wrapper packet event for channel fml:handshake with index 43
[04Mar2025 02:57:25.267] [Netty Epoll Server IO #2/DEBUG] [net.minecraftforge.network.HandshakeHandler/FMLHANDSHAKE]: Received client indexed reply 43 of type net.minecraftforge.network.HandshakeMessages$C2SAcknowledge
[04Mar2025 02:57:25.267] [Netty Epoll Server IO #2/DEBUG] [net.minecraftforge.network.HandshakeHandler/FMLHANDSHAKE]: Received acknowledgement from client
[04Mar2025 02:57:25.267] [Netty Epoll Server IO #2/DEBUG] [net.minecraftforge.network.LoginWrapper/FMLHANDSHAKE]: Recieved login wrapper packet event for channel fml:handshake with index 44
[04Mar2025 02:57:25.267] [Netty Epoll Server IO #2/DEBUG] [net.minecraftforge.network.HandshakeHandler/FMLHANDSHAKE]: Received client indexed reply 44 of type net.minecraftforge.network.HandshakeMessages$C2SAcknowledge
[04Mar2025 02:57:25.267] [Netty Epoll Server IO #2/DEBUG] [net.minecraftforge.network.HandshakeHandler/FMLHANDSHAKE]: Received acknowledgement from client
[04Mar2025 02:57:25.283] [Netty Epoll Server IO #2/DEBUG] [net.minecraftforge.network.LoginWrapper/FMLHANDSHAKE]: Recieved login wrapper packet event for channel fml:handshake with index 45
[04Mar2025 02:57:25.283] [Netty Epoll Server IO #2/DEBUG] [net.minecraftforge.network.HandshakeHandler/FMLHANDSHAKE]: Received client indexed reply 45 of type net.minecraftforge.network.HandshakeMessages$C2SAcknowledge
[04Mar2025 02:57:25.283] [Netty Epoll Server IO #2/DEBUG] [net.minecraftforge.network.HandshakeHandler/FMLHANDSHAKE]: Received acknowledgement from client
[04Mar2025 02:57:25.298] [Server thread/DEBUG] [net.minecraftforge.network.HandshakeHandler/FMLHANDSHAKE]: Sending ticking packet info 'Registry occultism:spirit_job_factory' to 'fml:handshake' sequence 47
[04Mar2025 02:57:25.332] [Netty Epoll Server IO #2/DEBUG] [net.minecraftforge.network.LoginWrapper/FMLHANDSHAKE]: Recieved login wrapper packet event for channel fml:handshake with index 46
[04Mar2025 02:57:25.332] [Netty Epoll Server IO #2/DEBUG] [net.minecraftforge.network.HandshakeHandler/FMLHANDSHAKE]: Received client indexed reply 46 of type net.minecraftforge.network.HandshakeMessages$C2SAcknowledge
[04Mar2025 02:57:25.332] [Netty Epoll Server IO #2/DEBUG] [net.minecraftforge.network.HandshakeHandler/FMLHANDSHAKE]: Received acknowledgement from client
[04Mar2025 02:57:25.349] [Server thread/DEBUG] [net.minecraftforge.network.HandshakeHandler/FMLHANDSHAKE]: Sending ticking packet info 'Registry minecraft:entity_type' to 'fml:handshake' sequence 48
[04Mar2025 02:57:25.383] [Netty Epoll Server IO #2/DEBUG] [net.minecraftforge.network.LoginWrapper/FMLHANDSHAKE]: Recieved login wrapper packet event for channel fml:handshake with index 47
[04Mar2025 02:57:25.383] [Netty Epoll Server IO #2/DEBUG] [net.minecraftforge.network.HandshakeHandler/FMLHANDSHAKE]: Received client indexed reply 47 of type net.minecraftforge.network.HandshakeMessages$C2SAcknowledge
[04Mar2025 02:57:25.383] [Netty Epoll Server IO #2/DEBUG] [net.minecraftforge.network.HandshakeHandler/FMLHANDSHAKE]: Received acknowledgement from client
[04Mar2025 02:57:25.398] [Server thread/DEBUG] [net.minecraftforge.network.HandshakeHandler/FMLHANDSHAKE]: Sending ticking packet info 'Config minecolonies-server.toml' to 'fml:handshake' sequence 49
[04Mar2025 02:57:25.449] [Server thread/DEBUG] [net.minecraftforge.network.HandshakeHandler/FMLHANDSHAKE]: Sending ticking packet info 'Config curios-server.toml' to 'fml:handshake' sequence 50
[04Mar2025 02:57:25.499] [Server thread/DEBUG] [net.minecraftforge.network.HandshakeHandler/FMLHANDSHAKE]: Sending ticking packet info 'Config rpgstats.toml' to 'fml:handshake' sequence 51
[04Mar2025 02:57:25.548] [Server thread/DEBUG] [net.minecraftforge.network.HandshakeHandler/FMLHANDSHAKE]: Sending ticking packet info 'Config easy_villagers-server.toml' to 'fml:handshake' sequence 52
[04Mar2025 02:57:25.598] [Server thread/DEBUG] [net.minecraftforge.network.HandshakeHandler/FMLHANDSHAKE]: Sending ticking packet info 'Config tombstone-server.toml' to 'fml:handshake' sequence 53
[04Mar2025 02:57:25.649] [Server thread/DEBUG] [net.minecraftforge.network.HandshakeHandler/FMLHANDSHAKE]: Sending ticking packet info 'Config structurize-server.toml' to 'fml:handshake' sequence 54
[04Mar2025 02:57:25.698] [Server thread/DEBUG] [net.minecraftforge.network.HandshakeHandler/FMLHANDSHAKE]: Sending ticking packet info 'Config occultism-server.toml' to 'fml:handshake' sequence 55
[04Mar2025 02:57:25.749] [Server thread/DEBUG] [net.minecraftforge.network.HandshakeHandler/FMLHANDSHAKE]: Sending ticking packet info 'Config forge-server.toml' to 'fml:handshake' sequence 56
[04Mar2025 02:57:30.712] [Netty Epoll Server IO #2/DEBUG] [net.minecraftforge.network.LoginWrapper/FMLHANDSHAKE]: Recieved login wrapper packet event for channel fml:handshake with index 48
[04Mar2025 02:57:30.712] [Netty Epoll Server IO #2/DEBUG] [net.minecraftforge.network.HandshakeHandler/FMLHANDSHAKE]: Received client indexed reply 48 of type net.minecraftforge.network.HandshakeMessages$C2SAcknowledge
[04Mar2025 02:57:30.712] [Netty Epoll Server IO #2/DEBUG] [net.minecraftforge.network.HandshakeHandler/FMLHANDSHAKE]: Received acknowledgement from client
[04Mar2025 02:57:30.712] [Netty Epoll Server IO #2/DEBUG] [net.minecraftforge.network.LoginWrapper/FMLHANDSHAKE]: Recieved login wrapper packet event for channel fml:handshake with index 49
[04Mar2025 02:57:30.712] [Netty Epoll Server IO #2/DEBUG] [net.minecraftforge.network.HandshakeHandler/FMLHANDSHAKE]: Received client indexed reply 49 of type net.minecraftforge.network.HandshakeMessages$C2SAcknowledge
[04Mar2025 02:57:30.712] [Netty Epoll Server IO #2/DEBUG] [net.minecraftforge.network.HandshakeHandler/FMLHANDSHAKE]: Received acknowledgement from client
[04Mar2025 02:57:30.712] [Netty Epoll Server IO #2/DEBUG] [net.minecraftforge.network.LoginWrapper/FMLHANDSHAKE]: Recieved login wrapper packet event for channel fml:handshake with index 50
[04Mar2025 02:57:30.713] [Netty Epoll Server IO #2/DEBUG] [net.minecraftforge.network.HandshakeHandler/FMLHANDSHAKE]: Received client indexed reply 50 of type net.minecraftforge.network.HandshakeMessages$C2SAcknowledge
[04Mar2025 02:57:30.713] [Netty Epoll Server IO #2/DEBUG] [net.minecraftforge.network.HandshakeHandler/FMLHANDSHAKE]: Received acknowledgement from client
[04Mar2025 02:57:30.713] [Netty Epoll Server IO #2/DEBUG] [net.minecraftforge.network.LoginWrapper/FMLHANDSHAKE]: Recieved login wrapper packet event for channel fml:handshake with index 51
[04Mar2025 02:57:30.713] [Netty Epoll Server IO #2/DEBUG] [net.minecraftforge.network.HandshakeHandler/FMLHANDSHAKE]: Received client indexed reply 51 of type net.minecraftforge.network.HandshakeMessages$C2SAcknowledge
[04Mar2025 02:57:30.713] [Netty Epoll Server IO #2/DEBUG] [net.minecraftforge.network.HandshakeHandler/FMLHANDSHAKE]: Received acknowledgement from client
[04Mar2025 02:57:30.713] [Netty Epoll Server IO #2/DEBUG] [net.minecraftforge.network.LoginWrapper/FMLHANDSHAKE]: Recieved login wrapper packet event for channel fml:handshake with index 52
[04Mar2025 02:57:30.713] [Netty Epoll Server IO #2/DEBUG] [net.minecraftforge.network.HandshakeHandler/FMLHANDSHAKE]: Received client indexed reply 52 of type net.minecraftforge.network.HandshakeMessages$C2SAcknowledge
[04Mar2025 02:57:30.713] [Netty Epoll Server IO #2/DEBUG] [net.minecraftforge.network.HandshakeHandler/FMLHANDSHAKE]: Received acknowledgement from client
[04Mar2025 02:57:30.713] [Netty Epoll Server IO #2/DEBUG] [net.minecraftforge.network.LoginWrapper/FMLHANDSHAKE]: Recieved login wrapper packet event for channel fml:handshake with index 53
[04Mar2025 02:57:30.713] [Netty Epoll Server IO #2/DEBUG] [net.minecraftforge.network.HandshakeHandler/FMLHANDSHAKE]: Received client indexed reply 53 of type net.minecraftforge.network.HandshakeMessages$C2SAcknowledge
[04Mar2025 02:57:30.713] [Netty Epoll Server IO #2/DEBUG] [net.minecraftforge.network.HandshakeHandler/FMLHANDSHAKE]: Received acknowledgement from client
[04Mar2025 02:57:30.713] [Netty Epoll Server IO #2/DEBUG] [net.minecraftforge.network.LoginWrapper/FMLHANDSHAKE]: Recieved login wrapper packet event for channel fml:handshake with index 54
[04Mar2025 02:57:30.713] [Netty Epoll Server IO #2/DEBUG] [net.minecraftforge.network.HandshakeHandler/FMLHANDSHAKE]: Received client indexed reply 54 of type net.minecraftforge.network.HandshakeMessages$C2SAcknowledge
[04Mar2025 02:57:30.713] [Netty Epoll Server IO #2/DEBUG] [net.minecraftforge.network.HandshakeHandler/FMLHANDSHAKE]: Received acknowledgement from client
[04Mar2025 02:57:30.714] [Netty Epoll Server IO #2/DEBUG] [net.minecraftforge.network.LoginWrapper/FMLHANDSHAKE]: Recieved login wrapper packet event for channel fml:handshake with index 55
[04Mar2025 02:57:30.714] [Netty Epoll Server IO #2/DEBUG] [net.minecraftforge.network.HandshakeHandler/FMLHANDSHAKE]: Received client indexed reply 55 of type net.minecraftforge.network.HandshakeMessages$C2SAcknowledge
[04Mar2025 02:57:30.714] [Netty Epoll Server IO #2/DEBUG] [net.minecraftforge.network.HandshakeHandler/FMLHANDSHAKE]: Received acknowledgement from client
[04Mar2025 02:57:30.714] [Netty Epoll Server IO #2/DEBUG] [net.minecraftforge.network.LoginWrapper/FMLHANDSHAKE]: Recieved login wrapper packet event for channel fml:handshake with index 56
[04Mar2025 02:57:30.714] [Netty Epoll Server IO #2/DEBUG] [net.minecraftforge.network.HandshakeHandler/FMLHANDSHAKE]: Received client indexed reply 56 of type net.minecraftforge.network.HandshakeMessages$C2SAcknowledge
[04Mar2025 02:57:30.714] [Netty Epoll Server IO #2/DEBUG] [net.minecraftforge.network.HandshakeHandler/FMLHANDSHAKE]: Received acknowledgement from client
[04Mar2025 02:57:30.749] [Server thread/DEBUG] [net.minecraftforge.network.HandshakeHandler/FMLHANDSHAKE]: Handshake complete!
[04Mar2025 02:57:30.843] [Server thread/DEBUG] [mixin/]: Generating mapped inner class net/minecraft/world/entity/Entity$Config$a2344d6068f146e0a21a42d061792035 (originally com/majruszlibrary/mixin/MixinEntity$Config)
[04Mar2025 02:57:30.854] [Server thread/DEBUG] [mixin/]: Generating mapped inner class net/minecraft/world/entity/Entity$Anonymous$77578a0cddc04ef8bf6da300c0e8e626 (originally com/majruszlibrary/mixin/MixinEntity$1)
[04Mar2025 02:57:30.856] [Server thread/DEBUG] [mixin/]: Mixing FoodDataMixin from alexscaves.mixins.json into net.minecraft.world.food.FoodData
[04Mar2025 02:57:31.367] [Server thread/INFO] [net.minecraft.server.players.PlayerList/]: MadaraUchiha2909[/172.23.164.249:58747] logged in with entity id 1155 at (-3084.300000011921, 19.5, -2761.837817525613)
[04Mar2025 02:57:31.378] [Server thread/DEBUG] [net.minecraftforge.network.filters.NetworkFilters/]: Injected net.minecraftforge.network.filters.ForgeConnectionNetworkFilter@2115242a into net.minecraft.network.Connection@4cd50eab
[04Mar2025 02:57:31.395] [Server thread/INFO] [Modonomicon/]: Building books ...
[04Mar2025 02:57:31.401] [Server thread/INFO] [Modonomicon/]: Books built.
[04Mar2025 02:57:31.608] [Server thread/INFO] [net.minecraft.server.MinecraftServer/]: MadaraUchiha2909 joined the game
[04Mar2025 02:57:31.831] [Server thread/INFO] [structurize/]: New Server UUID b5ada7dc-78fc-4b6a-ae59-d1c1a2022a3d
[04Mar2025 02:57:31.842] [Server thread/DEBUG] [moe.plushie.armourers_workshop.ArmourersWorkshop/]: welcome back MadaraUchiha2909
[04Mar2025 02:57:33.315] [Server thread/WARN] [net.minecraft.server.MinecraftServer/]: Can't keep up! Is the server overloaded? Running 2417ms or 48 ticks behind
[04Mar2025 02:58:04.360] [Server thread/DEBUG] [mixin/]: Mixing swimming.FallLocationMixin from expandability-common.mixins.json into net.minecraft.world.damagesource.FallLocation
[04Mar2025 02:58:59.382] [Server thread/INFO] [net.minecraft.server.MinecraftServer/]: [Not Secure] <MadaraUchiha2909> q
[04Mar2025 02:59:17.479] [Server thread/INFO] [net.minecraft.server.MinecraftServer/]: [Not Secure] <MadaraUchiha2909> yaa
[04Mar2025 03:01:28.701] [Server thread/DEBUG] [net.minecraftforge.common.ForgeHooks/WP]: Gathering id map for writing to world save world
[04Mar2025 03:01:28.725] [Server thread/DEBUG] [net.minecraftforge.common.ForgeHooks/WP]: ID Map collection complete world
[04Mar2025 03:04:06.915] [Server thread/WARN] [net.minecraft.server.level.ServerPlayerGameMode/]: Mismatch in destroy block pos: BlockPos{x=-3112, y=11, z=-2773} BlockPos{x=-3113, y=14, z=-2740}
[04Mar2025 03:04:06.968] [Server thread/WARN] [net.minecraft.server.level.ServerPlayerGameMode/]: Mismatch in destroy block pos: BlockPos{x=-3112, y=11, z=-2773} BlockPos{x=-3113, y=14, z=-2740}
[04Mar2025 03:04:11.286] [Worker-Main-2/DEBUG] [mixin/]: Mixing accessor.BeardifierAccessor from cataclysm.mixins.json into net.minecraft.world.level.levelgen.Beardifier
[04Mar2025 03:04:46.207] [Worker-Main-12/WARN] [net.minecraft.world.entity.ai.attributes.AttributeMap/]: Ignoring unknown attribute 'reach-entity-attributes:reach'
[04Mar2025 03:04:46.209] [Worker-Main-12/WARN] [net.minecraft.world.entity.ai.attributes.AttributeMap/]: Ignoring unknown attribute 'reach-entity-attributes:reach'
[04Mar2025 03:04:46.371] [Worker-Main-2/WARN] [net.minecraft.world.entity.ai.attributes.AttributeMap/]: Ignoring unknown attribute 'reach-entity-attributes:reach'
[04Mar2025 03:04:46.481] [Worker-Main-12/WARN] [net.minecraft.world.entity.ai.attributes.AttributeMap/]: Ignoring unknown attribute 'reach-entity-attributes:reach'
[04Mar2025 03:04:46.483] [Worker-Main-12/WARN] [net.minecraft.world.entity.ai.attributes.AttributeMap/]: Ignoring unknown attribute 'reach-entity-attributes:reach'
[04Mar2025 03:04:46.487] [Worker-Main-12/WARN] [net.minecraft.world.entity.ai.attributes.AttributeMap/]: Ignoring unknown attribute 'reach-entity-attributes:reach'
[04Mar2025 03:04:51.242] [Worker-Main-2/WARN] [net.minecraft.world.entity.ai.attributes.AttributeMap/]: Ignoring unknown attribute 'reach-entity-attributes:reach'
[04Mar2025 03:04:51.243] [Worker-Main-2/WARN] [net.minecraft.world.entity.ai.attributes.AttributeMap/]: Ignoring unknown attribute 'reach-entity-attributes:reach'
[04Mar2025 03:04:51.261] [Worker-Main-12/WARN] [net.minecraft.world.entity.ai.attributes.AttributeMap/]: Ignoring unknown attribute 'reach-entity-attributes:reach'
[04Mar2025 03:04:51.262] [Worker-Main-12/WARN] [net.minecraft.world.entity.ai.attributes.AttributeMap/]: Ignoring unknown attribute 'reach-entity-attributes:reach'
[04Mar2025 03:04:51.301] [Worker-Main-29/WARN] [net.minecraft.world.entity.ai.attributes.AttributeMap/]: Ignoring unknown attribute 'reach-entity-attributes:reach'
[04Mar2025 03:04:51.354] [Worker-Main-1/WARN] [net.minecraft.world.entity.ai.attributes.AttributeMap/]: Ignoring unknown attribute 'reach-entity-attributes:reach'
[04Mar2025 03:04:51.356] [Worker-Main-1/WARN] [net.minecraft.world.entity.ai.attributes.AttributeMap/]: Ignoring unknown attribute 'reach-entity-attributes:reach'
[04Mar2025 03:04:51.369] [Worker-Main-12/WARN] [net.minecraft.world.entity.ai.attributes.AttributeMap/]: Ignoring unknown attribute 'reach-entity-attributes:reach'
[04Mar2025 03:04:51.372] [Worker-Main-12/WARN] [net.minecraft.world.entity.ai.attributes.AttributeMap/]: Ignoring unknown attribute 'reach-entity-attributes:reach'
[04Mar2025 03:04:51.416] [Worker-Main-2/WARN] [net.minecraft.world.entity.ai.attributes.AttributeMap/]: Ignoring unknown attribute 'reach-entity-attributes:reach'
[04Mar2025 03:04:51.417] [Worker-Main-2/WARN] [net.minecraft.world.entity.ai.attributes.AttributeMap/]: Ignoring unknown attribute 'reach-entity-attributes:reach'
