[04Mar2025 01:16:12.344] [main/INFO] [cpw.mods.modlauncher.Launcher/MODLAUNCHER]: ModLauncher running: args [--launchTarget, forgeserver, --fml.forgeVersion, 47.3.7, --fml.mcVersion, 1.20.1, --fml.forgeGroup, net.minecraftforge, --fml.mcpVersion, 20230612.114412, nogui]
[04Mar2025 01:16:12.348] [main/INFO] [cpw.mods.modlauncher.Launcher/MODLAUNCHER]: ModLauncher 10.0.9+10.0.9+main.dcd20f30 starting: java version 17.0.14 by Ubuntu; OS Linux arch amd64 version 6.5.0-1025-azure
[04Mar2025 01:16:14.572] [main/INFO] [net.minecraftforge.fml.loading.ImmediateWindowHandler/]: ImmediateWindowProvider not loading because launch target is forgeserver
[04Mar2025 01:16:14.664] [main/INFO] [mixin/]: SpongePowered MIXIN Subsystem Version=0.8.5 Source=union:/workspaces/panaserver2.0/servidor_minecraft/libraries/org/spongepowered/mixin/0.8.5/mixin-0.8.5.jar%2365!/ Service=ModLauncher Env=SERVER
[04Mar2025 01:16:15.383] [main/WARN] [net.minecraftforge.fml.loading.moddiscovery.ModFileParser/LOADING]: Mod file /workspaces/panaserver2.0/servidor_minecraft/libraries/net/minecraftforge/fmlcore/1.20.1-47.3.7/fmlcore-1.20.1-47.3.7.jar is missing mods.toml file
[04Mar2025 01:16:15.387] [main/WARN] [net.minecraftforge.fml.loading.moddiscovery.ModFileParser/LOADING]: Mod file /workspaces/panaserver2.0/servidor_minecraft/libraries/net/minecraftforge/javafmllanguage/1.20.1-47.3.7/javafmllanguage-1.20.1-47.3.7.jar is missing mods.toml file
[04Mar2025 01:16:15.389] [main/WARN] [net.minecraftforge.fml.loading.moddiscovery.ModFileParser/LOADING]: Mod file /workspaces/panaserver2.0/servidor_minecraft/libraries/net/minecraftforge/lowcodelanguage/1.20.1-47.3.7/lowcodelanguage-1.20.1-47.3.7.jar is missing mods.toml file
[04Mar2025 01:16:15.391] [main/WARN] [net.minecraftforge.fml.loading.moddiscovery.ModFileParser/LOADING]: Mod file /workspaces/panaserver2.0/servidor_minecraft/libraries/net/minecraftforge/mclanguage/1.20.1-47.3.7/mclanguage-1.20.1-47.3.7.jar is missing mods.toml file
[04Mar2025 01:16:15.963] [main/INFO] [net.minecraftforge.fml.loading.moddiscovery.JarInJarDependencyLocator/]: Found 9 dependencies adding them to mods collection
[04Mar2025 01:16:21.933] [main/INFO] [mixin/]: Compatibility level set to JAVA_17
[04Mar2025 01:16:22.187] [main/INFO] [cpw.mods.modlauncher.LaunchServiceHandler/MODLAUNCHER]: Launching target 'forgeserver' with arguments [nogui]
[04Mar2025 01:16:22.295] [main/WARN] [mixin/]: Reference map 'graveyard-FORGE-forge-refmap.json' for graveyard-forge.mixins.json could not be read. If this is a development environment you can ignore this message
[04Mar2025 01:16:22.758] [main/WARN] [mixin/]: Reference map 'modonomicon.refmap.json' for modonomicon.mixins.json could not be read. If this is a development environment you can ignore this message
[04Mar2025 01:16:22.773] [main/WARN] [mixin/]: Reference map 'modonomicon.refmap.json' for modonomicon.forge.mixins.json could not be read. If this is a development environment you can ignore this message
[04Mar2025 01:16:22.800] [main/WARN] [mixin/]: Reference map 'simplyswords-forge-refmap.json' for simplyswords.mixins.json could not be read. If this is a development environment you can ignore this message
[04Mar2025 01:16:25.017] [main/ERROR] [net.minecraftforge.fml.loading.RuntimeDistCleaner/DISTXFORM]: Attempted to load class net/minecraft/client/gui/screens/Screen for invalid dist DEDICATED_SERVER
[04Mar2025 01:16:25.018] [main/WARN] [mixin/]: Error loading class: net/minecraft/client/gui/screens/Screen (java.lang.RuntimeException: Attempted to load class net/minecraft/client/gui/screens/Screen for invalid dist DEDICATED_SERVER)
[04Mar2025 01:16:25.018] [main/WARN] [mixin/]: @Mixin target net.minecraft.client.gui.screens.Screen was not found relics.mixins.json:ScreenMixin
[04Mar2025 01:16:26.380] [main/WARN] [mixin/]: Error loading class: net/minecraft/client/renderer/entity/PhantomRenderer (java.lang.ClassNotFoundException: net.minecraft.client.renderer.entity.PhantomRenderer)
[04Mar2025 01:16:26.382] [main/WARN] [mixin/]: @Mixin target net.minecraft.client.renderer.entity.PhantomRenderer was not found mixins.deeperdarker.json:PhantomRendererMixin
[04Mar2025 01:16:26.991] [main/WARN] [mixin/]: Error loading class: com/teammetallurgy/aquaculture/entity/AquaFishingBobberEntity (java.lang.ClassNotFoundException: com.teammetallurgy.aquaculture.entity.AquaFishingBobberEntity)
[04Mar2025 01:16:27.313] [main/INFO] [MixinExtras|Service/]: Initializing MixinExtras via com.llamalad7.mixinextras.service.MixinExtrasServiceImpl(version=0.3.5).
[04Mar2025 01:16:35.513] [main/WARN] [mixin/]: @Final field f_31427_:[I in mixins.epicfight.json:MixinWitherBoss should be final
[04Mar2025 01:16:35.519] [main/WARN] [mixin/]: @Final field f_31428_:[I in mixins.epicfight.json:MixinWitherBoss should be final
[04Mar2025 01:16:40.384] [main/WARN] [net.minecraft.network.syncher.SynchedEntityData/]: defineId called for: class net.minecraft.world.entity.LivingEntity from class yesman.epicfight.world.capabilities.entitypatch.LivingEntityPatch
[04Mar2025 01:16:40.388] [main/WARN] [net.minecraft.network.syncher.SynchedEntityData/]: defineId called for: class net.minecraft.world.entity.LivingEntity from class yesman.epicfight.world.capabilities.entitypatch.LivingEntityPatch
[04Mar2025 01:16:40.389] [main/WARN] [net.minecraft.network.syncher.SynchedEntityData/]: defineId called for: class net.minecraft.world.entity.LivingEntity from class yesman.epicfight.world.capabilities.entitypatch.LivingEntityPatch
[04Mar2025 01:16:40.398] [main/WARN] [net.minecraft.network.syncher.SynchedEntityData/]: defineId called for: class net.minecraft.world.entity.LivingEntity from class yesman.epicfight.world.capabilities.entitypatch.LivingEntityPatch
[04Mar2025 01:16:42.116] [main/WARN] [mixin/]: Mixin alexscaves.mixins.json:SwampHutPieceMixin has multiple constructors, (Lnet/minecraft/world/level/levelgen/structure/pieces/StructurePieceType;IIIIIILnet/minecraft/core/Direction;)V was selected

[04Mar2025 01:16:44.131] [modloading-worker-0/INFO] [epicfight/]: Loaded mod compat: GeckolibCompat
[04Mar2025 01:16:44.316] [modloading-worker-0/INFO] [graveyard/]: Registered JSON trade offer adapter.
[04Mar2025 01:16:44.327] [modloading-worker-0/INFO] [dev.architectury.networking.forge.NetworkManagerImpl/]: Registering C2S receiver with id architectury:sync_ids
[04Mar2025 01:16:44.328] [modloading-worker-0/INFO] [dev.architectury.networking.forge.NetworkManagerImpl/]: Registering C2S receiver with id artifacts:networking_channel/42a7ad70b1cc371599a0eff744096b8a
[04Mar2025 01:16:44.332] [modloading-worker-0/INFO] [dev.architectury.networking.forge.NetworkManagerImpl/]: Registering C2S receiver with id artifacts:networking_channel/74a5e841822a3a87854ae896a33430d6
[04Mar2025 01:16:44.339] [modloading-worker-0/INFO] [dev.architectury.networking.forge.NetworkManagerImpl/]: Registering C2S receiver with id artifacts:networking_channel/eb3d1e2748533430848cadf0f37c7e9c
[04Mar2025 01:16:44.340] [modloading-worker-0/INFO] [dev.architectury.networking.forge.NetworkManagerImpl/]: Registering C2S receiver with id artifacts:networking_channel/91c8520f19f93b3e8b6a727568e194ab
[04Mar2025 01:16:44.341] [modloading-worker-0/INFO] [dev.architectury.networking.forge.NetworkManagerImpl/]: Registering C2S receiver with id artifacts:networking_channel/8c2784d778293fd482ed84b8aa5fedb9
[04Mar2025 01:16:44.342] [modloading-worker-0/INFO] [dev.architectury.networking.forge.NetworkManagerImpl/]: Registering C2S receiver with id artifacts:networking_channel/ea038224ea783d40b2863f52239e2604
[04Mar2025 01:16:44.350] [modloading-worker-0/INFO] [dev.architectury.networking.forge.NetworkManagerImpl/]: Registering C2S receiver with id artifacts:networking_channel/97ad64b7ecaf33209991c4f031501a58
[04Mar2025 01:16:44.537] [modloading-worker-0/INFO] [net.minecraftforge.common.ForgeMod/FORGEMOD]: Forge mod loading, version 47.3.7, for MC 1.20.1 with MCP 20230612.114412
[04Mar2025 01:16:44.538] [modloading-worker-0/INFO] [net.minecraftforge.common.MinecraftForge/FORGE]: MinecraftForge v47.3.7 Initialized
[04Mar2025 01:16:45.507] [modloading-worker-0/INFO] [Mystical Agriculture/]: Registered plugin: com.blakebr0.mysticalagriculture.lib.ModCorePlugin
[04Mar2025 01:16:45.544] [modloading-worker-0/INFO] [Mystical Agriculture/]: Loaded 1 plugins
[04Mar2025 01:16:48.195] [Structurize IO Worker #0/INFO] [structurize/]: Registered structure pack: Warped Netherlands
[04Mar2025 01:16:48.202] [Structurize IO Worker #0/INFO] [structurize/]: Registered structure pack: Stalactite Caves
[04Mar2025 01:16:48.205] [Structurize IO Worker #0/INFO] [structurize/]: Registered structure pack: Space Wars
[04Mar2025 01:16:48.208] [Structurize IO Worker #0/INFO] [structurize/]: Registered structure pack: Shire
[04Mar2025 01:16:48.226] [Structurize IO Worker #0/INFO] [structurize/]: Registered structure pack: Desert Oasis
[04Mar2025 01:16:48.228] [Structurize IO Worker #0/INFO] [structurize/]: Registered structure pack: Pagoda
[04Mar2025 01:16:48.229] [Structurize IO Worker #0/INFO] [structurize/]: Registered structure pack: Minecolonies Original
[04Mar2025 01:16:48.229] [Structurize IO Worker #0/INFO] [structurize/]: Registered structure pack: Nordic Spruce
[04Mar2025 01:16:48.230] [Structurize IO Worker #0/INFO] [structurize/]: Registered structure pack: Medieval Spruce
[04Mar2025 01:16:48.231] [Structurize IO Worker #0/INFO] [structurize/]: Registered structure pack: Medieval Oak
[04Mar2025 01:16:48.231] [Structurize IO Worker #0/INFO] [structurize/]: Registered structure pack: Medieval Dark Oak
[04Mar2025 01:16:48.231] [Structurize IO Worker #0/INFO] [structurize/]: Registered structure pack: Medieval Birch
[04Mar2025 01:16:48.232] [Structurize IO Worker #0/INFO] [structurize/]: Registered structure pack: Lost Mesa City
[04Mar2025 01:16:48.232] [Structurize IO Worker #0/INFO] [structurize/]: Registered structure pack: Jungle Treehouse
[04Mar2025 01:16:48.233] [Structurize IO Worker #0/INFO] [structurize/]: Registered structure pack: Incan
[04Mar2025 01:16:48.233] [Structurize IO Worker #0/INFO] [structurize/]: Registered structure pack: Fortress
[04Mar2025 01:16:48.233] [Structurize IO Worker #0/INFO] [structurize/]: Registered structure pack: Dark Oak Treehouse
[04Mar2025 01:16:48.234] [Structurize IO Worker #0/INFO] [structurize/]: Registered structure pack: Colonial
[04Mar2025 01:16:48.234] [Structurize IO Worker #0/INFO] [structurize/]: Registered structure pack: Cavern
[04Mar2025 01:16:48.235] [Structurize IO Worker #0/INFO] [structurize/]: Registered structure pack: Caledonia
[04Mar2025 01:16:48.235] [Structurize IO Worker #0/INFO] [structurize/]: Registered structure pack: Urban Birch
[04Mar2025 01:16:48.235] [Structurize IO Worker #0/INFO] [structurize/]: Registered structure pack: Ancient Athens
[04Mar2025 01:16:48.236] [Structurize IO Worker #0/INFO] [structurize/]: Registered structure pack: Urban Savanna
[04Mar2025 01:16:48.236] [Structurize IO Worker #0/WARN] [structurize/]: Failed loading packs from main folder path: .
[04Mar2025 01:16:48.237] [Structurize IO Worker #0/WARN] [structurize/]: Failed loading client packs from main folder path: .
[04Mar2025 01:16:48.237] [Structurize IO Worker #0/WARN] [structurize/]: Finished discovering Server Structure packs
[04Mar2025 01:16:49.027] [modloading-worker-0/INFO] [be.florens.expandability.ExpandAbility/]: ExpandAbility here, who dis?
[04Mar2025 01:16:49.666] [modloading-worker-0/INFO] [simplyswords/]: Registering Gobber compat Items for simplyswords
[04Mar2025 01:16:58.870] [main/INFO] [evilcraft/]: 2205 possible Broom base combinations are ready for flying!
[04Mar2025 01:17:01.186] [main/WARN] [net.minecraft.network.syncher.SynchedEntityData/]: defineId called for: class net.minecraft.world.entity.player.Player from class yesman.epicfight.world.capabilities.entitypatch.player.PlayerPatch
[04Mar2025 01:17:01.234] [main/WARN] [net.minecraft.network.syncher.SynchedEntityData/]: defineId called for: class com.github.alexmodguy.alexscaves.server.entity.living.TremorzillaEntity from class com.github.alexmodguy.alexscaves.server.entity.living.LicowitchEntity
[04Mar2025 01:17:01.251] [main/WARN] [net.minecraft.network.syncher.SynchedEntityData/]: defineId called for: class net.mcreator.borninchaosv.entity.BabySpiderEntity from class net.mcreator.borninchaosv.entity.MotherSpiderEntity
[04Mar2025 01:17:01.303] [main/WARN] [net.minecraft.network.syncher.SynchedEntityData/]: defineId called for: class com.klikli_dev.occultism.common.entity.spirit.DjinniEntity from class com.klikli_dev.occultism.common.entity.spirit.FoliotEntity
[04Mar2025 01:17:01.345] [main/WARN] [net.minecraft.network.syncher.SynchedEntityData/]: defineId called for: class net.minecraft.world.entity.boss.wither.WitherBoss from class yesman.epicfight.world.capabilities.entitypatch.boss.WitherPatch
[04Mar2025 01:17:01.358] [main/WARN] [net.minecraft.network.syncher.SynchedEntityData/]: defineId called for: class net.minecraft.world.entity.boss.wither.WitherBoss from class yesman.epicfight.world.capabilities.entitypatch.boss.WitherPatch
[04Mar2025 01:17:01.359] [main/WARN] [net.minecraft.network.syncher.SynchedEntityData/]: defineId called for: class net.minecraft.world.entity.boss.wither.WitherBoss from class yesman.epicfight.world.capabilities.entitypatch.boss.WitherPatch
[04Mar2025 01:17:01.359] [main/WARN] [net.minecraft.network.syncher.SynchedEntityData/]: defineId called for: class net.minecraft.world.entity.boss.wither.WitherBoss from class yesman.epicfight.world.capabilities.entitypatch.boss.WitherPatch
[04Mar2025 01:17:01.359] [main/WARN] [net.minecraft.network.syncher.SynchedEntityData/]: defineId called for: class net.minecraft.world.entity.boss.wither.WitherBoss from class yesman.epicfight.world.capabilities.entitypatch.boss.WitherPatch
[04Mar2025 01:17:01.359] [main/WARN] [net.minecraft.network.syncher.SynchedEntityData/]: defineId called for: class net.minecraft.world.entity.boss.wither.WitherBoss from class yesman.epicfight.world.capabilities.entitypatch.boss.WitherPatch
[04Mar2025 01:17:01.359] [main/WARN] [net.minecraft.network.syncher.SynchedEntityData/]: defineId called for: class net.minecraft.world.entity.boss.wither.WitherBoss from class yesman.epicfight.world.capabilities.entitypatch.boss.WitherPatch
[04Mar2025 01:17:01.360] [main/WARN] [net.minecraft.network.syncher.SynchedEntityData/]: defineId called for: class net.minecraft.world.entity.boss.wither.WitherBoss from class yesman.epicfight.world.capabilities.entitypatch.boss.WitherPatch
[04Mar2025 01:17:01.360] [main/WARN] [net.minecraft.network.syncher.SynchedEntityData/]: defineId called for: class net.minecraft.world.entity.boss.wither.WitherBoss from class yesman.epicfight.world.capabilities.entitypatch.boss.WitherPatch
[04Mar2025 01:17:01.774] [modloading-worker-0/INFO] [Mystical Agriculture/]: Loaded 136 crops
[04Mar2025 01:17:01.774] [modloading-worker-0/INFO] [Mystical Agriculture/]: Loaded 6 crop tiers
[04Mar2025 01:17:01.774] [modloading-worker-0/INFO] [Mystical Agriculture/]: Loaded 2 crop types
[04Mar2025 01:17:01.774] [modloading-worker-0/INFO] [Mystical Agriculture/]: Loaded 55 augments
[04Mar2025 01:17:01.775] [modloading-worker-0/INFO] [Mystical Agriculture/]: Loaded 20 mob soul types
[04Mar2025 01:17:01.838] [Forge Version Check/INFO] [net.minecraftforge.fml.VersionChecker/]: [cyclopscore] Starting version check at https://raw.githubusercontent.com/CyclopsMC/Versions/master/forge_update/cyclops-core.json
[04Mar2025 01:17:01.840] [modloading-worker-0/INFO] [evilcraft/]: Registered packet handler.
[04Mar2025 01:17:02.257] [modloading-worker-0/INFO] [com.klikli_dev.occultism.Occultism/]: Common setup complete.
[04Mar2025 01:17:02.885] [Forge Version Check/INFO] [net.minecraftforge.fml.VersionChecker/]: [cyclopscore] Found status: OUTDATED Current: 1.19.6 Target: 1.19.7
[04Mar2025 01:17:02.886] [Forge Version Check/INFO] [net.minecraftforge.fml.VersionChecker/]: [evilcraft] Starting version check at https://raw.githubusercontent.com/CyclopsMC/Versions/master/forge_update/evilcraft.json
[04Mar2025 01:17:02.900] [Forge Version Check/INFO] [net.minecraftforge.fml.VersionChecker/]: [evilcraft] Found status: UP_TO_DATE Current: 1.2.51 Target: null
[04Mar2025 01:17:02.901] [Forge Version Check/INFO] [net.minecraftforge.fml.VersionChecker/]: [forge] Starting version check at https://files.minecraftforge.net/net/minecraftforge/forge/promotions_slim.json
[04Mar2025 01:17:03.034] [Forge Version Check/INFO] [net.minecraftforge.fml.VersionChecker/]: [forge] Found status: OUTDATED Current: 47.3.7 Target: 47.3.33
[04Mar2025 01:17:03.035] [Forge Version Check/INFO] [net.minecraftforge.fml.VersionChecker/]: [twilightforest] Starting version check at https://gh.tamaized.com/TeamTwilight/twilightforest/update.json
[04Mar2025 01:17:03.036] [main/INFO] [terrablender/]: Registered region minecraft:overworld to index 0 for type OVERWORLD
[04Mar2025 01:17:03.037] [main/INFO] [terrablender/]: Registered region minecraft:nether to index 0 for type NETHER
[04Mar2025 01:17:03.039] [main/INFO] [terrablender/]: Registered region biomesoplenty:overworld_primary to index 1 for type OVERWORLD
[04Mar2025 01:17:03.040] [main/INFO] [terrablender/]: Registered region biomesoplenty:overworld_secondary to index 2 for type OVERWORLD
[04Mar2025 01:17:03.042] [main/INFO] [terrablender/]: Registered region biomesoplenty:overworld_rare to index 3 for type OVERWORLD
[04Mar2025 01:17:03.043] [main/INFO] [terrablender/]: Registered region biomesoplenty:nether_common to index 1 for type NETHER
[04Mar2025 01:17:03.051] [main/INFO] [terrablender/]: Registered region biomesoplenty:nether_rare to index 2 for type NETHER
[04Mar2025 01:17:03.162] [Forge Version Check/INFO] [net.minecraftforge.fml.VersionChecker/]: [twilightforest] Found status: AHEAD Current: 4.3.2508 Target: null
[04Mar2025 01:17:03.162] [Forge Version Check/INFO] [net.minecraftforge.fml.VersionChecker/]: [easy_villagers] Starting version check at https://update.maxhenkel.de/forge/easy_villagers
[04Mar2025 01:17:03.184] [main/INFO] [com.klikli_dev.occultism.Occultism/]: Registered compostable Items
[04Mar2025 01:17:03.203] [modloading-worker-0/INFO] [com.klikli_dev.occultism.Occultism/]: Dedicated server setup complete.
[04Mar2025 01:17:03.260] [modloading-worker-0/WARN] [minecolonies/]: Register mappings
[04Mar2025 01:17:03.678] [Forge Version Check/INFO] [net.minecraftforge.fml.VersionChecker/]: [easy_villagers] Found status: AHEAD Current: 1.20.1-1.1.23 Target: null
[04Mar2025 01:17:03.678] [Forge Version Check/INFO] [net.minecraftforge.fml.VersionChecker/]: [tombstone] Starting version check at https://raw.githubusercontent.com/Corail31/tombstone_lite/master/update.json
[04Mar2025 01:17:03.688] [Forge Version Check/INFO] [net.minecraftforge.fml.VersionChecker/]: [tombstone] Found status: OUTDATED Current: 8.9.0 Target: 8.9.1
[04Mar2025 01:17:03.689] [Forge Version Check/INFO] [net.minecraftforge.fml.VersionChecker/]: [occultism] Starting version check at https://raw.githubusercontent.com/klikli-dev/occultism/meta/updates.json
[04Mar2025 01:17:03.698] [Forge Version Check/INFO] [net.minecraftforge.fml.VersionChecker/]: [occultism] Found status: BETA Current: 1.141.2 Target: null
[04Mar2025 01:17:03.698] [Forge Version Check/INFO] [net.minecraftforge.fml.VersionChecker/]: [majruszsenchantments] Starting version check at https://raw.githubusercontent.com/Majrusz/MinecraftCommon/main/Enchantments/update.json
[04Mar2025 01:17:03.708] [Forge Version Check/INFO] [net.minecraftforge.fml.VersionChecker/]: [majruszsenchantments] Found status: UP_TO_DATE Current: 1.10.8 Target: null
[04Mar2025 01:17:03.708] [Forge Version Check/INFO] [net.minecraftforge.fml.VersionChecker/]: [majruszlibrary] Starting version check at https://raw.githubusercontent.com/Majrusz/MinecraftCommon/main/Library/update.json
[04Mar2025 01:17:03.721] [Forge Version Check/INFO] [net.minecraftforge.fml.VersionChecker/]: [majruszlibrary] Found status: AHEAD Current: 7.0.8 Target: null
[04Mar2025 01:17:14.936] [main/INFO] [com.mojang.authlib.yggdrasil.YggdrasilAuthenticationService/]: Environment: authHost='https://authserver.mojang.com', accountsHost='https://api.mojang.com', sessionHost='https://sessionserver.mojang.com', servicesHost='https://api.minecraftservices.com', name='PROD'
[04Mar2025 01:17:23.874] [main/WARN] [net.minecraft.server.packs.VanillaPackResourcesBuilder/]: Assets URL 'union:/workspaces/panaserver2.0/servidor_minecraft/libraries/net/minecraft/server/1.20.1-20230612.114412/server-1.20.1-20230612.114412-srg.jar%23197!/assets/.mcassetsroot' uses unexpected schema
[04Mar2025 01:17:23.874] [main/WARN] [net.minecraft.server.packs.VanillaPackResourcesBuilder/]: Assets URL 'union:/workspaces/panaserver2.0/servidor_minecraft/libraries/net/minecraft/server/1.20.1-20230612.114412/server-1.20.1-20230612.114412-srg.jar%23197!/data/.mcassetsroot' uses unexpected schema
[04Mar2025 01:17:30.435] [Worker-Main-3/WARN] [artifacts.Artifacts/]: Tag entries for curios:tags/items/magic_book.json cleared by tombstone-1.20.1-8.9.0.jar
[04Mar2025 01:17:31.790] [Worker-Main-1/INFO] [epicfight/]: Register animations from epicfight
[04Mar2025 01:17:40.886] [main/WARN] [net.minecraft.world.level.storage.loot.LootDataManager/]: Datapack tried to redefine minecraft:empty loot table, ignoring
[04Mar2025 01:17:40.994] [main/WARN] [net.minecraft.world.level.storage.loot.LootDataManager/]: Found loot table element validation problem in {loot_tables:minecraft:entities/villager}.pools[0].entries[0].functions[1]: Parameters [<parameter minecraft:tool>] are not provided in this context
[04Mar2025 01:17:40.995] [main/INFO] [Cucumber Library/]: Registered 0 recipes in 0 ms
[04Mar2025 01:17:41.068] [main/ERROR] [net.minecraft.world.item.crafting.RecipeManager/]: Parsing error loading recipe rpgsmw:bk
com.google.gson.JsonSyntaxException: Unknown item 'rpgsmw:deleted_mod_element'
	at net.minecraftforge.common.crafting.CraftingHelper.getItem(CraftingHelper.java:160) ~[forge-1.20.1-47.3.7-universal.jar%23202!/:?]
	at net.minecraftforge.common.crafting.CraftingHelper.getItemStack(CraftingHelper.java:186) ~[forge-1.20.1-47.3.7-universal.jar%23202!/:?]
	at net.minecraft.world.item.crafting.ShapedRecipe.m_151274_(ShapedRecipe.java:286) ~[server-1.20.1-20230612.114412-srg.jar%23197!/:?]
	at net.minecraft.world.item.crafting.ShapedRecipe$Serializer.m_6729_(ShapedRecipe.java:311) ~[server-1.20.1-20230612.114412-srg.jar%23197!/:?]
	at net.minecraft.world.item.crafting.ShapedRecipe$Serializer.m_6729_(ShapedRecipe.java:301) ~[server-1.20.1-20230612.114412-srg.jar%23197!/:?]
	at net.minecraftforge.common.extensions.IForgeRecipeSerializer.fromJson(IForgeRecipeSerializer.java:23) ~[forge-1.20.1-47.3.7-universal.jar%23202!/:?]
	at net.minecraft.world.item.crafting.RecipeManager.fromJson(RecipeManager.java:171) ~[server-1.20.1-20230612.114412-srg.jar%23197!/:?]
	at net.minecraft.world.item.crafting.RecipeManager.m_5787_(RecipeManager.java:67) ~[server-1.20.1-20230612.114412-srg.jar%23197!/:?]
	at net.minecraft.world.item.crafting.RecipeManager.m_5787_(RecipeManager.java:34) ~[server-1.20.1-20230612.114412-srg.jar%23197!/:?]
	at net.minecraft.server.packs.resources.SimplePreparableReloadListener.m_10789_(SimplePreparableReloadListener.java:13) ~[server-1.20.1-20230612.114412-srg.jar%23197!/:?]
	at java.util.concurrent.CompletableFuture$UniAccept.tryFire(CompletableFuture.java:718) ~[?:?]
	at java.util.concurrent.CompletableFuture$Completion.run(CompletableFuture.java:482) ~[?:?]
	at net.minecraft.server.packs.resources.SimpleReloadInstance.m_143940_(SimpleReloadInstance.java:69) ~[server-1.20.1-20230612.114412-srg.jar%23197!/:?]
	at net.minecraft.Util.m_214652_(Util.java:783) ~[server-1.20.1-20230612.114412-srg.jar%23197!/:?]
	at net.minecraft.Util.m_214679_(Util.java:772) ~[server-1.20.1-20230612.114412-srg.jar%23197!/:?]
	at net.minecraft.server.Main.main(Main.java:166) ~[server-1.20.1-20230612.114412-srg.jar%23197!/:?]
	at jdk.internal.reflect.NativeMethodAccessorImpl.invoke0(Native Method) ~[?:?]
	at jdk.internal.reflect.NativeMethodAccessorImpl.invoke(NativeMethodAccessorImpl.java:77) ~[?:?]
	at jdk.internal.reflect.DelegatingMethodAccessorImpl.invoke(DelegatingMethodAccessorImpl.java:43) ~[?:?]
	at java.lang.reflect.Method.invoke(Method.java:569) ~[?:?]
	at net.minecraftforge.fml.loading.targets.CommonLaunchHandler.runTarget(CommonLaunchHandler.java:111) ~[fmlloader-1.20.1-47.3.7.jar%2369!/:?]
	at net.minecraftforge.fml.loading.targets.CommonLaunchHandler.serverService(CommonLaunchHandler.java:103) ~[fmlloader-1.20.1-47.3.7.jar%2369!/:?]
	at net.minecraftforge.fml.loading.targets.CommonServerLaunchHandler.lambda$makeService$0(CommonServerLaunchHandler.java:27) ~[fmlloader-1.20.1-47.3.7.jar%2369!/:?]
	at cpw.mods.modlauncher.LaunchServiceHandlerDecorator.launch(LaunchServiceHandlerDecorator.java:30) ~[modlauncher-10.0.9.jar%2355!/:?]
	at cpw.mods.modlauncher.LaunchServiceHandler.launch(LaunchServiceHandler.java:53) ~[modlauncher-10.0.9.jar%2355!/:?]
	at cpw.mods.modlauncher.LaunchServiceHandler.launch(LaunchServiceHandler.java:71) ~[modlauncher-10.0.9.jar%2355!/:?]
	at cpw.mods.modlauncher.Launcher.run(Launcher.java:108) ~[modlauncher-10.0.9.jar%2355!/:?]
	at cpw.mods.modlauncher.Launcher.main(Launcher.java:78) ~[modlauncher-10.0.9.jar%2355!/:?]
	at cpw.mods.modlauncher.BootstrapLaunchConsumer.accept(BootstrapLaunchConsumer.java:26) ~[modlauncher-10.0.9.jar%2355!/:?]
	at cpw.mods.modlauncher.BootstrapLaunchConsumer.accept(BootstrapLaunchConsumer.java:23) ~[modlauncher-10.0.9.jar%2355!/:?]
	at cpw.mods.bootstraplauncher.BootstrapLauncher.main(BootstrapLauncher.java:141) ~[bootstraplauncher-1.1.2.jar:?]
[04Mar2025 01:17:41.135] [main/INFO] [net.minecraft.world.item.crafting.RecipeManager/]: Skipping loading recipe twilightforest:jeed/frosted as it's serializer returned null
[04Mar2025 01:17:41.138] [main/ERROR] [net.minecraft.world.item.crafting.RecipeManager/]: Parsing error loading recipe rpgsmw:pb
com.google.gson.JsonSyntaxException: Unknown item 'rpgsmw:deleted_mod_element'
	at net.minecraftforge.common.crafting.CraftingHelper.getItem(CraftingHelper.java:160) ~[forge-1.20.1-47.3.7-universal.jar%23202!/:?]
	at net.minecraftforge.common.crafting.CraftingHelper.getItemStack(CraftingHelper.java:186) ~[forge-1.20.1-47.3.7-universal.jar%23202!/:?]
	at net.minecraft.world.item.crafting.ShapedRecipe.m_151274_(ShapedRecipe.java:286) ~[server-1.20.1-20230612.114412-srg.jar%23197!/:?]
	at net.minecraft.world.item.crafting.ShapedRecipe$Serializer.m_6729_(ShapedRecipe.java:311) ~[server-1.20.1-20230612.114412-srg.jar%23197!/:?]
	at net.minecraft.world.item.crafting.ShapedRecipe$Serializer.m_6729_(ShapedRecipe.java:301) ~[server-1.20.1-20230612.114412-srg.jar%23197!/:?]
	at net.minecraftforge.common.extensions.IForgeRecipeSerializer.fromJson(IForgeRecipeSerializer.java:23) ~[forge-1.20.1-47.3.7-universal.jar%23202!/:?]
	at net.minecraft.world.item.crafting.RecipeManager.fromJson(RecipeManager.java:171) ~[server-1.20.1-20230612.114412-srg.jar%23197!/:?]
	at net.minecraft.world.item.crafting.RecipeManager.m_5787_(RecipeManager.java:67) ~[server-1.20.1-20230612.114412-srg.jar%23197!/:?]
	at net.minecraft.world.item.crafting.RecipeManager.m_5787_(RecipeManager.java:34) ~[server-1.20.1-20230612.114412-srg.jar%23197!/:?]
	at net.minecraft.server.packs.resources.SimplePreparableReloadListener.m_10789_(SimplePreparableReloadListener.java:13) ~[server-1.20.1-20230612.114412-srg.jar%23197!/:?]
	at java.util.concurrent.CompletableFuture$UniAccept.tryFire(CompletableFuture.java:718) ~[?:?]
	at java.util.concurrent.CompletableFuture$Completion.run(CompletableFuture.java:482) ~[?:?]
	at net.minecraft.server.packs.resources.SimpleReloadInstance.m_143940_(SimpleReloadInstance.java:69) ~[server-1.20.1-20230612.114412-srg.jar%23197!/:?]
	at net.minecraft.Util.m_214652_(Util.java:783) ~[server-1.20.1-20230612.114412-srg.jar%23197!/:?]
	at net.minecraft.Util.m_214679_(Util.java:772) ~[server-1.20.1-20230612.114412-srg.jar%23197!/:?]
	at net.minecraft.server.Main.main(Main.java:166) ~[server-1.20.1-20230612.114412-srg.jar%23197!/:?]
	at jdk.internal.reflect.NativeMethodAccessorImpl.invoke0(Native Method) ~[?:?]
	at jdk.internal.reflect.NativeMethodAccessorImpl.invoke(NativeMethodAccessorImpl.java:77) ~[?:?]
	at jdk.internal.reflect.DelegatingMethodAccessorImpl.invoke(DelegatingMethodAccessorImpl.java:43) ~[?:?]
	at java.lang.reflect.Method.invoke(Method.java:569) ~[?:?]
	at net.minecraftforge.fml.loading.targets.CommonLaunchHandler.runTarget(CommonLaunchHandler.java:111) ~[fmlloader-1.20.1-47.3.7.jar%2369!/:?]
	at net.minecraftforge.fml.loading.targets.CommonLaunchHandler.serverService(CommonLaunchHandler.java:103) ~[fmlloader-1.20.1-47.3.7.jar%2369!/:?]
	at net.minecraftforge.fml.loading.targets.CommonServerLaunchHandler.lambda$makeService$0(CommonServerLaunchHandler.java:27) ~[fmlloader-1.20.1-47.3.7.jar%2369!/:?]
	at cpw.mods.modlauncher.LaunchServiceHandlerDecorator.launch(LaunchServiceHandlerDecorator.java:30) ~[modlauncher-10.0.9.jar%2355!/:?]
	at cpw.mods.modlauncher.LaunchServiceHandler.launch(LaunchServiceHandler.java:53) ~[modlauncher-10.0.9.jar%2355!/:?]
	at cpw.mods.modlauncher.LaunchServiceHandler.launch(LaunchServiceHandler.java:71) ~[modlauncher-10.0.9.jar%2355!/:?]
	at cpw.mods.modlauncher.Launcher.run(Launcher.java:108) ~[modlauncher-10.0.9.jar%2355!/:?]
	at cpw.mods.modlauncher.Launcher.main(Launcher.java:78) ~[modlauncher-10.0.9.jar%2355!/:?]
	at cpw.mods.modlauncher.BootstrapLaunchConsumer.accept(BootstrapLaunchConsumer.java:26) ~[modlauncher-10.0.9.jar%2355!/:?]
	at cpw.mods.modlauncher.BootstrapLaunchConsumer.accept(BootstrapLaunchConsumer.java:23) ~[modlauncher-10.0.9.jar%2355!/:?]
	at cpw.mods.bootstraplauncher.BootstrapLauncher.main(BootstrapLauncher.java:141) ~[bootstraplauncher-1.1.2.jar:?]
[04Mar2025 01:17:41.158] [main/INFO] [net.minecraft.world.item.crafting.RecipeManager/]: Skipping loading recipe twilightforest:jeed/hunger as it's serializer returned null
[04Mar2025 01:17:41.251] [main/INFO] [net.minecraft.world.item.crafting.RecipeManager/]: Skipping loading recipe twilightforest:jeed/blindness as it's serializer returned null
[04Mar2025 01:17:41.268] [main/ERROR] [net.minecraft.world.item.crafting.RecipeManager/]: Parsing error loading recipe rpgsmw:b
com.google.gson.JsonSyntaxException: Unknown item 'rpgsmw:deleted_mod_element'
	at net.minecraftforge.common.crafting.CraftingHelper.getItem(CraftingHelper.java:160) ~[forge-1.20.1-47.3.7-universal.jar%23202!/:?]
	at net.minecraftforge.common.crafting.CraftingHelper.getItemStack(CraftingHelper.java:186) ~[forge-1.20.1-47.3.7-universal.jar%23202!/:?]
	at net.minecraft.world.item.crafting.ShapedRecipe.m_151274_(ShapedRecipe.java:286) ~[server-1.20.1-20230612.114412-srg.jar%23197!/:?]
	at net.minecraft.world.item.crafting.ShapelessRecipe$Serializer.m_6729_(ShapelessRecipe.java:95) ~[server-1.20.1-20230612.114412-srg.jar%23197!/:?]
	at net.minecraft.world.item.crafting.ShapelessRecipe$Serializer.m_6729_(ShapelessRecipe.java:84) ~[server-1.20.1-20230612.114412-srg.jar%23197!/:?]
	at net.minecraftforge.common.extensions.IForgeRecipeSerializer.fromJson(IForgeRecipeSerializer.java:23) ~[forge-1.20.1-47.3.7-universal.jar%23202!/:?]
	at net.minecraft.world.item.crafting.RecipeManager.fromJson(RecipeManager.java:171) ~[server-1.20.1-20230612.114412-srg.jar%23197!/:?]
	at net.minecraft.world.item.crafting.RecipeManager.m_5787_(RecipeManager.java:67) ~[server-1.20.1-20230612.114412-srg.jar%23197!/:?]
	at net.minecraft.world.item.crafting.RecipeManager.m_5787_(RecipeManager.java:34) ~[server-1.20.1-20230612.114412-srg.jar%23197!/:?]
	at net.minecraft.server.packs.resources.SimplePreparableReloadListener.m_10789_(SimplePreparableReloadListener.java:13) ~[server-1.20.1-20230612.114412-srg.jar%23197!/:?]
	at java.util.concurrent.CompletableFuture$UniAccept.tryFire(CompletableFuture.java:718) ~[?:?]
	at java.util.concurrent.CompletableFuture$Completion.run(CompletableFuture.java:482) ~[?:?]
	at net.minecraft.server.packs.resources.SimpleReloadInstance.m_143940_(SimpleReloadInstance.java:69) ~[server-1.20.1-20230612.114412-srg.jar%23197!/:?]
	at net.minecraft.Util.m_214652_(Util.java:783) ~[server-1.20.1-20230612.114412-srg.jar%23197!/:?]
	at net.minecraft.Util.m_214679_(Util.java:772) ~[server-1.20.1-20230612.114412-srg.jar%23197!/:?]
	at net.minecraft.server.Main.main(Main.java:166) ~[server-1.20.1-20230612.114412-srg.jar%23197!/:?]
	at jdk.internal.reflect.NativeMethodAccessorImpl.invoke0(Native Method) ~[?:?]
	at jdk.internal.reflect.NativeMethodAccessorImpl.invoke(NativeMethodAccessorImpl.java:77) ~[?:?]
	at jdk.internal.reflect.DelegatingMethodAccessorImpl.invoke(DelegatingMethodAccessorImpl.java:43) ~[?:?]
	at java.lang.reflect.Method.invoke(Method.java:569) ~[?:?]
	at net.minecraftforge.fml.loading.targets.CommonLaunchHandler.runTarget(CommonLaunchHandler.java:111) ~[fmlloader-1.20.1-47.3.7.jar%2369!/:?]
	at net.minecraftforge.fml.loading.targets.CommonLaunchHandler.serverService(CommonLaunchHandler.java:103) ~[fmlloader-1.20.1-47.3.7.jar%2369!/:?]
	at net.minecraftforge.fml.loading.targets.CommonServerLaunchHandler.lambda$makeService$0(CommonServerLaunchHandler.java:27) ~[fmlloader-1.20.1-47.3.7.jar%2369!/:?]
	at cpw.mods.modlauncher.LaunchServiceHandlerDecorator.launch(LaunchServiceHandlerDecorator.java:30) ~[modlauncher-10.0.9.jar%2355!/:?]
	at cpw.mods.modlauncher.LaunchServiceHandler.launch(LaunchServiceHandler.java:53) ~[modlauncher-10.0.9.jar%2355!/:?]
	at cpw.mods.modlauncher.LaunchServiceHandler.launch(LaunchServiceHandler.java:71) ~[modlauncher-10.0.9.jar%2355!/:?]
	at cpw.mods.modlauncher.Launcher.run(Launcher.java:108) ~[modlauncher-10.0.9.jar%2355!/:?]
	at cpw.mods.modlauncher.Launcher.main(Launcher.java:78) ~[modlauncher-10.0.9.jar%2355!/:?]
	at cpw.mods.modlauncher.BootstrapLaunchConsumer.accept(BootstrapLaunchConsumer.java:26) ~[modlauncher-10.0.9.jar%2355!/:?]
	at cpw.mods.modlauncher.BootstrapLaunchConsumer.accept(BootstrapLaunchConsumer.java:23) ~[modlauncher-10.0.9.jar%2355!/:?]
	at cpw.mods.bootstraplauncher.BootstrapLauncher.main(BootstrapLauncher.java:141) ~[bootstraplauncher-1.1.2.jar:?]
[04Mar2025 01:17:41.287] [main/INFO] [net.minecraft.world.item.crafting.RecipeManager/]: Skipping loading recipe twilightforest:jeed/poison as it's serializer returned null
[04Mar2025 01:17:41.322] [main/ERROR] [net.minecraft.world.item.crafting.RecipeManager/]: Parsing error loading recipe rpgsmw:nca
com.google.gson.JsonSyntaxException: Unknown item 'rpgsmw:deleted_mod_element'
	at net.minecraftforge.common.crafting.CraftingHelper.getItem(CraftingHelper.java:160) ~[forge-1.20.1-47.3.7-universal.jar%23202!/:?]
	at net.minecraftforge.common.crafting.CraftingHelper.getItemStack(CraftingHelper.java:186) ~[forge-1.20.1-47.3.7-universal.jar%23202!/:?]
	at net.minecraft.world.item.crafting.ShapedRecipe.m_151274_(ShapedRecipe.java:286) ~[server-1.20.1-20230612.114412-srg.jar%23197!/:?]
	at net.minecraft.world.item.crafting.ShapedRecipe$Serializer.m_6729_(ShapedRecipe.java:311) ~[server-1.20.1-20230612.114412-srg.jar%23197!/:?]
	at net.minecraft.world.item.crafting.ShapedRecipe$Serializer.m_6729_(ShapedRecipe.java:301) ~[server-1.20.1-20230612.114412-srg.jar%23197!/:?]
	at net.minecraftforge.common.extensions.IForgeRecipeSerializer.fromJson(IForgeRecipeSerializer.java:23) ~[forge-1.20.1-47.3.7-universal.jar%23202!/:?]
	at net.minecraft.world.item.crafting.RecipeManager.fromJson(RecipeManager.java:171) ~[server-1.20.1-20230612.114412-srg.jar%23197!/:?]
	at net.minecraft.world.item.crafting.RecipeManager.m_5787_(RecipeManager.java:67) ~[server-1.20.1-20230612.114412-srg.jar%23197!/:?]
	at net.minecraft.world.item.crafting.RecipeManager.m_5787_(RecipeManager.java:34) ~[server-1.20.1-20230612.114412-srg.jar%23197!/:?]
	at net.minecraft.server.packs.resources.SimplePreparableReloadListener.m_10789_(SimplePreparableReloadListener.java:13) ~[server-1.20.1-20230612.114412-srg.jar%23197!/:?]
	at java.util.concurrent.CompletableFuture$UniAccept.tryFire(CompletableFuture.java:718) ~[?:?]
	at java.util.concurrent.CompletableFuture$Completion.run(CompletableFuture.java:482) ~[?:?]
	at net.minecraft.server.packs.resources.SimpleReloadInstance.m_143940_(SimpleReloadInstance.java:69) ~[server-1.20.1-20230612.114412-srg.jar%23197!/:?]
	at net.minecraft.Util.m_214652_(Util.java:783) ~[server-1.20.1-20230612.114412-srg.jar%23197!/:?]
	at net.minecraft.Util.m_214679_(Util.java:772) ~[server-1.20.1-20230612.114412-srg.jar%23197!/:?]
	at net.minecraft.server.Main.main(Main.java:166) ~[server-1.20.1-20230612.114412-srg.jar%23197!/:?]
	at jdk.internal.reflect.NativeMethodAccessorImpl.invoke0(Native Method) ~[?:?]
	at jdk.internal.reflect.NativeMethodAccessorImpl.invoke(NativeMethodAccessorImpl.java:77) ~[?:?]
	at jdk.internal.reflect.DelegatingMethodAccessorImpl.invoke(DelegatingMethodAccessorImpl.java:43) ~[?:?]
	at java.lang.reflect.Method.invoke(Method.java:569) ~[?:?]
	at net.minecraftforge.fml.loading.targets.CommonLaunchHandler.runTarget(CommonLaunchHandler.java:111) ~[fmlloader-1.20.1-47.3.7.jar%2369!/:?]
	at net.minecraftforge.fml.loading.targets.CommonLaunchHandler.serverService(CommonLaunchHandler.java:103) ~[fmlloader-1.20.1-47.3.7.jar%2369!/:?]
	at net.minecraftforge.fml.loading.targets.CommonServerLaunchHandler.lambda$makeService$0(CommonServerLaunchHandler.java:27) ~[fmlloader-1.20.1-47.3.7.jar%2369!/:?]
	at cpw.mods.modlauncher.LaunchServiceHandlerDecorator.launch(LaunchServiceHandlerDecorator.java:30) ~[modlauncher-10.0.9.jar%2355!/:?]
	at cpw.mods.modlauncher.LaunchServiceHandler.launch(LaunchServiceHandler.java:53) ~[modlauncher-10.0.9.jar%2355!/:?]
	at cpw.mods.modlauncher.LaunchServiceHandler.launch(LaunchServiceHandler.java:71) ~[modlauncher-10.0.9.jar%2355!/:?]
	at cpw.mods.modlauncher.Launcher.run(Launcher.java:108) ~[modlauncher-10.0.9.jar%2355!/:?]
	at cpw.mods.modlauncher.Launcher.main(Launcher.java:78) ~[modlauncher-10.0.9.jar%2355!/:?]
	at cpw.mods.modlauncher.BootstrapLaunchConsumer.accept(BootstrapLaunchConsumer.java:26) ~[modlauncher-10.0.9.jar%2355!/:?]
	at cpw.mods.modlauncher.BootstrapLaunchConsumer.accept(BootstrapLaunchConsumer.java:23) ~[modlauncher-10.0.9.jar%2355!/:?]
	at cpw.mods.bootstraplauncher.BootstrapLauncher.main(BootstrapLauncher.java:141) ~[bootstraplauncher-1.1.2.jar:?]
[04Mar2025 01:17:41.326] [main/ERROR] [net.minecraft.world.item.crafting.RecipeManager/]: Parsing error loading recipe rpgsmw:ncc
com.google.gson.JsonSyntaxException: Unknown item 'rpgsmw:deleted_mod_element'
	at net.minecraftforge.common.crafting.CraftingHelper.getItem(CraftingHelper.java:160) ~[forge-1.20.1-47.3.7-universal.jar%23202!/:?]
	at net.minecraftforge.common.crafting.CraftingHelper.getItemStack(CraftingHelper.java:186) ~[forge-1.20.1-47.3.7-universal.jar%23202!/:?]
	at net.minecraft.world.item.crafting.ShapedRecipe.m_151274_(ShapedRecipe.java:286) ~[server-1.20.1-20230612.114412-srg.jar%23197!/:?]
	at net.minecraft.world.item.crafting.ShapedRecipe$Serializer.m_6729_(ShapedRecipe.java:311) ~[server-1.20.1-20230612.114412-srg.jar%23197!/:?]
	at net.minecraft.world.item.crafting.ShapedRecipe$Serializer.m_6729_(ShapedRecipe.java:301) ~[server-1.20.1-20230612.114412-srg.jar%23197!/:?]
	at net.minecraftforge.common.extensions.IForgeRecipeSerializer.fromJson(IForgeRecipeSerializer.java:23) ~[forge-1.20.1-47.3.7-universal.jar%23202!/:?]
	at net.minecraft.world.item.crafting.RecipeManager.fromJson(RecipeManager.java:171) ~[server-1.20.1-20230612.114412-srg.jar%23197!/:?]
	at net.minecraft.world.item.crafting.RecipeManager.m_5787_(RecipeManager.java:67) ~[server-1.20.1-20230612.114412-srg.jar%23197!/:?]
	at net.minecraft.world.item.crafting.RecipeManager.m_5787_(RecipeManager.java:34) ~[server-1.20.1-20230612.114412-srg.jar%23197!/:?]
	at net.minecraft.server.packs.resources.SimplePreparableReloadListener.m_10789_(SimplePreparableReloadListener.java:13) ~[server-1.20.1-20230612.114412-srg.jar%23197!/:?]
	at java.util.concurrent.CompletableFuture$UniAccept.tryFire(CompletableFuture.java:718) ~[?:?]
	at java.util.concurrent.CompletableFuture$Completion.run(CompletableFuture.java:482) ~[?:?]
	at net.minecraft.server.packs.resources.SimpleReloadInstance.m_143940_(SimpleReloadInstance.java:69) ~[server-1.20.1-20230612.114412-srg.jar%23197!/:?]
	at net.minecraft.Util.m_214652_(Util.java:783) ~[server-1.20.1-20230612.114412-srg.jar%23197!/:?]
	at net.minecraft.Util.m_214679_(Util.java:772) ~[server-1.20.1-20230612.114412-srg.jar%23197!/:?]
	at net.minecraft.server.Main.main(Main.java:166) ~[server-1.20.1-20230612.114412-srg.jar%23197!/:?]
	at jdk.internal.reflect.NativeMethodAccessorImpl.invoke0(Native Method) ~[?:?]
	at jdk.internal.reflect.NativeMethodAccessorImpl.invoke(NativeMethodAccessorImpl.java:77) ~[?:?]
	at jdk.internal.reflect.DelegatingMethodAccessorImpl.invoke(DelegatingMethodAccessorImpl.java:43) ~[?:?]
	at java.lang.reflect.Method.invoke(Method.java:569) ~[?:?]
	at net.minecraftforge.fml.loading.targets.CommonLaunchHandler.runTarget(CommonLaunchHandler.java:111) ~[fmlloader-1.20.1-47.3.7.jar%2369!/:?]
	at net.minecraftforge.fml.loading.targets.CommonLaunchHandler.serverService(CommonLaunchHandler.java:103) ~[fmlloader-1.20.1-47.3.7.jar%2369!/:?]
	at net.minecraftforge.fml.loading.targets.CommonServerLaunchHandler.lambda$makeService$0(CommonServerLaunchHandler.java:27) ~[fmlloader-1.20.1-47.3.7.jar%2369!/:?]
	at cpw.mods.modlauncher.LaunchServiceHandlerDecorator.launch(LaunchServiceHandlerDecorator.java:30) ~[modlauncher-10.0.9.jar%2355!/:?]
	at cpw.mods.modlauncher.LaunchServiceHandler.launch(LaunchServiceHandler.java:53) ~[modlauncher-10.0.9.jar%2355!/:?]
	at cpw.mods.modlauncher.LaunchServiceHandler.launch(LaunchServiceHandler.java:71) ~[modlauncher-10.0.9.jar%2355!/:?]
	at cpw.mods.modlauncher.Launcher.run(Launcher.java:108) ~[modlauncher-10.0.9.jar%2355!/:?]
	at cpw.mods.modlauncher.Launcher.main(Launcher.java:78) ~[modlauncher-10.0.9.jar%2355!/:?]
	at cpw.mods.modlauncher.BootstrapLaunchConsumer.accept(BootstrapLaunchConsumer.java:26) ~[modlauncher-10.0.9.jar%2355!/:?]
	at cpw.mods.modlauncher.BootstrapLaunchConsumer.accept(BootstrapLaunchConsumer.java:23) ~[modlauncher-10.0.9.jar%2355!/:?]
	at cpw.mods.bootstraplauncher.BootstrapLauncher.main(BootstrapLauncher.java:141) ~[bootstraplauncher-1.1.2.jar:?]
[04Mar2025 01:17:41.365] [main/INFO] [net.minecraft.world.item.crafting.RecipeManager/]: Skipping loading recipe twilightforest:jeed/resistance as it's serializer returned null
[04Mar2025 01:17:41.543] [main/INFO] [net.minecraft.world.item.crafting.RecipeManager/]: Skipping loading recipe twilightforest:jeed/regeneration as it's serializer returned null
[04Mar2025 01:17:41.545] [main/INFO] [net.minecraft.world.item.crafting.RecipeManager/]: Skipping loading recipe twilightforest:jeed/slowness as it's serializer returned null
[04Mar2025 01:17:41.565] [main/INFO] [net.minecraft.world.item.crafting.RecipeManager/]: Skipping loading recipe twilightforest:jeed/fire_resistance as it's serializer returned null
[04Mar2025 01:17:41.582] [main/INFO] [net.minecraft.world.item.crafting.RecipeManager/]: Loaded 40 recipes
[04Mar2025 01:17:42.239] [main/ERROR] [net.minecraft.advancements.AdvancementList/]: Couldn't load advancement terramity:ocarina_advancement: Task Advancement{parentId=terramity:prismatic_jewel_advancement, display=net.minecraft.advancements.DisplayInfo@496c3809, rewards=AdvancementRewards{experience=60, loot=[], recipes=[], function=net.minecraft.commands.CommandFunction$CacheableFunction@48fb2a6b}, criteria={ocarina_advancement_0=net.minecraft.advancements.Criterion@41e99e84}, requirements=[[ocarina_advancement_0]], sends_telemetry_event=false}
[04Mar2025 01:17:42.240] [main/ERROR] [net.minecraft.advancements.AdvancementList/]: Couldn't load advancement terramity:fairy_advancement: Task Advancement{parentId=terramity:deleted_mod_element, display=net.minecraft.advancements.DisplayInfo@746817ad, rewards=AdvancementRewards{experience=0, loot=[], recipes=[], function=net.minecraft.commands.CommandFunction$CacheableFunction@48fb2a6b}, criteria={fairy_advancement_0=net.minecraft.advancements.Criterion@7978ba1a}, requirements=[[fairy_advancement_0]], sends_telemetry_event=false}
[04Mar2025 01:17:42.240] [main/ERROR] [net.minecraft.advancements.AdvancementList/]: Couldn't load advancement terramity:frenzied_flame_advancement: Task Advancement{parentId=terramity:prismatic_jewel_advancement, display=net.minecraft.advancements.DisplayInfo@2fb67530, rewards=AdvancementRewards{experience=100, loot=[], recipes=[], function=net.minecraft.commands.CommandFunction$CacheableFunction@48fb2a6b}, criteria={frenzied_flame_advancement_0=net.minecraft.advancements.Criterion@13a2a2b6}, requirements=[[frenzied_flame_advancement_0]], sends_telemetry_event=false}
[04Mar2025 01:17:42.240] [main/ERROR] [net.minecraft.advancements.AdvancementList/]: Couldn't load advancement terramity:microcosm_advancement: Task Advancement{parentId=terramity:prismatic_jewel_advancement, display=net.minecraft.advancements.DisplayInfo@73de3378, rewards=AdvancementRewards{experience=20, loot=[], recipes=[], function=net.minecraft.commands.CommandFunction$CacheableFunction@48fb2a6b}, criteria={microcosm_advancement_0=net.minecraft.advancements.Criterion@756f88a7}, requirements=[[microcosm_advancement_0]], sends_telemetry_event=false}
[04Mar2025 01:17:42.240] [main/ERROR] [net.minecraft.advancements.AdvancementList/]: Couldn't load advancement terramity:opaline_moonstone_advancement: Task Advancement{parentId=terramity:prismatic_jewel_advancement, display=net.minecraft.advancements.DisplayInfo@679c4aad, rewards=AdvancementRewards{experience=20, loot=[], recipes=[], function=net.minecraft.commands.CommandFunction$CacheableFunction@48fb2a6b}, criteria={opaline_moonstone_advancement_0=net.minecraft.advancements.Criterion@6e3fdc49}, requirements=[[opaline_moonstone_advancement_0]], sends_telemetry_event=false}
[04Mar2025 01:17:42.240] [main/ERROR] [net.minecraft.advancements.AdvancementList/]: Couldn't load advancement terramity:prismatic_jewel_advancement: Task Advancement{parentId=terramity:fairy_advancement, display=net.minecraft.advancements.DisplayInfo@1a454ddc, rewards=AdvancementRewards{experience=0, loot=[], recipes=[], function=net.minecraft.commands.CommandFunction$CacheableFunction@48fb2a6b}, criteria={prismatic_jewel_advancement_0=net.minecraft.advancements.Criterion@a881749}, requirements=[[prismatic_jewel_advancement_0]], sends_telemetry_event=false}
[04Mar2025 01:17:42.240] [main/ERROR] [net.minecraft.advancements.AdvancementList/]: Couldn't load advancement terramity:angel_feather_advancement: Task Advancement{parentId=terramity:prismatic_jewel_advancement, display=net.minecraft.advancements.DisplayInfo@2aff658c, rewards=AdvancementRewards{experience=20, loot=[], recipes=[], function=net.minecraft.commands.CommandFunction$CacheableFunction@48fb2a6b}, criteria={angel_feather_advancement_0=net.minecraft.advancements.Criterion@60071dc5}, requirements=[[angel_feather_advancement_0]], sends_telemetry_event=false}
[04Mar2025 01:17:42.241] [main/INFO] [net.minecraft.advancements.AdvancementList/]: Loaded 4353 advancements
[04Mar2025 01:17:42.349] [main/INFO] [twilightforest/]: Loaded 9 Stalactite configs!
[04Mar2025 01:17:42.386] [main/INFO] [top.theillusivec4.curios.Curios/]: Loaded 13 curio slots
[04Mar2025 01:17:42.395] [main/ERROR] [top.theillusivec4.curios.Curios/]: talisman is not a registered slot type!
[04Mar2025 01:17:42.397] [main/INFO] [top.theillusivec4.curios.Curios/]: Loaded 10 curio entities
[04Mar2025 01:17:42.463] [main/INFO] [minecolonies/]: Beginning load of custom recipes for colony workers
[04Mar2025 01:17:42.481] [main/INFO] [minecolonies/]: Loaded 159 recipes for 16 crafters
[04Mar2025 01:17:42.482] [main/INFO] [minecolonies/]: Beginning load of research for University.
[04Mar2025 01:17:42.578] [main/INFO] [minecolonies/]: Loaded 202 recipes for 4 research branches
[04Mar2025 01:17:42.583] [main/INFO] [minecolonies/]: Loading quests from data
[04Mar2025 01:17:42.601] [main/INFO] [minecolonies/]: Finished loading quests from data
[04Mar2025 01:17:42.612] [main/WARN] [minecolonies/]: Read 1544 items with their nbt keys for compatibility.
[04Mar2025 01:17:42.615] [main/INFO] [botania/]: Loaded 30 Loonium configurations
[04Mar2025 01:17:42.657] [main/WARN] [net.minecraft.core.MappedRegistry/]: Not all defined tags for registry ResourceKey[minecraft:root / minecraft:worldgen/biome] are present in data pack: minecraft:is_plains
[04Mar2025 01:17:49.483] [main/INFO] [evilcraft/]: 19 Broom modifiers can be applied!
[04Mar2025 01:17:49.487] [main/INFO] [Cucumber Library/]: Loaded cucumber-tags.json in 1 ms
[04Mar2025 01:17:49.489] [main/INFO] [Mystical Agriculture/]: Recipe ingredient caching done in 1 ms
[04Mar2025 01:17:51.856] [main/INFO] [majruszlibrary/]: [majruszsenchantments.json] Reloading configuration file took 25 milliseconds
[04Mar2025 01:17:51.864] [main/INFO] [majruszlibrary/]: [majruszlibrary.json] Reloading configuration file took 7 milliseconds
[04Mar2025 01:17:51.868] [Server thread/INFO] [net.minecraft.server.dedicated.DedicatedServer/]: Starting minecraft server version 1.20.1
[04Mar2025 01:17:51.870] [Server thread/INFO] [net.minecraft.server.dedicated.DedicatedServer/]: Loading properties
[04Mar2025 01:17:51.871] [Server thread/INFO] [net.minecraft.server.dedicated.DedicatedServer/]: Default game type: SURVIVAL
[04Mar2025 01:17:51.872] [Server thread/INFO] [net.minecraft.server.MinecraftServer/]: Generating keypair
[04Mar2025 01:17:52.075] [Server thread/INFO] [net.minecraft.server.dedicated.DedicatedServer/]: Starting Minecraft server on *:25565
[04Mar2025 01:17:52.239] [Server thread/INFO] [net.minecraft.server.network.ServerConnectionListener/]: Using epoll channel type
[04Mar2025 01:17:52.555] [Server thread/WARN] [net.minecraft.server.dedicated.DedicatedServer/]: **** SERVER IS RUNNING IN OFFLINE/INSECURE MODE!
[04Mar2025 01:17:52.556] [Server thread/WARN] [net.minecraft.server.dedicated.DedicatedServer/]: The server will make no attempt to authenticate usernames. Beware.
[04Mar2025 01:17:52.557] [Server thread/WARN] [net.minecraft.server.dedicated.DedicatedServer/]: While this makes the game possible to play without internet access, it also opens up the ability for hackers to connect with any username they choose.
[04Mar2025 01:17:52.558] [Server thread/WARN] [net.minecraft.server.dedicated.DedicatedServer/]: To change this, set "online-mode" to "true" in the server.properties file.
[04Mar2025 01:17:54.150] [Server thread/INFO] [terrablender/]: Initialized TerraBlender biomes for level stem minecraft:overworld
[04Mar2025 01:17:54.162] [Server thread/INFO] [terrablender/]: Initialized TerraBlender biomes for level stem minecraft:the_nether
[04Mar2025 01:17:54.163] [Server thread/INFO] [net.minecraft.server.dedicated.DedicatedServer/]: Preparing level "world"
[04Mar2025 01:18:12.529] [Server thread/INFO] [net.minecraft.server.MinecraftServer/]: Preparing start region for dimension minecraft:overworld
[04Mar2025 01:18:15.246] [Worker-Main-2/INFO] [net.minecraft.server.level.progress.LoggerChunkProgressListener/]: Preparing spawn area: 0%
[04Mar2025 01:18:15.317] [Worker-Main-1/INFO] [net.minecraft.server.level.progress.LoggerChunkProgressListener/]: Preparing spawn area: 0%
[04Mar2025 01:18:15.352] [Worker-Main-1/INFO] [net.minecraft.server.level.progress.LoggerChunkProgressListener/]: Preparing spawn area: 0%
[04Mar2025 01:18:15.354] [Worker-Main-1/INFO] [net.minecraft.server.level.progress.LoggerChunkProgressListener/]: Preparing spawn area: 0%
[04Mar2025 01:18:15.371] [Worker-Main-3/INFO] [net.minecraft.server.level.progress.LoggerChunkProgressListener/]: Preparing spawn area: 0%
[04Mar2025 01:18:15.381] [Worker-Main-3/INFO] [net.minecraft.server.level.progress.LoggerChunkProgressListener/]: Preparing spawn area: 0%
[04Mar2025 01:18:18.441] [Worker-Main-1/INFO] [net.minecraft.server.level.progress.LoggerChunkProgressListener/]: Preparing spawn area: 0%
[04Mar2025 01:18:18.455] [Worker-Main-2/INFO] [net.minecraft.server.level.progress.LoggerChunkProgressListener/]: Preparing spawn area: 0%
[04Mar2025 01:18:19.062] [Worker-Main-1/INFO] [net.minecraft.server.level.progress.LoggerChunkProgressListener/]: Preparing spawn area: 0%
[04Mar2025 01:18:19.063] [Worker-Main-2/INFO] [net.minecraft.server.level.progress.LoggerChunkProgressListener/]: Preparing spawn area: 0%
[04Mar2025 01:18:19.064] [Worker-Main-1/INFO] [net.minecraft.server.level.progress.LoggerChunkProgressListener/]: Preparing spawn area: 0%
[04Mar2025 01:18:19.065] [Worker-Main-2/INFO] [net.minecraft.server.level.progress.LoggerChunkProgressListener/]: Preparing spawn area: 0%
[04Mar2025 01:18:19.070] [Worker-Main-1/INFO] [net.minecraft.server.level.progress.LoggerChunkProgressListener/]: Preparing spawn area: 0%
[04Mar2025 01:18:19.072] [Worker-Main-1/INFO] [net.minecraft.server.level.progress.LoggerChunkProgressListener/]: Preparing spawn area: 0%
[04Mar2025 01:18:21.313] [Worker-Main-2/INFO] [net.minecraft.server.level.progress.LoggerChunkProgressListener/]: Preparing spawn area: 0%
[04Mar2025 01:18:21.314] [Worker-Main-1/INFO] [net.minecraft.server.level.progress.LoggerChunkProgressListener/]: Preparing spawn area: 0%
[04Mar2025 01:18:21.315] [Worker-Main-2/INFO] [net.minecraft.server.level.progress.LoggerChunkProgressListener/]: Preparing spawn area: 0%
[04Mar2025 01:18:21.315] [Worker-Main-1/INFO] [net.minecraft.server.level.progress.LoggerChunkProgressListener/]: Preparing spawn area: 0%
[04Mar2025 01:18:21.531] [Worker-Main-1/INFO] [net.minecraft.server.level.progress.LoggerChunkProgressListener/]: Preparing spawn area: 0%
[04Mar2025 01:18:22.031] [Worker-Main-2/INFO] [net.minecraft.server.level.progress.LoggerChunkProgressListener/]: Preparing spawn area: 1%
[04Mar2025 01:18:22.532] [Worker-Main-1/INFO] [net.minecraft.server.level.progress.LoggerChunkProgressListener/]: Preparing spawn area: 65%
[04Mar2025 01:18:23.090] [Server thread/INFO] [net.minecraft.server.level.progress.LoggerChunkProgressListener/]: Time elapsed: 10560 ms
[04Mar2025 01:18:23.091] [Server thread/INFO] [net.minecraft.server.dedicated.DedicatedServer/]: Done (30.415s)! For help, type "help"
[04Mar2025 01:18:23.338] [Server thread/INFO] [net.minecraftforge.server.permission.PermissionAPI/]: Successfully initialized permission handler forge:default_handler
[04Mar2025 01:18:23.386] [Server thread/INFO] [cyclopscore/]: Loading infobook /data/cyclopscore/info/test.xml
[04Mar2025 01:18:23.415] [Server thread/INFO] [evilcraft/]: Loading infobook /data/evilcraft/info/book.xml
[04Mar2025 01:18:23.455] [Server thread/WARN] [evilcraft/]: Invalid appendix info_book.evilcraft.second_age.tools.broom from mod evilcraft in an infobook: The broom modifier evilcraft:witherer has no valid items
[04Mar2025 01:18:23.457] [Server thread/WARN] [evilcraft/]: Invalid appendix info_book.evilcraft.second_age.tools.broom from mod evilcraft in an infobook: The broom modifier evilcraft:hungerer has no valid items
[04Mar2025 01:18:23.457] [Server thread/WARN] [evilcraft/]: Invalid appendix info_book.evilcraft.second_age.tools.broom from mod evilcraft in an infobook: The broom modifier evilcraft:kamikaze has no valid items
[04Mar2025 01:18:23.457] [Server thread/WARN] [evilcraft/]: Invalid appendix info_book.evilcraft.second_age.tools.broom from mod evilcraft in an infobook: The broom modifier evilcraft:withershield has no valid items
[04Mar2025 01:18:23.535] [Server thread/INFO] [evilcraft/]: Skipped section info_book.evilcraftcompat.mod_integrations.jei due to unsatisfied mod condition.
[04Mar2025 01:18:24.071] [Server thread/INFO] [minecolonies/]: Finished discovering Ores 46 47
[04Mar2025 01:18:24.072] [Server thread/INFO] [minecolonies/]: Finished discovering saplings 69
[04Mar2025 01:18:24.072] [Server thread/INFO] [minecolonies/]: Finished discovering plantables 19
[04Mar2025 01:18:24.073] [Server thread/INFO] [minecolonies/]: Finished discovering food 315 342
[04Mar2025 01:18:24.073] [Server thread/INFO] [minecolonies/]: Finished discovering fuel 788
[04Mar2025 01:18:24.074] [Server thread/INFO] [minecolonies/]: Finished discovering flowers 133
[04Mar2025 01:18:24.074] [Server thread/INFO] [minecolonies/]: Finished discovering items 7980
[04Mar2025 01:18:24.075] [Server thread/INFO] [minecolonies/]: Finished discovering recruitment costs
[04Mar2025 01:18:24.077] [Server thread/INFO] [minecolonies/]: Finished discovering compostables 709
[04Mar2025 01:18:24.371] [Server thread/INFO] [patchouli/]: Sending reload packet to clients
[04Mar2025 01:18:40.355] [Server thread/INFO] [net.minecraft.server.players.PlayerList/]: MadaraUchiha2909[/172.23.164.249:60950] logged in with entity id 1155 at (-1503.7321146739032, 42.54481405553307, -709.3902711013969)
[04Mar2025 01:18:40.396] [Server thread/INFO] [Modonomicon/]: Building books ...
[04Mar2025 01:18:40.444] [Server thread/INFO] [Modonomicon/]: Books built.
[04Mar2025 01:18:40.747] [Server thread/INFO] [net.minecraft.server.MinecraftServer/]: MadaraUchiha2909 joined the game
[04Mar2025 01:18:41.221] [Server thread/INFO] [structurize/]: New Server UUID 93b7a9e7-3b41-49b0-859f-cce02dd522d5
[04Mar2025 01:18:43.440] [Server thread/WARN] [net.minecraft.server.MinecraftServer/]: Can't keep up! Is the server overloaded? Running 3268ms or 65 ticks behind
[04Mar2025 01:19:02.508] [Server thread/INFO] [net.minecraft.server.MinecraftServer/]: [Not Secure] <MadaraUchiha2909> asdw
[04Mar2025 01:19:33.792] [Server thread/INFO] [net.minecraft.server.network.ServerGamePacketListenerImpl/]: MadaraUchiha2909 lost connection: Timed out
[04Mar2025 01:19:33.798] [Server thread/INFO] [net.minecraft.server.MinecraftServer/]: MadaraUchiha2909 left the game
[04Mar2025 01:20:21.280] [Server thread/INFO] [net.minecraft.server.network.ServerLoginPacketListenerImpl/]: com.mojang.authlib.GameProfile@7c12128b[id=<null>,name=MadaraUchiha2909,properties={},legacy=false] (/172.23.164.249:60955) lost connection: Disconnected
[04Mar2025 01:20:51.161] [Server thread/INFO] [net.minecraft.server.players.PlayerList/]: MadaraUchiha2909[/172.23.164.249:60956] logged in with entity id 1675 at (-1532.5150992699412, 36.54481405553307, -735.1442693962115)
[04Mar2025 01:20:51.245] [Server thread/INFO] [net.minecraft.server.MinecraftServer/]: MadaraUchiha2909 joined the game
[04Mar2025 01:21:08.865] [Server thread/INFO] [net.minecraft.server.MinecraftServer/]: [Not Secure] <MadaraUchiha2909> sdw
[04Mar2025 01:21:10.589] [Server thread/INFO] [net.minecraft.server.MinecraftServer/]: [Not Secure] <MadaraUchiha2909> xddd
[04Mar2025 01:21:14.495] [Server thread/INFO] [net.minecraft.server.MinecraftServer/]: [Not Secure] <MadaraUchiha2909> waa
[04Mar2025 01:21:16.386] [Server thread/INFO] [net.minecraft.server.MinecraftServer/]: [Not Secure] <MadaraUchiha2909> yaaaa
[04Mar2025 01:21:20.083] [Server thread/INFO] [net.minecraft.server.MinecraftServer/]: [Not Secure] <MadaraUchiha2909> porfavoooooooor
[04Mar2025 01:21:32.731] [Server thread/INFO] [net.minecraft.server.network.ServerGamePacketListenerImpl/]: MadaraUchiha2909 lost connection: Timed out
[04Mar2025 01:21:32.731] [Server thread/INFO] [net.minecraft.server.MinecraftServer/]: MadaraUchiha2909 left the game
[04Mar2025 01:22:22.173] [Server thread/INFO] [net.minecraft.server.network.ServerLoginPacketListenerImpl/]: com.mojang.authlib.GameProfile@1cfe063[id=<null>,name=MadaraUchiha2909,properties={},legacy=false] (/172.23.164.249:60959) lost connection: Disconnected
[04Mar2025 01:23:02.023] [Server thread/INFO] [net.minecraft.server.network.ServerLoginPacketListenerImpl/]: com.mojang.authlib.GameProfile@6bf57f6d[id=<null>,name=MadaraUchiha2909,properties={},legacy=false] (/172.23.164.249:60960) lost connection: Disconnected
[04Mar2025 01:23:43.173] [Server thread/INFO] [net.minecraft.server.network.ServerLoginPacketListenerImpl/]: com.mojang.authlib.GameProfile@1fdc2eec[id=<null>,name=MadaraUchiha2909,properties={},legacy=false] (/172.23.164.249:60961) lost connection: Timed out
[04Mar2025 01:24:22.323] [Server thread/INFO] [net.minecraft.server.network.ServerLoginPacketListenerImpl/]: com.mojang.authlib.GameProfile@76ac856f[id=<null>,name=MadaraUchiha2909,properties={},legacy=false] (/172.23.164.249:60995) lost connection: Disconnected
[04Mar2025 01:24:42.054] [Server thread/INFO] [net.minecraft.server.players.PlayerList/]: MadaraUchiha2909[/172.23.164.249:61003] logged in with entity id 2037 at (-1532.5150992699412, 36.0, -735.1442693962115)
[04Mar2025 01:24:42.091] [Server thread/INFO] [net.minecraft.server.MinecraftServer/]: MadaraUchiha2909 joined the game
[04Mar2025 01:25:15.597] [Server thread/INFO] [net.minecraft.server.MinecraftServer/]: [Not Secure] <MadaraUchiha2909> asdw
[04Mar2025 01:25:17.284] [Server thread/INFO] [net.minecraft.server.MinecraftServer/]: [Not Secure] <MadaraUchiha2909> xd
[04Mar2025 01:25:24.065] [Worker-Main-27/WARN] [net.minecraft.world.entity.ai.attributes.AttributeMap/]: Ignoring unknown attribute 'reach-entity-attributes:reach'
[04Mar2025 01:25:24.688] [Worker-Main-27/WARN] [net.minecraft.world.entity.ai.attributes.AttributeMap/]: Ignoring unknown attribute 'reach-entity-attributes:reach'
[04Mar2025 01:25:24.694] [Worker-Main-27/WARN] [net.minecraft.world.entity.ai.attributes.AttributeMap/]: Ignoring unknown attribute 'reach-entity-attributes:reach'
[04Mar2025 01:25:24.802] [Worker-Main-25/WARN] [net.minecraft.world.entity.ai.attributes.AttributeMap/]: Ignoring unknown attribute 'reach-entity-attributes:reach'
[04Mar2025 01:25:24.804] [Worker-Main-25/WARN] [net.minecraft.world.entity.ai.attributes.AttributeMap/]: Ignoring unknown attribute 'reach-entity-attributes:reach'
[04Mar2025 01:25:24.845] [Worker-Main-25/WARN] [net.minecraft.world.entity.ai.attributes.AttributeMap/]: Ignoring unknown attribute 'reach-entity-attributes:reach'
[04Mar2025 01:25:24.867] [Worker-Main-25/WARN] [net.minecraft.world.entity.ai.attributes.AttributeMap/]: Ignoring unknown attribute 'reach-entity-attributes:reach'
[04Mar2025 01:25:24.868] [Worker-Main-25/WARN] [net.minecraft.world.entity.ai.attributes.AttributeMap/]: Ignoring unknown attribute 'reach-entity-attributes:reach'
[04Mar2025 01:25:24.870] [Worker-Main-25/WARN] [net.minecraft.world.entity.ai.attributes.AttributeMap/]: Ignoring unknown attribute 'reach-entity-attributes:reach'
[04Mar2025 01:25:24.871] [Worker-Main-25/WARN] [net.minecraft.world.entity.ai.attributes.AttributeMap/]: Ignoring unknown attribute 'reach-entity-attributes:reach'
[04Mar2025 01:25:25.255] [Worker-Main-26/WARN] [net.minecraft.world.entity.ai.attributes.AttributeMap/]: Ignoring unknown attribute 'reach-entity-attributes:reach'
[04Mar2025 01:25:25.256] [Worker-Main-26/WARN] [net.minecraft.world.entity.ai.attributes.AttributeMap/]: Ignoring unknown attribute 'reach-entity-attributes:reach'
[04Mar2025 01:25:26.788] [Worker-Main-37/WARN] [net.minecraft.world.entity.ai.attributes.AttributeMap/]: Ignoring unknown attribute 'reach-entity-attributes:reach'
[04Mar2025 01:25:30.622] [Server thread/WARN] [net.minecraft.server.network.ServerGamePacketListenerImpl/]: entity.evilcraft.broom (vehicle of MadaraUchiha2909) moved wrongly! 1.7617356530008692
[04Mar2025 01:25:30.645] [Server thread/WARN] [net.minecraft.server.network.ServerGamePacketListenerImpl/]: entity.evilcraft.broom (vehicle of MadaraUchiha2909) moved wrongly! 1.5652778041567217
[04Mar2025 01:25:30.645] [Server thread/WARN] [net.minecraft.server.network.ServerGamePacketListenerImpl/]: entity.evilcraft.broom (vehicle of MadaraUchiha2909) moved wrongly! 1.380311244008567
[04Mar2025 01:25:30.646] [Server thread/WARN] [net.minecraft.server.network.ServerGamePacketListenerImpl/]: entity.evilcraft.broom (vehicle of MadaraUchiha2909) moved wrongly! 1.2066324963006991
[04Mar2025 01:25:30.647] [Server thread/WARN] [net.minecraft.server.network.ServerGamePacketListenerImpl/]: entity.evilcraft.broom (vehicle of MadaraUchiha2909) moved wrongly! 1.0434846732929373
[04Mar2025 01:25:30.650] [Server thread/WARN] [net.minecraft.server.network.ServerGamePacketListenerImpl/]: entity.evilcraft.broom (vehicle of MadaraUchiha2909) moved wrongly! 0.8901097688161599
[04Mar2025 01:25:30.651] [Server thread/WARN] [net.minecraft.server.network.ServerGamePacketListenerImpl/]: entity.evilcraft.broom (vehicle of MadaraUchiha2909) moved wrongly! 0.7458013785876574
[04Mar2025 01:25:30.651] [Server thread/WARN] [net.minecraft.server.network.ServerGamePacketListenerImpl/]: entity.evilcraft.broom (vehicle of MadaraUchiha2909) moved wrongly! 0.6099071860929826
[04Mar2025 01:25:30.654] [Server thread/WARN] [net.minecraft.server.network.ServerGamePacketListenerImpl/]: entity.evilcraft.broom (vehicle of MadaraUchiha2909) moved wrongly! 0.4818261334452245
[04Mar2025 01:25:32.598] [Worker-Main-26/WARN] [net.minecraft.world.entity.ai.attributes.AttributeMap/]: Ignoring unknown attribute 'reach-entity-attributes:reach'
[04Mar2025 01:25:40.737] [Server thread/INFO] [net.minecraft.world.entity.npc.Villager/]: Villager Villager['Villager'/2409, l='ServerLevel[world]', x=-1751.30, y=19.00, z=-674.23] died, message: 'Villager suffocated in a wall'
[04Mar2025 01:25:40.742] [Server thread/INFO] [net.minecraft.world.entity.npc.Villager/]: Villager Villager['Villager'/2411, l='ServerLevel[world]', x=-1751.48, y=19.00, z=-675.57] died, message: 'Villager suffocated in a wall'
[04Mar2025 01:25:48.111] [Worker-Main-25/WARN] [net.minecraft.world.entity.ai.attributes.AttributeMap/]: Ignoring unknown attribute 'reach-entity-attributes:reach'
[04Mar2025 01:25:48.113] [Worker-Main-25/WARN] [net.minecraft.world.entity.ai.attributes.AttributeMap/]: Ignoring unknown attribute 'reach-entity-attributes:reach'
[04Mar2025 01:25:48.114] [Worker-Main-25/WARN] [net.minecraft.world.entity.ai.attributes.AttributeMap/]: Ignoring unknown attribute 'reach-entity-attributes:reach'
[04Mar2025 01:25:48.450] [Worker-Main-37/WARN] [net.minecraft.world.entity.ai.attributes.AttributeMap/]: Ignoring unknown attribute 'reach-entity-attributes:reach'
[04Mar2025 01:25:48.497] [Worker-Main-25/WARN] [net.minecraft.world.entity.ai.attributes.AttributeMap/]: Ignoring unknown attribute 'reach-entity-attributes:reach'
[04Mar2025 01:25:48.687] [Worker-Main-25/WARN] [net.minecraft.world.entity.ai.attributes.AttributeMap/]: Ignoring unknown attribute 'reach-entity-attributes:reach'
[04Mar2025 01:25:55.429] [Worker-Main-37/WARN] [net.minecraft.world.entity.ai.attributes.AttributeMap/]: Ignoring unknown attribute 'reach-entity-attributes:reach'
[04Mar2025 01:25:55.463] [Worker-Main-25/WARN] [net.minecraft.world.entity.ai.attributes.AttributeMap/]: Ignoring unknown attribute 'reach-entity-attributes:reach'
[04Mar2025 01:25:55.465] [Worker-Main-25/WARN] [net.minecraft.world.entity.ai.attributes.AttributeMap/]: Ignoring unknown attribute 'reach-entity-attributes:reach'
[04Mar2025 01:25:55.466] [Worker-Main-25/WARN] [net.minecraft.world.entity.ai.attributes.AttributeMap/]: Ignoring unknown attribute 'reach-entity-attributes:reach'
[04Mar2025 01:25:55.468] [Worker-Main-25/WARN] [net.minecraft.world.entity.ai.attributes.AttributeMap/]: Ignoring unknown attribute 'reach-entity-attributes:reach'
[04Mar2025 01:25:55.468] [Worker-Main-25/WARN] [net.minecraft.world.entity.ai.attributes.AttributeMap/]: Ignoring unknown attribute 'reach-entity-attributes:reach'
[04Mar2025 01:25:59.509] [Server thread/WARN] [net.minecraft.server.network.ServerGamePacketListenerImpl/]: entity.evilcraft.broom (vehicle of MadaraUchiha2909) moved wrongly! 1.1853172918081327
[04Mar2025 01:25:59.521] [Server thread/WARN] [net.minecraft.server.network.ServerGamePacketListenerImpl/]: entity.evilcraft.broom (vehicle of MadaraUchiha2909) moved wrongly! 0.5032434326506063
[04Mar2025 01:25:59.588] [Worker-Main-26/WARN] [net.minecraft.world.entity.ai.attributes.AttributeMap/]: Ignoring unknown attribute 'reach-entity-attributes:reach'
[04Mar2025 01:25:59.589] [Worker-Main-26/WARN] [net.minecraft.world.entity.ai.attributes.AttributeMap/]: Ignoring unknown attribute 'reach-entity-attributes:reach'
[04Mar2025 01:25:59.655] [Worker-Main-37/WARN] [net.minecraft.world.entity.ai.attributes.AttributeMap/]: Ignoring unknown attribute 'reach-entity-attributes:reach'
[04Mar2025 01:25:59.656] [Worker-Main-37/WARN] [net.minecraft.world.entity.ai.attributes.AttributeMap/]: Ignoring unknown attribute 'reach-entity-attributes:reach'
[04Mar2025 01:25:59.703] [Worker-Main-37/WARN] [net.minecraft.world.entity.ai.attributes.AttributeMap/]: Ignoring unknown attribute 'reach-entity-attributes:reach'
[04Mar2025 01:25:59.704] [Worker-Main-37/WARN] [net.minecraft.world.entity.ai.attributes.AttributeMap/]: Ignoring unknown attribute 'reach-entity-attributes:reach'
[04Mar2025 01:25:59.766] [Worker-Main-37/WARN] [net.minecraft.world.entity.ai.attributes.AttributeMap/]: Ignoring unknown attribute 'reach-entity-attributes:reach'
[04Mar2025 01:25:59.767] [Worker-Main-37/WARN] [net.minecraft.world.entity.ai.attributes.AttributeMap/]: Ignoring unknown attribute 'reach-entity-attributes:reach'
[04Mar2025 01:26:09.819] [Worker-Main-25/WARN] [net.minecraft.world.entity.ai.attributes.AttributeMap/]: Ignoring unknown attribute 'reach-entity-attributes:reach'
[04Mar2025 01:26:09.821] [Worker-Main-25/WARN] [net.minecraft.world.entity.ai.attributes.AttributeMap/]: Ignoring unknown attribute 'reach-entity-attributes:reach'
[04Mar2025 01:26:09.833] [Worker-Main-26/WARN] [net.minecraft.world.entity.ai.attributes.AttributeMap/]: Ignoring unknown attribute 'reach-entity-attributes:reach'
[04Mar2025 01:26:09.874] [Worker-Main-25/WARN] [net.minecraft.world.entity.ai.attributes.AttributeMap/]: Ignoring unknown attribute 'reach-entity-attributes:reach'
[04Mar2025 01:26:09.876] [Worker-Main-25/WARN] [net.minecraft.world.entity.ai.attributes.AttributeMap/]: Ignoring unknown attribute 'reach-entity-attributes:reach'
[04Mar2025 01:26:09.877] [Worker-Main-25/WARN] [net.minecraft.world.entity.ai.attributes.AttributeMap/]: Ignoring unknown attribute 'reach-entity-attributes:reach'
[04Mar2025 01:26:09.892] [Worker-Main-37/WARN] [net.minecraft.world.entity.ai.attributes.AttributeMap/]: Ignoring unknown attribute 'reach-entity-attributes:reach'
[04Mar2025 01:26:09.981] [Worker-Main-37/WARN] [net.minecraft.world.entity.ai.attributes.AttributeMap/]: Ignoring unknown attribute 'reach-entity-attributes:reach'
[04Mar2025 01:26:09.982] [Worker-Main-37/WARN] [net.minecraft.world.entity.ai.attributes.AttributeMap/]: Ignoring unknown attribute 'reach-entity-attributes:reach'
[04Mar2025 01:26:09.983] [Worker-Main-37/WARN] [net.minecraft.world.entity.ai.attributes.AttributeMap/]: Ignoring unknown attribute 'reach-entity-attributes:reach'
[04Mar2025 01:26:10.553] [Worker-Main-37/WARN] [net.minecraft.world.entity.ai.attributes.AttributeMap/]: Ignoring unknown attribute 'reach-entity-attributes:reach'
[04Mar2025 01:26:10.554] [Worker-Main-37/WARN] [net.minecraft.world.entity.ai.attributes.AttributeMap/]: Ignoring unknown attribute 'reach-entity-attributes:reach'
[04Mar2025 01:26:12.234] [Worker-Main-27/WARN] [net.minecraft.world.entity.ai.attributes.AttributeMap/]: Ignoring unknown attribute 'reach-entity-attributes:reach'
[04Mar2025 01:26:12.249] [Worker-Main-25/WARN] [net.minecraft.world.entity.ai.attributes.AttributeMap/]: Ignoring unknown attribute 'reach-entity-attributes:reach'
[04Mar2025 01:26:12.253] [Worker-Main-25/WARN] [net.minecraft.world.entity.ai.attributes.AttributeMap/]: Ignoring unknown attribute 'reach-entity-attributes:reach'
[04Mar2025 01:26:12.936] [Worker-Main-37/WARN] [net.minecraft.world.entity.ai.attributes.AttributeMap/]: Ignoring unknown attribute 'reach-entity-attributes:reach'
[04Mar2025 01:26:12.941] [Worker-Main-37/WARN] [net.minecraft.world.entity.ai.attributes.AttributeMap/]: Ignoring unknown attribute 'reach-entity-attributes:reach'
[04Mar2025 01:26:12.944] [Worker-Main-37/WARN] [net.minecraft.world.entity.ai.attributes.AttributeMap/]: Ignoring unknown attribute 'reach-entity-attributes:reach'
[04Mar2025 01:26:12.945] [Worker-Main-37/WARN] [net.minecraft.world.entity.ai.attributes.AttributeMap/]: Ignoring unknown attribute 'reach-entity-attributes:reach'
[04Mar2025 01:26:12.958] [Worker-Main-37/WARN] [net.minecraft.world.entity.ai.attributes.AttributeMap/]: Ignoring unknown attribute 'reach-entity-attributes:reach'
[04Mar2025 01:26:13.046] [Worker-Main-26/WARN] [net.minecraft.world.entity.ai.attributes.AttributeMap/]: Ignoring unknown attribute 'reach-entity-attributes:reach'
[04Mar2025 01:26:13.047] [Worker-Main-26/WARN] [net.minecraft.world.entity.ai.attributes.AttributeMap/]: Ignoring unknown attribute 'reach-entity-attributes:reach'
[04Mar2025 01:26:13.047] [Worker-Main-26/WARN] [net.minecraft.world.entity.ai.attributes.AttributeMap/]: Ignoring unknown attribute 'reach-entity-attributes:reach'
[04Mar2025 01:26:13.048] [Worker-Main-26/WARN] [net.minecraft.world.entity.ai.attributes.AttributeMap/]: Ignoring unknown attribute 'reach-entity-attributes:reach'
[04Mar2025 01:26:13.346] [Server thread/WARN] [net.minecraft.server.network.ServerGamePacketListenerImpl/]: entity.evilcraft.broom (vehicle of MadaraUchiha2909) moved too quickly! -1.9142616809938318,-1.1180426717448455,11.703365938258685
[04Mar2025 01:26:13.353] [Server thread/WARN] [net.minecraft.server.network.ServerGamePacketListenerImpl/]: entity.evilcraft.broom (vehicle of MadaraUchiha2909) moved too quickly! -1.7571410999148611,-1.016211869088437,10.669575363976833
[04Mar2025 01:26:13.393] [Server thread/WARN] [net.minecraft.server.network.ServerGamePacketListenerImpl/]: entity.evilcraft.broom (vehicle of MadaraUchiha2909) moved too quickly! -1.7753112998664164,-1.0121047656840858,10.681630480710282
[04Mar2025 01:26:13.780] [Worker-Main-37/WARN] [net.minecraft.world.entity.ai.attributes.AttributeMap/]: Ignoring unknown attribute 'reach-entity-attributes:reach'
[04Mar2025 01:26:13.917] [Worker-Main-37/WARN] [net.minecraft.world.entity.ai.attributes.AttributeMap/]: Ignoring unknown attribute 'reach-entity-attributes:reach'
[04Mar2025 01:26:13.919] [Worker-Main-37/WARN] [net.minecraft.world.entity.ai.attributes.AttributeMap/]: Ignoring unknown attribute 'reach-entity-attributes:reach'
[04Mar2025 01:26:13.919] [Worker-Main-37/WARN] [net.minecraft.world.entity.ai.attributes.AttributeMap/]: Ignoring unknown attribute 'reach-entity-attributes:reach'
[04Mar2025 01:26:13.921] [Worker-Main-37/WARN] [net.minecraft.world.entity.ai.attributes.AttributeMap/]: Ignoring unknown attribute 'reach-entity-attributes:reach'
[04Mar2025 01:26:13.921] [Worker-Main-37/WARN] [net.minecraft.world.entity.ai.attributes.AttributeMap/]: Ignoring unknown attribute 'reach-entity-attributes:reach'
[04Mar2025 01:26:13.936] [Worker-Main-27/WARN] [net.minecraft.world.entity.ai.attributes.AttributeMap/]: Ignoring unknown attribute 'reach-entity-attributes:reach'
[04Mar2025 01:26:13.938] [Worker-Main-27/WARN] [net.minecraft.world.entity.ai.attributes.AttributeMap/]: Ignoring unknown attribute 'reach-entity-attributes:reach'
[04Mar2025 01:26:14.426] [Worker-Main-26/WARN] [net.minecraft.world.entity.ai.attributes.AttributeMap/]: Ignoring unknown attribute 'reach-entity-attributes:reach'
[04Mar2025 01:26:14.441] [Worker-Main-27/WARN] [net.minecraft.world.entity.ai.attributes.AttributeMap/]: Ignoring unknown attribute 'reach-entity-attributes:reach'
[04Mar2025 01:26:14.441] [Worker-Main-27/WARN] [net.minecraft.world.entity.ai.attributes.AttributeMap/]: Ignoring unknown attribute 'reach-entity-attributes:reach'
[04Mar2025 01:26:14.451] [Worker-Main-37/WARN] [net.minecraft.world.entity.ai.attributes.AttributeMap/]: Ignoring unknown attribute 'reach-entity-attributes:reach'
[04Mar2025 01:26:14.452] [Worker-Main-37/WARN] [net.minecraft.world.entity.ai.attributes.AttributeMap/]: Ignoring unknown attribute 'reach-entity-attributes:reach'
[04Mar2025 01:26:14.777] [Worker-Main-27/WARN] [net.minecraft.world.entity.ai.attributes.AttributeMap/]: Ignoring unknown attribute 'reach-entity-attributes:reach'
[04Mar2025 01:26:14.777] [Worker-Main-27/WARN] [net.minecraft.world.entity.ai.attributes.AttributeMap/]: Ignoring unknown attribute 'reach-entity-attributes:reach'
[04Mar2025 01:26:14.799] [Worker-Main-26/WARN] [net.minecraft.world.entity.ai.attributes.AttributeMap/]: Ignoring unknown attribute 'reach-entity-attributes:reach'
[04Mar2025 01:26:14.836] [Worker-Main-25/WARN] [net.minecraft.world.entity.ai.attributes.AttributeMap/]: Ignoring unknown attribute 'reach-entity-attributes:reach'
[04Mar2025 01:26:14.910] [Worker-Main-25/WARN] [net.minecraft.world.entity.ai.attributes.AttributeMap/]: Ignoring unknown attribute 'reach-entity-attributes:reach'
[04Mar2025 01:26:14.911] [Worker-Main-25/WARN] [net.minecraft.world.entity.ai.attributes.AttributeMap/]: Ignoring unknown attribute 'reach-entity-attributes:reach'
[04Mar2025 01:26:14.972] [Worker-Main-26/WARN] [net.minecraft.world.entity.ai.attributes.AttributeMap/]: Ignoring unknown attribute 'reach-entity-attributes:reach'
[04Mar2025 01:26:14.973] [Worker-Main-26/WARN] [net.minecraft.world.entity.ai.attributes.AttributeMap/]: Ignoring unknown attribute 'reach-entity-attributes:reach'
[04Mar2025 01:26:14.973] [Worker-Main-26/WARN] [net.minecraft.world.entity.ai.attributes.AttributeMap/]: Ignoring unknown attribute 'reach-entity-attributes:reach'
[04Mar2025 01:26:14.973] [Worker-Main-26/WARN] [net.minecraft.world.entity.ai.attributes.AttributeMap/]: Ignoring unknown attribute 'reach-entity-attributes:reach'
[04Mar2025 01:26:15.071] [Worker-Main-25/WARN] [net.minecraft.world.entity.ai.attributes.AttributeMap/]: Ignoring unknown attribute 'reach-entity-attributes:reach'
[04Mar2025 01:26:15.072] [Worker-Main-25/WARN] [net.minecraft.world.entity.ai.attributes.AttributeMap/]: Ignoring unknown attribute 'reach-entity-attributes:reach'
[04Mar2025 01:26:15.085] [Worker-Main-37/WARN] [net.minecraft.world.entity.ai.attributes.AttributeMap/]: Ignoring unknown attribute 'reach-entity-attributes:reach'
[04Mar2025 01:26:15.102] [Worker-Main-37/WARN] [net.minecraft.world.entity.ai.attributes.AttributeMap/]: Ignoring unknown attribute 'reach-entity-attributes:reach'
[04Mar2025 01:26:15.104] [Worker-Main-37/WARN] [net.minecraft.world.entity.ai.attributes.AttributeMap/]: Ignoring unknown attribute 'reach-entity-attributes:reach'
[04Mar2025 01:26:15.105] [Worker-Main-37/WARN] [net.minecraft.world.entity.ai.attributes.AttributeMap/]: Ignoring unknown attribute 'reach-entity-attributes:reach'
[04Mar2025 01:26:15.106] [Worker-Main-37/WARN] [net.minecraft.world.entity.ai.attributes.AttributeMap/]: Ignoring unknown attribute 'reach-entity-attributes:reach'
[04Mar2025 01:26:15.107] [Worker-Main-37/WARN] [net.minecraft.world.entity.ai.attributes.AttributeMap/]: Ignoring unknown attribute 'reach-entity-attributes:reach'
[04Mar2025 01:26:15.733] [Worker-Main-25/WARN] [net.minecraft.world.entity.ai.attributes.AttributeMap/]: Ignoring unknown attribute 'reach-entity-attributes:reach'
[04Mar2025 01:26:15.810] [Worker-Main-26/WARN] [net.minecraft.world.entity.ai.attributes.AttributeMap/]: Ignoring unknown attribute 'reach-entity-attributes:reach'
[04Mar2025 01:26:15.811] [Worker-Main-26/WARN] [net.minecraft.world.entity.ai.attributes.AttributeMap/]: Ignoring unknown attribute 'reach-entity-attributes:reach'
[04Mar2025 01:26:16.046] [Worker-Main-25/WARN] [net.minecraft.world.entity.ai.attributes.AttributeMap/]: Ignoring unknown attribute 'reach-entity-attributes:reach'
[04Mar2025 01:26:16.048] [Worker-Main-25/WARN] [net.minecraft.world.entity.ai.attributes.AttributeMap/]: Ignoring unknown attribute 'reach-entity-attributes:reach'
[04Mar2025 01:26:16.049] [Worker-Main-25/WARN] [net.minecraft.world.entity.ai.attributes.AttributeMap/]: Ignoring unknown attribute 'reach-entity-attributes:reach'
[04Mar2025 01:26:16.050] [Worker-Main-25/WARN] [net.minecraft.world.entity.ai.attributes.AttributeMap/]: Ignoring unknown attribute 'reach-entity-attributes:reach'
[04Mar2025 01:26:17.011] [Worker-Main-37/WARN] [net.minecraft.world.entity.ai.attributes.AttributeMap/]: Ignoring unknown attribute 'reach-entity-attributes:reach'
[04Mar2025 01:26:17.577] [Worker-Main-27/WARN] [net.minecraft.world.entity.ai.attributes.AttributeMap/]: Ignoring unknown attribute 'reach-entity-attributes:reach'
[04Mar2025 01:26:17.578] [Worker-Main-27/WARN] [net.minecraft.world.entity.ai.attributes.AttributeMap/]: Ignoring unknown attribute 'reach-entity-attributes:reach'
[04Mar2025 01:26:17.578] [Worker-Main-27/WARN] [net.minecraft.world.entity.ai.attributes.AttributeMap/]: Ignoring unknown attribute 'reach-entity-attributes:reach'
[04Mar2025 01:26:18.982] [Server thread/INFO] [net.minecraft.world.entity.npc.Villager/]: Villager Villager['Villager'/2894, l='ServerLevel[world]', x=-1683.15, y=22.73, z=-1055.50] died, message: 'Villager tried to swim in lava'
[04Mar2025 01:26:19.034] [Server thread/INFO] [net.minecraft.world.entity.npc.Villager/]: Villager Villager['Villager'/2895, l='ServerLevel[world]', x=-1683.94, y=22.71, z=-1055.54] died, message: 'Villager tried to swim in lava'
[04Mar2025 01:26:20.537] [Server thread/INFO] [net.minecraft.world.entity.npc.Villager/]: Villager Villager['Villager'/2967, l='ServerLevel[world]', x=-1668.55, y=15.52, z=-1071.56] died, message: 'Villager tried to swim in lava'
[04Mar2025 01:26:28.666] [Server thread/WARN] [net.minecraft.server.network.ServerGamePacketListenerImpl/]: entity.evilcraft.broom (vehicle of MadaraUchiha2909) moved too quickly! 11.272982519377138,1.6589069634343332,4.585434579547382
[04Mar2025 01:26:28.940] [Server thread/WARN] [net.minecraft.server.network.ServerGamePacketListenerImpl/]: entity.evilcraft.broom (vehicle of MadaraUchiha2909) moved too quickly! 14.767858063362155,2.1525642379369003,6.052873912865266
[04Mar2025 01:26:28.941] [Server thread/WARN] [net.minecraft.server.network.ServerGamePacketListenerImpl/]: entity.evilcraft.broom (vehicle of MadaraUchiha2909) moved too quickly! 14.159253914885994,2.0710776933946278,5.797849628827407
[04Mar2025 01:26:28.941] [Server thread/WARN] [net.minecraft.server.network.ServerGamePacketListenerImpl/]: entity.evilcraft.broom (vehicle of MadaraUchiha2909) moved too quickly! 13.575916234755141,1.9963125530382513,5.551417255156139
[04Mar2025 01:26:28.942] [Server thread/WARN] [net.minecraft.server.network.ServerGamePacketListenerImpl/]: entity.evilcraft.broom (vehicle of MadaraUchiha2909) moved too quickly! 13.016689923947524,1.9296311879471233,5.313398044142218
[04Mar2025 01:26:31.719] [Server thread/WARN] [net.minecraft.server.network.ServerGamePacketListenerImpl/]: entity.evilcraft.broom (vehicle of MadaraUchiha2909) moved too quickly! 25.540862039953026,3.538294885568021,10.978453539097472
[04Mar2025 01:26:31.741] [Server thread/WARN] [net.minecraft.server.network.ServerGamePacketListenerImpl/]: entity.evilcraft.broom (vehicle of MadaraUchiha2909) moved too quickly! 25.087452612606057,3.489406259291414,10.784940921181487
[04Mar2025 01:26:31.741] [Server thread/WARN] [net.minecraft.server.network.ServerGamePacketListenerImpl/]: entity.evilcraft.broom (vehicle of MadaraUchiha2909) moved too quickly! 24.594545038102297,3.4393590981831323,10.571113316257083
[04Mar2025 01:26:31.741] [Server thread/WARN] [net.minecraft.server.network.ServerGamePacketListenerImpl/]: entity.evilcraft.broom (vehicle of MadaraUchiha2909) moved too quickly! 24.12189539168935,3.3906031675849277,10.364968233276386
[04Mar2025 01:26:31.742] [Server thread/WARN] [net.minecraft.server.network.ServerGamePacketListenerImpl/]: entity.evilcraft.broom (vehicle of MadaraUchiha2909) moved too quickly! 23.668648669484583,3.345955519997588,10.166303320848215
[04Mar2025 01:26:32.308] [Server thread/WARN] [net.minecraft.server.network.ServerGamePacketListenerImpl/]: entity.evilcraft.broom (vehicle of MadaraUchiha2909) moved too quickly! 17.77695035122656,2.3279612480173313,7.898803277534853
[04Mar2025 01:26:32.363] [Server thread/WARN] [net.minecraft.server.network.ServerGamePacketListenerImpl/]: entity.evilcraft.broom (vehicle of MadaraUchiha2909) moved too quickly! 13.683284970309842,1.7459290032508221,6.184510263206448
[04Mar2025 01:26:32.364] [Server thread/WARN] [net.minecraft.server.network.ServerGamePacketListenerImpl/]: entity.evilcraft.broom (vehicle of MadaraUchiha2909) moved too quickly! 13.683284970309842,1.7459290032508221,6.184510263206448
[04Mar2025 01:26:32.364] [Server thread/WARN] [net.minecraft.server.network.ServerGamePacketListenerImpl/]: entity.evilcraft.broom (vehicle of MadaraUchiha2909) moved too quickly! 13.683284970309842,1.7459290032508221,6.184510263206448
[04Mar2025 01:26:32.364] [Server thread/WARN] [net.minecraft.server.network.ServerGamePacketListenerImpl/]: entity.evilcraft.broom (vehicle of MadaraUchiha2909) moved too quickly! 13.683284970309842,1.7459290032508221,6.184510263206448
[04Mar2025 01:26:35.882] [Server thread/INFO] [net.minecraft.world.entity.npc.Villager/]: Villager Villager['Villager'/3102, l='ServerLevel[world]', x=-1766.30, y=16.00, z=-1096.25] died, message: 'Villager suffocated in a wall'
[04Mar2025 01:26:35.886] [Server thread/INFO] [net.minecraft.world.entity.npc.Villager/]: Villager Villager['Villager'/3104, l='ServerLevel[world]', x=-1766.48, y=16.00, z=-1097.57] died, message: 'Villager suffocated in a wall'
[04Mar2025 01:27:06.144] [Worker-Main-25/WARN] [net.minecraft.world.entity.ai.attributes.AttributeMap/]: Ignoring unknown attribute 'reach-entity-attributes:reach'
[04Mar2025 01:27:08.178] [Worker-Main-37/WARN] [net.minecraft.world.entity.ai.attributes.AttributeMap/]: Ignoring unknown attribute 'reach-entity-attributes:reach'
[04Mar2025 01:27:08.179] [Worker-Main-37/WARN] [net.minecraft.world.entity.ai.attributes.AttributeMap/]: Ignoring unknown attribute 'reach-entity-attributes:reach'
[04Mar2025 01:27:10.639] [Worker-Main-37/WARN] [net.minecraft.world.entity.ai.attributes.AttributeMap/]: Ignoring unknown attribute 'reach-entity-attributes:reach'
[04Mar2025 01:27:10.640] [Worker-Main-37/WARN] [net.minecraft.world.entity.ai.attributes.AttributeMap/]: Ignoring unknown attribute 'reach-entity-attributes:reach'
[04Mar2025 01:27:12.449] [Worker-Main-37/WARN] [net.minecraft.world.entity.ai.attributes.AttributeMap/]: Ignoring unknown attribute 'reach-entity-attributes:reach'
[04Mar2025 01:27:16.719] [Worker-Main-37/WARN] [net.minecraft.world.entity.ai.attributes.AttributeMap/]: Ignoring unknown attribute 'reach-entity-attributes:reach'
[04Mar2025 01:27:16.725] [Worker-Main-26/WARN] [net.minecraft.world.entity.ai.attributes.AttributeMap/]: Ignoring unknown attribute 'reach-entity-attributes:reach'
[04Mar2025 01:27:16.727] [Worker-Main-26/WARN] [net.minecraft.world.entity.ai.attributes.AttributeMap/]: Ignoring unknown attribute 'reach-entity-attributes:reach'
[04Mar2025 01:27:16.728] [Worker-Main-26/WARN] [net.minecraft.world.entity.ai.attributes.AttributeMap/]: Ignoring unknown attribute 'reach-entity-attributes:reach'
[04Mar2025 01:27:19.879] [Worker-Main-38/WARN] [net.minecraft.world.entity.ai.attributes.AttributeMap/]: Ignoring unknown attribute 'reach-entity-attributes:reach'
[04Mar2025 01:27:19.880] [Worker-Main-38/WARN] [net.minecraft.world.entity.ai.attributes.AttributeMap/]: Ignoring unknown attribute 'reach-entity-attributes:reach'
[04Mar2025 01:27:19.881] [Worker-Main-38/WARN] [net.minecraft.world.entity.ai.attributes.AttributeMap/]: Ignoring unknown attribute 'reach-entity-attributes:reach'
[04Mar2025 01:27:22.390] [Worker-Main-26/WARN] [net.minecraft.world.entity.ai.attributes.AttributeMap/]: Ignoring unknown attribute 'reach-entity-attributes:reach'
[04Mar2025 01:27:22.391] [Worker-Main-26/WARN] [net.minecraft.world.entity.ai.attributes.AttributeMap/]: Ignoring unknown attribute 'reach-entity-attributes:reach'
[04Mar2025 01:27:22.392] [Worker-Main-26/WARN] [net.minecraft.world.entity.ai.attributes.AttributeMap/]: Ignoring unknown attribute 'reach-entity-attributes:reach'
[04Mar2025 01:27:23.807] [Worker-Main-27/WARN] [net.minecraft.world.entity.ai.attributes.AttributeMap/]: Ignoring unknown attribute 'reach-entity-attributes:reach'
[04Mar2025 01:27:24.866] [Worker-Main-26/WARN] [net.minecraft.world.entity.ai.attributes.AttributeMap/]: Ignoring unknown attribute 'reach-entity-attributes:reach'
[04Mar2025 01:27:24.867] [Worker-Main-26/WARN] [net.minecraft.world.entity.ai.attributes.AttributeMap/]: Ignoring unknown attribute 'reach-entity-attributes:reach'
[04Mar2025 01:27:24.950] [Worker-Main-26/WARN] [net.minecraft.world.entity.ai.attributes.AttributeMap/]: Ignoring unknown attribute 'reach-entity-attributes:reach'
[04Mar2025 01:27:24.951] [Worker-Main-26/WARN] [net.minecraft.world.entity.ai.attributes.AttributeMap/]: Ignoring unknown attribute 'reach-entity-attributes:reach'
[04Mar2025 01:27:24.959] [Worker-Main-38/WARN] [net.minecraft.world.entity.ai.attributes.AttributeMap/]: Ignoring unknown attribute 'reach-entity-attributes:reach'
[04Mar2025 01:27:24.960] [Worker-Main-38/WARN] [net.minecraft.world.entity.ai.attributes.AttributeMap/]: Ignoring unknown attribute 'reach-entity-attributes:reach'
[04Mar2025 01:27:24.961] [Worker-Main-38/WARN] [net.minecraft.world.entity.ai.attributes.AttributeMap/]: Ignoring unknown attribute 'reach-entity-attributes:reach'
[04Mar2025 01:27:25.138] [Worker-Main-37/WARN] [net.minecraft.world.entity.ai.attributes.AttributeMap/]: Ignoring unknown attribute 'reach-entity-attributes:reach'
[04Mar2025 01:27:25.180] [Worker-Main-38/WARN] [net.minecraft.world.entity.ai.attributes.AttributeMap/]: Ignoring unknown attribute 'reach-entity-attributes:reach'
[04Mar2025 01:27:25.221] [Worker-Main-38/WARN] [net.minecraft.world.entity.ai.attributes.AttributeMap/]: Ignoring unknown attribute 'reach-entity-attributes:reach'
[04Mar2025 01:27:25.221] [Worker-Main-38/WARN] [net.minecraft.world.entity.ai.attributes.AttributeMap/]: Ignoring unknown attribute 'reach-entity-attributes:reach'
[04Mar2025 01:27:26.561] [Worker-Main-26/WARN] [net.minecraft.world.entity.ai.attributes.AttributeMap/]: Ignoring unknown attribute 'reach-entity-attributes:reach'
[04Mar2025 01:27:26.598] [Worker-Main-37/WARN] [net.minecraft.world.entity.ai.attributes.AttributeMap/]: Ignoring unknown attribute 'reach-entity-attributes:reach'
[04Mar2025 01:27:26.647] [Worker-Main-26/WARN] [net.minecraft.world.entity.ai.attributes.AttributeMap/]: Ignoring unknown attribute 'reach-entity-attributes:reach'
[04Mar2025 01:27:26.648] [Worker-Main-26/WARN] [net.minecraft.world.entity.ai.attributes.AttributeMap/]: Ignoring unknown attribute 'reach-entity-attributes:reach'
[04Mar2025 01:27:26.648] [Worker-Main-26/WARN] [net.minecraft.world.entity.ai.attributes.AttributeMap/]: Ignoring unknown attribute 'reach-entity-attributes:reach'
[04Mar2025 01:27:26.657] [Worker-Main-38/WARN] [net.minecraft.world.entity.ai.attributes.AttributeMap/]: Ignoring unknown attribute 'reach-entity-attributes:reach'
[04Mar2025 01:27:26.871] [Worker-Main-26/WARN] [net.minecraft.world.entity.ai.attributes.AttributeMap/]: Ignoring unknown attribute 'reach-entity-attributes:reach'
[04Mar2025 01:27:26.871] [Worker-Main-26/WARN] [net.minecraft.world.entity.ai.attributes.AttributeMap/]: Ignoring unknown attribute 'reach-entity-attributes:reach'
[04Mar2025 01:27:28.526] [Worker-Main-38/WARN] [net.minecraft.world.entity.ai.attributes.AttributeMap/]: Ignoring unknown attribute 'reach-entity-attributes:reach'
[04Mar2025 01:27:28.528] [Worker-Main-38/WARN] [net.minecraft.world.entity.ai.attributes.AttributeMap/]: Ignoring unknown attribute 'reach-entity-attributes:reach'
[04Mar2025 01:27:28.529] [Worker-Main-38/WARN] [net.minecraft.world.entity.ai.attributes.AttributeMap/]: Ignoring unknown attribute 'reach-entity-attributes:reach'
[04Mar2025 01:27:28.530] [Worker-Main-38/WARN] [net.minecraft.world.entity.ai.attributes.AttributeMap/]: Ignoring unknown attribute 'reach-entity-attributes:reach'
[04Mar2025 01:27:28.568] [Worker-Main-38/WARN] [net.minecraft.world.entity.ai.attributes.AttributeMap/]: Ignoring unknown attribute 'reach-entity-attributes:reach'
[04Mar2025 01:27:29.388] [Worker-Main-38/WARN] [net.minecraft.world.entity.ai.attributes.AttributeMap/]: Ignoring unknown attribute 'reach-entity-attributes:reach'
[04Mar2025 01:27:29.400] [Worker-Main-38/WARN] [net.minecraft.world.entity.ai.attributes.AttributeMap/]: Ignoring unknown attribute 'reach-entity-attributes:reach'
[04Mar2025 01:27:29.697] [Worker-Main-27/WARN] [net.minecraft.world.entity.ai.attributes.AttributeMap/]: Ignoring unknown attribute 'reach-entity-attributes:reach'
[04Mar2025 01:27:30.219] [Worker-Main-37/WARN] [net.minecraft.world.entity.ai.attributes.AttributeMap/]: Ignoring unknown attribute 'reach-entity-attributes:reach'
[04Mar2025 01:27:31.157] [Worker-Main-37/WARN] [net.minecraft.world.entity.ai.attributes.AttributeMap/]: Ignoring unknown attribute 'reach-entity-attributes:reach'
[04Mar2025 01:27:31.158] [Worker-Main-37/WARN] [net.minecraft.world.entity.ai.attributes.AttributeMap/]: Ignoring unknown attribute 'reach-entity-attributes:reach'
[04Mar2025 01:27:31.158] [Worker-Main-37/WARN] [net.minecraft.world.entity.ai.attributes.AttributeMap/]: Ignoring unknown attribute 'reach-entity-attributes:reach'
[04Mar2025 01:27:31.159] [Worker-Main-37/WARN] [net.minecraft.world.entity.ai.attributes.AttributeMap/]: Ignoring unknown attribute 'reach-entity-attributes:reach'
[04Mar2025 01:27:31.171] [Worker-Main-27/WARN] [net.minecraft.world.entity.ai.attributes.AttributeMap/]: Ignoring unknown attribute 'reach-entity-attributes:reach'
[04Mar2025 01:27:31.176] [Worker-Main-27/WARN] [net.minecraft.world.entity.ai.attributes.AttributeMap/]: Ignoring unknown attribute 'reach-entity-attributes:reach'
[04Mar2025 01:27:31.186] [Worker-Main-27/WARN] [net.minecraft.world.entity.ai.attributes.AttributeMap/]: Ignoring unknown attribute 'reach-entity-attributes:reach'
[04Mar2025 01:27:31.186] [Worker-Main-27/WARN] [net.minecraft.world.entity.ai.attributes.AttributeMap/]: Ignoring unknown attribute 'reach-entity-attributes:reach'
[04Mar2025 01:27:31.952] [Worker-Main-26/WARN] [net.minecraft.world.entity.ai.attributes.AttributeMap/]: Ignoring unknown attribute 'reach-entity-attributes:reach'
[04Mar2025 01:27:31.953] [Worker-Main-26/WARN] [net.minecraft.world.entity.ai.attributes.AttributeMap/]: Ignoring unknown attribute 'reach-entity-attributes:reach'
[04Mar2025 01:27:32.333] [Worker-Main-38/WARN] [net.minecraft.world.entity.ai.attributes.AttributeMap/]: Ignoring unknown attribute 'reach-entity-attributes:reach'
[04Mar2025 01:27:32.873] [Worker-Main-37/WARN] [net.minecraft.world.entity.ai.attributes.AttributeMap/]: Ignoring unknown attribute 'reach-entity-attributes:reach'
[04Mar2025 01:27:32.874] [Worker-Main-37/WARN] [net.minecraft.world.entity.ai.attributes.AttributeMap/]: Ignoring unknown attribute 'reach-entity-attributes:reach'
[04Mar2025 01:27:33.126] [Worker-Main-26/WARN] [net.minecraft.world.entity.ai.attributes.AttributeMap/]: Ignoring unknown attribute 'reach-entity-attributes:reach'
[04Mar2025 01:27:33.156] [Worker-Main-38/WARN] [net.minecraft.world.entity.ai.attributes.AttributeMap/]: Ignoring unknown attribute 'reach-entity-attributes:reach'
[04Mar2025 01:27:33.807] [Worker-Main-25/WARN] [net.minecraft.world.entity.ai.attributes.AttributeMap/]: Ignoring unknown attribute 'reach-entity-attributes:reach'
[04Mar2025 01:27:33.807] [Worker-Main-25/WARN] [net.minecraft.world.entity.ai.attributes.AttributeMap/]: Ignoring unknown attribute 'reach-entity-attributes:reach'
[04Mar2025 01:27:38.936] [Worker-Main-25/WARN] [net.minecraft.world.entity.ai.attributes.AttributeMap/]: Ignoring unknown attribute 'reach-entity-attributes:reach'
[04Mar2025 01:27:38.937] [Worker-Main-25/WARN] [net.minecraft.world.entity.ai.attributes.AttributeMap/]: Ignoring unknown attribute 'reach-entity-attributes:reach'
[04Mar2025 01:27:55.945] [Server thread/WARN] [net.minecraft.server.network.ServerGamePacketListenerImpl/]: entity.evilcraft.broom (vehicle of MadaraUchiha2909) moved too quickly! -10.030643801621864,-1.0574477628029229,1.378303103260805
[04Mar2025 01:28:30.558] [Server thread/WARN] [net.minecraft.server.network.ServerGamePacketListenerImpl/]: entity.evilcraft.broom (vehicle of MadaraUchiha2909) moved too quickly! 1.1952846768408563,1.330432908741642,30.445322067143024
[04Mar2025 01:28:30.593] [Server thread/WARN] [net.minecraft.server.network.ServerGamePacketListenerImpl/]: entity.evilcraft.broom (vehicle of MadaraUchiha2909) moved too quickly! 1.2401510133922784,1.3321874924115633,30.72041494145924
[04Mar2025 01:28:30.593] [Server thread/WARN] [net.minecraft.server.network.ServerGamePacketListenerImpl/]: entity.evilcraft.broom (vehicle of MadaraUchiha2909) moved too quickly! 1.2441512164775759,1.3219520340958368,30.416185273210658
[04Mar2025 01:28:30.594] [Server thread/WARN] [net.minecraft.server.network.ServerGamePacketListenerImpl/]: entity.evilcraft.broom (vehicle of MadaraUchiha2909) moved too quickly! 1.2451810496793314,1.315815586305419,30.124504832394223
[04Mar2025 01:28:30.594] [Server thread/WARN] [net.minecraft.server.network.ServerGamePacketListenerImpl/]: entity.evilcraft.broom (vehicle of MadaraUchiha2909) moved too quickly! 1.2436457833264285,1.3113071112997758,29.844626181017247
[04Mar2025 01:28:30.599] [Server thread/WARN] [net.minecraft.server.network.ServerGamePacketListenerImpl/]: entity.evilcraft.broom (vehicle of MadaraUchiha2909) moved too quickly! 1.2399294259000726,1.30863141974001,29.576066716159175
[04Mar2025 01:28:30.602] [Server thread/WARN] [net.minecraft.server.network.ServerGamePacketListenerImpl/]: entity.evilcraft.broom (vehicle of MadaraUchiha2909) moved too quickly! 1.2343719958073507,1.3063821636438888,29.318381642060785
[04Mar2025 01:28:30.606] [Server thread/WARN] [net.minecraft.server.network.ServerGamePacketListenerImpl/]: entity.evilcraft.broom (vehicle of MadaraUchiha2909) moved too quickly! 1.2272716661898357,1.3034297780083222,29.07114194732071
[04Mar2025 01:28:30.642] [Server thread/WARN] [net.minecraft.server.network.ServerGamePacketListenerImpl/]: entity.evilcraft.broom (vehicle of MadaraUchiha2909) moved too quickly! 1.2573964685150258,1.3248382479936893,29.405100847961876
[04Mar2025 01:28:30.642] [Server thread/WARN] [net.minecraft.server.network.ServerGamePacketListenerImpl/]: entity.evilcraft.broom (vehicle of MadaraUchiha2909) moved too quickly! 1.247960856219379,1.3190061545681573,29.177520931850495
[04Mar2025 01:28:30.690] [Server thread/WARN] [net.minecraft.server.network.ServerGamePacketListenerImpl/]: entity.evilcraft.broom (vehicle of MadaraUchiha2909) moved too quickly! 1.274114118611351,1.332624627086858,29.45929603930108
[04Mar2025 01:28:30.690] [Server thread/WARN] [net.minecraft.server.network.ServerGamePacketListenerImpl/]: entity.evilcraft.broom (vehicle of MadaraUchiha2909) moved too quickly! 1.2628890288924595,1.322243859354998,29.245041763678046
[04Mar2025 01:28:30.691] [Server thread/WARN] [net.minecraft.server.network.ServerGamePacketListenerImpl/]: entity.evilcraft.broom (vehicle of MadaraUchiha2909) moved too quickly! 1.2513632019972647,1.3093168352976363,29.04360641481844
[04Mar2025 01:28:35.045] [Worker-Main-25/WARN] [net.minecraft.world.entity.ai.attributes.AttributeMap/]: Ignoring unknown attribute 'reach-entity-attributes:reach'
[04Mar2025 01:28:35.060] [Worker-Main-26/WARN] [net.minecraft.world.entity.ai.attributes.AttributeMap/]: Ignoring unknown attribute 'reach-entity-attributes:reach'
[04Mar2025 01:28:35.061] [Worker-Main-26/WARN] [net.minecraft.world.entity.ai.attributes.AttributeMap/]: Ignoring unknown attribute 'reach-entity-attributes:reach'
[04Mar2025 01:28:35.062] [Worker-Main-26/WARN] [net.minecraft.world.entity.ai.attributes.AttributeMap/]: Ignoring unknown attribute 'reach-entity-attributes:reach'
[04Mar2025 01:28:35.063] [Worker-Main-26/WARN] [net.minecraft.world.entity.ai.attributes.AttributeMap/]: Ignoring unknown attribute 'reach-entity-attributes:reach'
[04Mar2025 01:28:35.064] [Worker-Main-26/WARN] [net.minecraft.world.entity.ai.attributes.AttributeMap/]: Ignoring unknown attribute 'reach-entity-attributes:reach'
[04Mar2025 01:28:35.066] [Worker-Main-26/WARN] [net.minecraft.world.entity.ai.attributes.AttributeMap/]: Ignoring unknown attribute 'reach-entity-attributes:reach'
[04Mar2025 01:28:36.970] [Worker-Main-25/WARN] [net.minecraft.world.entity.ai.attributes.AttributeMap/]: Ignoring unknown attribute 'reach-entity-attributes:reach'
[04Mar2025 01:28:37.119] [Worker-Main-37/WARN] [net.minecraft.world.entity.ai.attributes.AttributeMap/]: Ignoring unknown attribute 'reach-entity-attributes:reach'
[04Mar2025 01:28:37.120] [Worker-Main-37/WARN] [net.minecraft.world.entity.ai.attributes.AttributeMap/]: Ignoring unknown attribute 'reach-entity-attributes:reach'
[04Mar2025 01:28:38.401] [Worker-Main-25/WARN] [net.minecraft.world.entity.ai.attributes.AttributeMap/]: Ignoring unknown attribute 'reach-entity-attributes:reach'
[04Mar2025 01:28:38.402] [Worker-Main-25/WARN] [net.minecraft.world.entity.ai.attributes.AttributeMap/]: Ignoring unknown attribute 'reach-entity-attributes:reach'
[04Mar2025 01:28:38.402] [Worker-Main-25/WARN] [net.minecraft.world.entity.ai.attributes.AttributeMap/]: Ignoring unknown attribute 'reach-entity-attributes:reach'
[04Mar2025 01:28:38.410] [Worker-Main-26/WARN] [net.minecraft.world.entity.ai.attributes.AttributeMap/]: Ignoring unknown attribute 'reach-entity-attributes:reach'
[04Mar2025 01:28:38.411] [Worker-Main-26/WARN] [net.minecraft.world.entity.ai.attributes.AttributeMap/]: Ignoring unknown attribute 'reach-entity-attributes:reach'
[04Mar2025 01:28:38.541] [Worker-Main-27/WARN] [net.minecraft.world.entity.ai.attributes.AttributeMap/]: Ignoring unknown attribute 'reach-entity-attributes:reach'
[04Mar2025 01:28:38.542] [Worker-Main-27/WARN] [net.minecraft.world.entity.ai.attributes.AttributeMap/]: Ignoring unknown attribute 'reach-entity-attributes:reach'
[04Mar2025 01:28:39.121] [Worker-Main-37/WARN] [net.minecraft.world.entity.ai.attributes.AttributeMap/]: Ignoring unknown attribute 'reach-entity-attributes:reach'
[04Mar2025 01:28:39.122] [Worker-Main-37/WARN] [net.minecraft.world.entity.ai.attributes.AttributeMap/]: Ignoring unknown attribute 'reach-entity-attributes:reach'
[04Mar2025 01:28:39.131] [Worker-Main-25/WARN] [net.minecraft.world.entity.ai.attributes.AttributeMap/]: Ignoring unknown attribute 'reach-entity-attributes:reach'
[04Mar2025 01:28:39.132] [Worker-Main-25/WARN] [net.minecraft.world.entity.ai.attributes.AttributeMap/]: Ignoring unknown attribute 'reach-entity-attributes:reach'
[04Mar2025 01:28:39.217] [Worker-Main-38/WARN] [net.minecraft.world.entity.ai.attributes.AttributeMap/]: Ignoring unknown attribute 'reach-entity-attributes:reach'
[04Mar2025 01:28:39.217] [Worker-Main-38/WARN] [net.minecraft.world.entity.ai.attributes.AttributeMap/]: Ignoring unknown attribute 'reach-entity-attributes:reach'
[04Mar2025 01:28:39.626] [Worker-Main-37/WARN] [net.minecraft.world.entity.ai.attributes.AttributeMap/]: Ignoring unknown attribute 'reach-entity-attributes:reach'
[04Mar2025 01:28:39.627] [Worker-Main-37/WARN] [net.minecraft.world.entity.ai.attributes.AttributeMap/]: Ignoring unknown attribute 'reach-entity-attributes:reach'
[04Mar2025 01:28:42.242] [Worker-Main-27/WARN] [net.minecraft.world.entity.ai.attributes.AttributeMap/]: Ignoring unknown attribute 'reach-entity-attributes:reach'
[04Mar2025 01:28:53.179] [Worker-Main-37/WARN] [net.minecraft.world.entity.ai.attributes.AttributeMap/]: Ignoring unknown attribute 'reach-entity-attributes:reach'
[04Mar2025 01:28:55.366] [Worker-Main-37/WARN] [net.minecraft.world.entity.ai.attributes.AttributeMap/]: Ignoring unknown attribute 'reach-entity-attributes:reach'
[04Mar2025 01:28:55.407] [Worker-Main-37/WARN] [net.minecraft.world.entity.ai.attributes.AttributeMap/]: Ignoring unknown attribute 'reach-entity-attributes:reach'
[04Mar2025 01:28:55.457] [Worker-Main-26/WARN] [net.minecraft.world.entity.ai.attributes.AttributeMap/]: Ignoring unknown attribute 'reach-entity-attributes:reach'
[04Mar2025 01:28:55.458] [Worker-Main-26/WARN] [net.minecraft.world.entity.ai.attributes.AttributeMap/]: Ignoring unknown attribute 'reach-entity-attributes:reach'
[04Mar2025 01:28:55.458] [Worker-Main-26/WARN] [net.minecraft.world.entity.ai.attributes.AttributeMap/]: Ignoring unknown attribute 'reach-entity-attributes:reach'
[04Mar2025 01:28:59.455] [Worker-Main-27/WARN] [net.minecraft.world.entity.ai.attributes.AttributeMap/]: Ignoring unknown attribute 'reach-entity-attributes:reach'
[04Mar2025 01:28:59.458] [Worker-Main-27/WARN] [net.minecraft.world.entity.ai.attributes.AttributeMap/]: Ignoring unknown attribute 'reach-entity-attributes:reach'
[04Mar2025 01:28:59.459] [Worker-Main-27/WARN] [net.minecraft.world.entity.ai.attributes.AttributeMap/]: Ignoring unknown attribute 'reach-entity-attributes:reach'
[04Mar2025 01:28:59.459] [Worker-Main-27/WARN] [net.minecraft.world.entity.ai.attributes.AttributeMap/]: Ignoring unknown attribute 'reach-entity-attributes:reach'
[04Mar2025 01:28:59.460] [Worker-Main-27/WARN] [net.minecraft.world.entity.ai.attributes.AttributeMap/]: Ignoring unknown attribute 'reach-entity-attributes:reach'
[04Mar2025 01:28:59.493] [Worker-Main-26/WARN] [net.minecraft.world.entity.ai.attributes.AttributeMap/]: Ignoring unknown attribute 'reach-entity-attributes:reach'
[04Mar2025 01:28:59.493] [Worker-Main-26/WARN] [net.minecraft.world.entity.ai.attributes.AttributeMap/]: Ignoring unknown attribute 'reach-entity-attributes:reach'
[04Mar2025 01:28:59.494] [Worker-Main-26/WARN] [net.minecraft.world.entity.ai.attributes.AttributeMap/]: Ignoring unknown attribute 'reach-entity-attributes:reach'
[04Mar2025 01:28:59.851] [Worker-Main-25/WARN] [net.minecraft.world.entity.ai.attributes.AttributeMap/]: Ignoring unknown attribute 'reach-entity-attributes:reach'
[04Mar2025 01:28:59.866] [Worker-Main-37/WARN] [net.minecraft.world.entity.ai.attributes.AttributeMap/]: Ignoring unknown attribute 'reach-entity-attributes:reach'
[04Mar2025 01:28:59.866] [Worker-Main-37/WARN] [net.minecraft.world.entity.ai.attributes.AttributeMap/]: Ignoring unknown attribute 'reach-entity-attributes:reach'
[04Mar2025 01:28:59.915] [Worker-Main-38/WARN] [net.minecraft.world.entity.ai.attributes.AttributeMap/]: Ignoring unknown attribute 'reach-entity-attributes:reach'
[04Mar2025 01:29:00.022] [Worker-Main-26/WARN] [net.minecraft.world.entity.ai.attributes.AttributeMap/]: Ignoring unknown attribute 'reach-entity-attributes:reach'
[04Mar2025 01:29:00.061] [Worker-Main-25/WARN] [net.minecraft.world.entity.ai.attributes.AttributeMap/]: Ignoring unknown attribute 'reach-entity-attributes:reach'
[04Mar2025 01:29:00.062] [Worker-Main-25/WARN] [net.minecraft.world.entity.ai.attributes.AttributeMap/]: Ignoring unknown attribute 'reach-entity-attributes:reach'
[04Mar2025 01:29:00.063] [Worker-Main-25/WARN] [net.minecraft.world.entity.ai.attributes.AttributeMap/]: Ignoring unknown attribute 'reach-entity-attributes:reach'
[04Mar2025 01:29:00.064] [Worker-Main-25/WARN] [net.minecraft.world.entity.ai.attributes.AttributeMap/]: Ignoring unknown attribute 'reach-entity-attributes:reach'
[04Mar2025 01:29:00.089] [Worker-Main-37/WARN] [net.minecraft.world.entity.ai.attributes.AttributeMap/]: Ignoring unknown attribute 'reach-entity-attributes:reach'
[04Mar2025 01:29:00.090] [Worker-Main-37/WARN] [net.minecraft.world.entity.ai.attributes.AttributeMap/]: Ignoring unknown attribute 'reach-entity-attributes:reach'
[04Mar2025 01:29:00.091] [Worker-Main-37/WARN] [net.minecraft.world.entity.ai.attributes.AttributeMap/]: Ignoring unknown attribute 'reach-entity-attributes:reach'
[04Mar2025 01:29:01.568] [Worker-Main-27/WARN] [net.minecraft.world.entity.ai.attributes.AttributeMap/]: Ignoring unknown attribute 'reach-entity-attributes:reach'
[04Mar2025 01:29:01.569] [Worker-Main-27/WARN] [net.minecraft.world.entity.ai.attributes.AttributeMap/]: Ignoring unknown attribute 'reach-entity-attributes:reach'
[04Mar2025 01:29:01.610] [Worker-Main-27/WARN] [net.minecraft.world.entity.ai.attributes.AttributeMap/]: Ignoring unknown attribute 'reach-entity-attributes:reach'
[04Mar2025 01:29:01.611] [Worker-Main-27/WARN] [net.minecraft.world.entity.ai.attributes.AttributeMap/]: Ignoring unknown attribute 'reach-entity-attributes:reach'
[04Mar2025 01:29:01.611] [Worker-Main-27/WARN] [net.minecraft.world.entity.ai.attributes.AttributeMap/]: Ignoring unknown attribute 'reach-entity-attributes:reach'
[04Mar2025 01:29:01.612] [Worker-Main-27/WARN] [net.minecraft.world.entity.ai.attributes.AttributeMap/]: Ignoring unknown attribute 'reach-entity-attributes:reach'
[04Mar2025 01:29:01.612] [Worker-Main-27/WARN] [net.minecraft.world.entity.ai.attributes.AttributeMap/]: Ignoring unknown attribute 'reach-entity-attributes:reach'
[04Mar2025 01:29:01.613] [Worker-Main-27/WARN] [net.minecraft.world.entity.ai.attributes.AttributeMap/]: Ignoring unknown attribute 'reach-entity-attributes:reach'
[04Mar2025 01:29:01.992] [Worker-Main-27/WARN] [net.minecraft.world.entity.ai.attributes.AttributeMap/]: Ignoring unknown attribute 'reach-entity-attributes:reach'
[04Mar2025 01:29:01.993] [Worker-Main-27/WARN] [net.minecraft.world.entity.ai.attributes.AttributeMap/]: Ignoring unknown attribute 'reach-entity-attributes:reach'
[04Mar2025 01:29:02.098] [Worker-Main-37/WARN] [net.minecraft.world.entity.ai.attributes.AttributeMap/]: Ignoring unknown attribute 'reach-entity-attributes:reach'
[04Mar2025 01:29:02.099] [Worker-Main-37/WARN] [net.minecraft.world.entity.ai.attributes.AttributeMap/]: Ignoring unknown attribute 'reach-entity-attributes:reach'
[04Mar2025 01:29:02.099] [Worker-Main-37/WARN] [net.minecraft.world.entity.ai.attributes.AttributeMap/]: Ignoring unknown attribute 'reach-entity-attributes:reach'
[04Mar2025 01:29:02.100] [Worker-Main-37/WARN] [net.minecraft.world.entity.ai.attributes.AttributeMap/]: Ignoring unknown attribute 'reach-entity-attributes:reach'
[04Mar2025 01:29:02.106] [Worker-Main-37/WARN] [net.minecraft.world.entity.ai.attributes.AttributeMap/]: Ignoring unknown attribute 'reach-entity-attributes:reach'
[04Mar2025 01:29:02.120] [Worker-Main-25/WARN] [net.minecraft.world.entity.ai.attributes.AttributeMap/]: Ignoring unknown attribute 'reach-entity-attributes:reach'
[04Mar2025 01:29:02.122] [Worker-Main-25/WARN] [net.minecraft.world.entity.ai.attributes.AttributeMap/]: Ignoring unknown attribute 'reach-entity-attributes:reach'
[04Mar2025 01:29:02.142] [Worker-Main-26/WARN] [net.minecraft.world.entity.ai.attributes.AttributeMap/]: Ignoring unknown attribute 'reach-entity-attributes:reach'
[04Mar2025 01:29:02.143] [Worker-Main-26/WARN] [net.minecraft.world.entity.ai.attributes.AttributeMap/]: Ignoring unknown attribute 'reach-entity-attributes:reach'
[04Mar2025 01:29:02.158] [Worker-Main-26/WARN] [net.minecraft.world.entity.ai.attributes.AttributeMap/]: Ignoring unknown attribute 'reach-entity-attributes:reach'
[04Mar2025 01:29:03.094] [Worker-Main-27/WARN] [net.minecraft.world.entity.ai.attributes.AttributeMap/]: Ignoring unknown attribute 'reach-entity-attributes:reach'
[04Mar2025 01:29:03.095] [Worker-Main-27/WARN] [net.minecraft.world.entity.ai.attributes.AttributeMap/]: Ignoring unknown attribute 'reach-entity-attributes:reach'
[04Mar2025 01:29:03.096] [Worker-Main-27/WARN] [net.minecraft.world.entity.ai.attributes.AttributeMap/]: Ignoring unknown attribute 'reach-entity-attributes:reach'
[04Mar2025 01:29:03.096] [Worker-Main-27/WARN] [net.minecraft.world.entity.ai.attributes.AttributeMap/]: Ignoring unknown attribute 'reach-entity-attributes:reach'
[04Mar2025 01:29:03.649] [Worker-Main-27/WARN] [net.minecraft.world.entity.ai.attributes.AttributeMap/]: Ignoring unknown attribute 'reach-entity-attributes:reach'
[04Mar2025 01:29:03.650] [Worker-Main-27/WARN] [net.minecraft.world.entity.ai.attributes.AttributeMap/]: Ignoring unknown attribute 'reach-entity-attributes:reach'
[04Mar2025 01:29:03.655] [Worker-Main-26/WARN] [net.minecraft.world.entity.ai.attributes.AttributeMap/]: Ignoring unknown attribute 'reach-entity-attributes:reach'
[04Mar2025 01:29:03.894] [Worker-Main-26/WARN] [net.minecraft.world.entity.ai.attributes.AttributeMap/]: Ignoring unknown attribute 'reach-entity-attributes:reach'
[04Mar2025 01:29:04.727] [Worker-Main-38/WARN] [net.minecraft.world.entity.ai.attributes.AttributeMap/]: Ignoring unknown attribute 'reach-entity-attributes:reach'
[04Mar2025 01:29:04.899] [Worker-Main-37/WARN] [net.minecraft.world.entity.ai.attributes.AttributeMap/]: Ignoring unknown attribute 'reach-entity-attributes:reach'
[04Mar2025 01:29:05.442] [Server thread/WARN] [net.minecraft.server.network.ServerGamePacketListenerImpl/]: entity.evilcraft.broom (vehicle of MadaraUchiha2909) moved too quickly! 12.612855299668581,-1.1751377010668307,0.34554936775543865
[04Mar2025 01:29:05.454] [Server thread/WARN] [net.minecraft.server.network.ServerGamePacketListenerImpl/]: entity.evilcraft.broom (vehicle of MadaraUchiha2909) moved too quickly! 11.757887633438031,-1.0906770853630547,0.3126885631177174
[04Mar2025 01:29:05.500] [Server thread/WARN] [net.minecraft.server.network.ServerGamePacketListenerImpl/]: entity.evilcraft.broom (vehicle of MadaraUchiha2909) moved too quickly! 11.36515573519182,-1.050637110489589,0.2930167899985463
[04Mar2025 01:29:05.506] [Server thread/WARN] [net.minecraft.server.network.ServerGamePacketListenerImpl/]: entity.evilcraft.broom (vehicle of MadaraUchiha2909) moved too quickly! 10.57657197109802,-0.9789815111696072,0.2642487158293534
[04Mar2025 01:29:06.244] [Server thread/WARN] [net.minecraft.server.network.ServerGamePacketListenerImpl/]: entity.evilcraft.broom (vehicle of MadaraUchiha2909) moved too quickly! -10.144623198763156,0.9477766705890645,-0.2814466221973362
[04Mar2025 01:29:06.244] [Server thread/WARN] [net.minecraft.server.network.ServerGamePacketListenerImpl/]: entity.evilcraft.broom (vehicle of MadaraUchiha2909) moved too quickly! -10.670756230244933,0.9794652856287485,-0.2972344828317546
[04Mar2025 01:29:06.268] [Server thread/WARN] [net.minecraft.server.network.ServerGamePacketListenerImpl/]: entity.evilcraft.broom (vehicle of MadaraUchiha2909) moved too quickly! -11.175872557023467,1.0130040145269135,-0.31218399925523954
[04Mar2025 01:29:20.982] [Worker-Main-27/WARN] [net.minecraft.world.entity.ai.attributes.AttributeMap/]: Ignoring unknown attribute 'reach-entity-attributes:reach'
[04Mar2025 01:29:20.983] [Worker-Main-27/WARN] [net.minecraft.world.entity.ai.attributes.AttributeMap/]: Ignoring unknown attribute 'reach-entity-attributes:reach'
[04Mar2025 01:29:20.983] [Worker-Main-27/WARN] [net.minecraft.world.entity.ai.attributes.AttributeMap/]: Ignoring unknown attribute 'reach-entity-attributes:reach'
[04Mar2025 01:29:20.986] [Worker-Main-26/WARN] [net.minecraft.world.entity.ai.attributes.AttributeMap/]: Ignoring unknown attribute 'reach-entity-attributes:reach'
[04Mar2025 01:29:21.333] [Worker-Main-27/WARN] [net.minecraft.world.entity.ai.attributes.AttributeMap/]: Ignoring unknown attribute 'forge:step_height'
[04Mar2025 01:29:21.334] [Worker-Main-27/WARN] [net.minecraft.world.entity.ai.attributes.AttributeMap/]: Ignoring unknown attribute 'forge:step_height'
[04Mar2025 01:29:22.641] [Worker-Main-27/WARN] [net.minecraft.world.entity.ai.attributes.AttributeMap/]: Ignoring unknown attribute 'reach-entity-attributes:reach'
[04Mar2025 01:30:11.326] [Worker-Main-38/WARN] [net.minecraft.world.entity.ai.attributes.AttributeMap/]: Ignoring unknown attribute 'reach-entity-attributes:reach'
[04Mar2025 01:30:49.039] [Server thread/WARN] [net.minecraft.server.network.ServerGamePacketListenerImpl/]: entity.evilcraft.broom (vehicle of MadaraUchiha2909) moved wrongly! 0.35918898360205276
[04Mar2025 01:31:25.776] [Worker-Main-25/WARN] [net.minecraft.world.entity.ai.attributes.AttributeMap/]: Ignoring unknown attribute 'reach-entity-attributes:reach'
[04Mar2025 01:31:25.777] [Worker-Main-25/WARN] [net.minecraft.world.entity.ai.attributes.AttributeMap/]: Ignoring unknown attribute 'reach-entity-attributes:reach'
[04Mar2025 01:31:27.477] [Worker-Main-38/WARN] [net.minecraft.world.entity.ai.attributes.AttributeMap/]: Ignoring unknown attribute 'reach-entity-attributes:reach'
[04Mar2025 01:31:27.477] [Worker-Main-38/WARN] [net.minecraft.world.entity.ai.attributes.AttributeMap/]: Ignoring unknown attribute 'reach-entity-attributes:reach'
[04Mar2025 01:31:27.477] [Worker-Main-38/WARN] [net.minecraft.world.entity.ai.attributes.AttributeMap/]: Ignoring unknown attribute 'reach-entity-attributes:reach'
[04Mar2025 01:31:34.368] [Worker-Main-37/WARN] [net.minecraft.world.entity.ai.attributes.AttributeMap/]: Ignoring unknown attribute 'reach-entity-attributes:reach'
[04Mar2025 01:31:34.369] [Worker-Main-37/WARN] [net.minecraft.world.entity.ai.attributes.AttributeMap/]: Ignoring unknown attribute 'reach-entity-attributes:reach'
[04Mar2025 01:31:49.344] [Server thread/WARN] [net.minecraft.server.network.ServerGamePacketListenerImpl/]: entity.evilcraft.broom (vehicle of MadaraUchiha2909) moved too quickly! 12.392922611035146,-1.5947691302175784,19.60330026419615
[04Mar2025 01:31:49.344] [Server thread/WARN] [net.minecraft.server.network.ServerGamePacketListenerImpl/]: entity.evilcraft.broom (vehicle of MadaraUchiha2909) moved too quickly! 11.801097073302117,-1.475745993228756,18.683812118006927
[04Mar2025 01:31:49.344] [Server thread/WARN] [net.minecraft.server.network.ServerGamePacketListenerImpl/]: entity.evilcraft.broom (vehicle of MadaraUchiha2909) moved too quickly! 11.234844179655738,-1.3659363154132649,17.790176308793207
[04Mar2025 01:31:49.354] [Server thread/WARN] [net.minecraft.server.network.ServerGamePacketListenerImpl/]: entity.evilcraft.broom (vehicle of MadaraUchiha2909) moved too quickly! 10.69384156538149,-1.2676540117332564,16.92330969375803
[04Mar2025 01:31:49.354] [Server thread/WARN] [net.minecraft.server.network.ServerGamePacketListenerImpl/]: entity.evilcraft.broom (vehicle of MadaraUchiha2909) moved too quickly! 10.177111622285793,-1.177372141498168,16.08347710757971
[04Mar2025 01:31:49.355] [Server thread/WARN] [net.minecraft.server.network.ServerGamePacketListenerImpl/]: entity.evilcraft.broom (vehicle of MadaraUchiha2909) moved too quickly! 9.683610414097302,-1.0979565845669867,15.27070490341498
[04Mar2025 01:31:49.360] [Server thread/WARN] [net.minecraft.server.network.ServerGamePacketListenerImpl/]: entity.evilcraft.broom (vehicle of MadaraUchiha2909) moved too quickly! 9.21229934931739,-1.0281475347708664,14.484853620027025
[04Mar2025 01:31:49.370] [Server thread/WARN] [net.minecraft.server.network.ServerGamePacketListenerImpl/]: entity.evilcraft.broom (vehicle of MadaraUchiha2909) moved too quickly! 8.762161181452257,-0.9652717792782823,13.72565188199087
[04Mar2025 01:31:49.371] [Server thread/WARN] [net.minecraft.server.network.ServerGamePacketListenerImpl/]: entity.evilcraft.broom (vehicle of MadaraUchiha2909) moved too quickly! 8.332208014026946,-0.9126894919559945,12.992722235787369
[04Mar2025 01:31:49.404] [Server thread/WARN] [net.minecraft.server.network.ServerGamePacketListenerImpl/]: entity.evilcraft.broom (vehicle of MadaraUchiha2909) moved too quickly! 8.441756277437207,-0.9127199858965795,13.14697011870976
[04Mar2025 01:31:49.405] [Server thread/WARN] [net.minecraft.server.network.ServerGamePacketListenerImpl/]: entity.evilcraft.broom (vehicle of MadaraUchiha2909) moved too quickly! 8.034834890930142,-0.8743563433055144,12.445219153722974
[04Mar2025 01:31:49.448] [Server thread/WARN] [net.minecraft.server.network.ServerGamePacketListenerImpl/]: entity.evilcraft.broom (vehicle of MadaraUchiha2909) moved too quickly! 8.139824523063453,-0.8843127368041195,12.596910958970284
[04Mar2025 01:31:59.473] [Worker-Main-25/WARN] [net.minecraft.world.entity.ai.attributes.AttributeMap/]: Ignoring unknown attribute 'reach-entity-attributes:reach'
[04Mar2025 01:31:59.529] [Worker-Main-38/WARN] [net.minecraft.world.entity.ai.attributes.AttributeMap/]: Ignoring unknown attribute 'reach-entity-attributes:reach'
[04Mar2025 01:31:59.536] [Worker-Main-37/WARN] [net.minecraft.world.entity.ai.attributes.AttributeMap/]: Ignoring unknown attribute 'reach-entity-attributes:reach'
[04Mar2025 01:31:59.536] [Worker-Main-37/WARN] [net.minecraft.world.entity.ai.attributes.AttributeMap/]: Ignoring unknown attribute 'reach-entity-attributes:reach'
[04Mar2025 01:31:59.538] [Worker-Main-37/WARN] [net.minecraft.world.entity.ai.attributes.AttributeMap/]: Ignoring unknown attribute 'reach-entity-attributes:reach'
[04Mar2025 01:31:59.539] [Worker-Main-37/WARN] [net.minecraft.world.entity.ai.attributes.AttributeMap/]: Ignoring unknown attribute 'reach-entity-attributes:reach'
[04Mar2025 01:31:59.539] [Worker-Main-37/WARN] [net.minecraft.world.entity.ai.attributes.AttributeMap/]: Ignoring unknown attribute 'reach-entity-attributes:reach'
[04Mar2025 01:31:59.540] [Worker-Main-37/WARN] [net.minecraft.world.entity.ai.attributes.AttributeMap/]: Ignoring unknown attribute 'reach-entity-attributes:reach'
[04Mar2025 01:31:59.540] [Worker-Main-37/WARN] [net.minecraft.world.entity.ai.attributes.AttributeMap/]: Ignoring unknown attribute 'reach-entity-attributes:reach'
[04Mar2025 01:31:59.544] [Worker-Main-37/WARN] [net.minecraft.world.entity.ai.attributes.AttributeMap/]: Ignoring unknown attribute 'reach-entity-attributes:reach'
[04Mar2025 01:32:00.350] [Worker-Main-27/WARN] [net.minecraft.world.entity.ai.attributes.AttributeMap/]: Ignoring unknown attribute 'reach-entity-attributes:reach'
[04Mar2025 01:32:00.394] [Worker-Main-38/WARN] [net.minecraft.world.entity.ai.attributes.AttributeMap/]: Ignoring unknown attribute 'reach-entity-attributes:reach'
[04Mar2025 01:32:01.052] [Worker-Main-37/WARN] [net.minecraft.world.entity.ai.attributes.AttributeMap/]: Ignoring unknown attribute 'reach-entity-attributes:reach'
[04Mar2025 01:32:01.165] [Worker-Main-37/WARN] [net.minecraft.world.entity.ai.attributes.AttributeMap/]: Ignoring unknown attribute 'reach-entity-attributes:reach'
[04Mar2025 01:32:01.165] [Worker-Main-37/WARN] [net.minecraft.world.entity.ai.attributes.AttributeMap/]: Ignoring unknown attribute 'reach-entity-attributes:reach'
[04Mar2025 01:32:50.998] [Worker-Main-37/WARN] [net.minecraft.world.entity.ai.attributes.AttributeMap/]: Ignoring unknown attribute 'reach-entity-attributes:reach'
[04Mar2025 01:32:50.999] [Worker-Main-37/WARN] [net.minecraft.world.entity.ai.attributes.AttributeMap/]: Ignoring unknown attribute 'reach-entity-attributes:reach'
[04Mar2025 01:32:53.131] [Worker-Main-26/WARN] [net.minecraft.world.entity.ai.attributes.AttributeMap/]: Ignoring unknown attribute 'reach-entity-attributes:reach'
[04Mar2025 01:32:53.820] [Worker-Main-25/WARN] [net.minecraft.world.entity.ai.attributes.AttributeMap/]: Ignoring unknown attribute 'reach-entity-attributes:reach'
[04Mar2025 01:32:53.829] [Worker-Main-38/WARN] [net.minecraft.world.entity.ai.attributes.AttributeMap/]: Ignoring unknown attribute 'reach-entity-attributes:reach'
[04Mar2025 01:32:53.830] [Worker-Main-38/WARN] [net.minecraft.world.entity.ai.attributes.AttributeMap/]: Ignoring unknown attribute 'reach-entity-attributes:reach'
[04Mar2025 01:32:53.830] [Worker-Main-38/WARN] [net.minecraft.world.entity.ai.attributes.AttributeMap/]: Ignoring unknown attribute 'reach-entity-attributes:reach'
[04Mar2025 01:32:53.831] [Worker-Main-38/WARN] [net.minecraft.world.entity.ai.attributes.AttributeMap/]: Ignoring unknown attribute 'reach-entity-attributes:reach'
[04Mar2025 01:32:55.617] [Worker-Main-25/WARN] [net.minecraft.world.entity.ai.attributes.AttributeMap/]: Ignoring unknown attribute 'reach-entity-attributes:reach'
[04Mar2025 01:32:55.618] [Worker-Main-25/WARN] [net.minecraft.world.entity.ai.attributes.AttributeMap/]: Ignoring unknown attribute 'reach-entity-attributes:reach'
[04Mar2025 01:32:55.618] [Worker-Main-25/WARN] [net.minecraft.world.entity.ai.attributes.AttributeMap/]: Ignoring unknown attribute 'reach-entity-attributes:reach'
[04Mar2025 01:32:55.754] [Worker-Main-38/WARN] [net.minecraft.world.entity.ai.attributes.AttributeMap/]: Ignoring unknown attribute 'reach-entity-attributes:reach'
[04Mar2025 01:32:55.758] [Worker-Main-38/WARN] [net.minecraft.world.entity.ai.attributes.AttributeMap/]: Ignoring unknown attribute 'reach-entity-attributes:reach'
[04Mar2025 01:32:55.759] [Worker-Main-38/WARN] [net.minecraft.world.entity.ai.attributes.AttributeMap/]: Ignoring unknown attribute 'reach-entity-attributes:reach'
[04Mar2025 01:33:12.563] [Worker-Main-38/WARN] [net.minecraft.world.entity.ai.attributes.AttributeMap/]: Ignoring unknown attribute 'reach-entity-attributes:reach'
[04Mar2025 01:33:12.651] [Worker-Main-37/WARN] [net.minecraft.world.entity.ai.attributes.AttributeMap/]: Ignoring unknown attribute 'reach-entity-attributes:reach'
[04Mar2025 01:33:12.652] [Worker-Main-37/WARN] [net.minecraft.world.entity.ai.attributes.AttributeMap/]: Ignoring unknown attribute 'reach-entity-attributes:reach'
[04Mar2025 01:33:12.656] [Worker-Main-25/WARN] [net.minecraft.world.entity.ai.attributes.AttributeMap/]: Ignoring unknown attribute 'reach-entity-attributes:reach'
[04Mar2025 01:33:12.694] [Worker-Main-27/WARN] [net.minecraft.world.entity.ai.attributes.AttributeMap/]: Ignoring unknown attribute 'reach-entity-attributes:reach'
[04Mar2025 01:33:12.695] [Worker-Main-27/WARN] [net.minecraft.world.entity.ai.attributes.AttributeMap/]: Ignoring unknown attribute 'reach-entity-attributes:reach'
[04Mar2025 01:33:12.696] [Worker-Main-27/WARN] [net.minecraft.world.entity.ai.attributes.AttributeMap/]: Ignoring unknown attribute 'reach-entity-attributes:reach'
[04Mar2025 01:33:12.751] [Worker-Main-37/WARN] [net.minecraft.world.entity.ai.attributes.AttributeMap/]: Ignoring unknown attribute 'reach-entity-attributes:reach'
[04Mar2025 01:33:13.681] [Worker-Main-25/WARN] [net.minecraft.world.entity.ai.attributes.AttributeMap/]: Ignoring unknown attribute 'reach-entity-attributes:reach'
[04Mar2025 01:33:14.450] [Worker-Main-38/WARN] [net.minecraft.world.entity.ai.attributes.AttributeMap/]: Ignoring unknown attribute 'reach-entity-attributes:reach'
[04Mar2025 01:33:14.450] [Worker-Main-38/WARN] [net.minecraft.world.entity.ai.attributes.AttributeMap/]: Ignoring unknown attribute 'reach-entity-attributes:reach'
[04Mar2025 01:33:14.473] [Worker-Main-37/WARN] [net.minecraft.world.entity.ai.attributes.AttributeMap/]: Ignoring unknown attribute 'reach-entity-attributes:reach'
[04Mar2025 01:33:15.170] [Worker-Main-27/WARN] [net.minecraft.world.entity.ai.attributes.AttributeMap/]: Ignoring unknown attribute 'reach-entity-attributes:reach'
[04Mar2025 01:33:15.790] [Worker-Main-27/WARN] [net.minecraft.world.entity.ai.attributes.AttributeMap/]: Ignoring unknown attribute 'reach-entity-attributes:reach'
[04Mar2025 01:33:16.055] [Worker-Main-38/WARN] [net.minecraft.world.entity.ai.attributes.AttributeMap/]: Ignoring unknown attribute 'reach-entity-attributes:reach'
[04Mar2025 01:33:16.056] [Worker-Main-38/WARN] [net.minecraft.world.entity.ai.attributes.AttributeMap/]: Ignoring unknown attribute 'reach-entity-attributes:reach'
[04Mar2025 01:33:16.056] [Worker-Main-38/WARN] [net.minecraft.world.entity.ai.attributes.AttributeMap/]: Ignoring unknown attribute 'reach-entity-attributes:reach'
[04Mar2025 01:33:16.057] [Worker-Main-38/WARN] [net.minecraft.world.entity.ai.attributes.AttributeMap/]: Ignoring unknown attribute 'reach-entity-attributes:reach'
[04Mar2025 01:33:16.092] [Worker-Main-27/WARN] [net.minecraft.world.entity.ai.attributes.AttributeMap/]: Ignoring unknown attribute 'reach-entity-attributes:reach'
[04Mar2025 01:33:16.477] [Worker-Main-38/WARN] [net.minecraft.world.entity.ai.attributes.AttributeMap/]: Ignoring unknown attribute 'reach-entity-attributes:reach'
[04Mar2025 01:33:16.511] [Worker-Main-37/WARN] [net.minecraft.world.entity.ai.attributes.AttributeMap/]: Ignoring unknown attribute 'reach-entity-attributes:reach'
[04Mar2025 01:33:16.551] [Worker-Main-38/WARN] [net.minecraft.world.entity.ai.attributes.AttributeMap/]: Ignoring unknown attribute 'reach-entity-attributes:reach'
[04Mar2025 01:33:16.552] [Worker-Main-38/WARN] [net.minecraft.world.entity.ai.attributes.AttributeMap/]: Ignoring unknown attribute 'reach-entity-attributes:reach'
[04Mar2025 01:33:16.715] [Worker-Main-25/WARN] [net.minecraft.world.entity.ai.attributes.AttributeMap/]: Ignoring unknown attribute 'reach-entity-attributes:reach'
[04Mar2025 01:33:16.715] [Worker-Main-25/WARN] [net.minecraft.world.entity.ai.attributes.AttributeMap/]: Ignoring unknown attribute 'reach-entity-attributes:reach'
[04Mar2025 01:33:16.716] [Worker-Main-25/WARN] [net.minecraft.world.entity.ai.attributes.AttributeMap/]: Ignoring unknown attribute 'reach-entity-attributes:reach'
[04Mar2025 01:33:16.721] [Worker-Main-26/WARN] [net.minecraft.world.entity.ai.attributes.AttributeMap/]: Ignoring unknown attribute 'reach-entity-attributes:reach'
[04Mar2025 01:33:16.721] [Worker-Main-26/WARN] [net.minecraft.world.entity.ai.attributes.AttributeMap/]: Ignoring unknown attribute 'reach-entity-attributes:reach'
[04Mar2025 01:33:16.722] [Worker-Main-26/WARN] [net.minecraft.world.entity.ai.attributes.AttributeMap/]: Ignoring unknown attribute 'reach-entity-attributes:reach'
[04Mar2025 01:33:16.725] [Worker-Main-37/WARN] [net.minecraft.world.entity.ai.attributes.AttributeMap/]: Ignoring unknown attribute 'reach-entity-attributes:reach'
[04Mar2025 01:33:16.727] [Worker-Main-37/WARN] [net.minecraft.world.entity.ai.attributes.AttributeMap/]: Ignoring unknown attribute 'reach-entity-attributes:reach'
[04Mar2025 01:33:16.727] [Worker-Main-37/WARN] [net.minecraft.world.entity.ai.attributes.AttributeMap/]: Ignoring unknown attribute 'reach-entity-attributes:reach'
[04Mar2025 01:33:16.728] [Worker-Main-37/WARN] [net.minecraft.world.entity.ai.attributes.AttributeMap/]: Ignoring unknown attribute 'reach-entity-attributes:reach'
[04Mar2025 01:33:16.731] [Worker-Main-37/WARN] [net.minecraft.world.entity.ai.attributes.AttributeMap/]: Ignoring unknown attribute 'reach-entity-attributes:reach'
[04Mar2025 01:33:16.764] [Worker-Main-37/WARN] [net.minecraft.world.entity.ai.attributes.AttributeMap/]: Ignoring unknown attribute 'reach-entity-attributes:reach'
[04Mar2025 01:33:17.763] [Worker-Main-37/WARN] [net.minecraft.world.entity.ai.attributes.AttributeMap/]: Ignoring unknown attribute 'reach-entity-attributes:reach'
[04Mar2025 01:33:17.764] [Worker-Main-37/WARN] [net.minecraft.world.entity.ai.attributes.AttributeMap/]: Ignoring unknown attribute 'reach-entity-attributes:reach'
[04Mar2025 01:33:17.764] [Worker-Main-37/WARN] [net.minecraft.world.entity.ai.attributes.AttributeMap/]: Ignoring unknown attribute 'reach-entity-attributes:reach'
[04Mar2025 01:33:17.796] [Worker-Main-37/WARN] [net.minecraft.world.entity.ai.attributes.AttributeMap/]: Ignoring unknown attribute 'reach-entity-attributes:reach'
[04Mar2025 01:33:17.796] [Worker-Main-37/WARN] [net.minecraft.world.entity.ai.attributes.AttributeMap/]: Ignoring unknown attribute 'reach-entity-attributes:reach'
[04Mar2025 01:33:17.800] [Worker-Main-25/WARN] [net.minecraft.world.entity.ai.attributes.AttributeMap/]: Ignoring unknown attribute 'reach-entity-attributes:reach'
[04Mar2025 01:33:17.930] [Worker-Main-25/WARN] [net.minecraft.world.entity.ai.attributes.AttributeMap/]: Ignoring unknown attribute 'reach-entity-attributes:reach'
[04Mar2025 01:33:17.930] [Worker-Main-25/WARN] [net.minecraft.world.entity.ai.attributes.AttributeMap/]: Ignoring unknown attribute 'reach-entity-attributes:reach'
[04Mar2025 01:33:17.931] [Worker-Main-25/WARN] [net.minecraft.world.entity.ai.attributes.AttributeMap/]: Ignoring unknown attribute 'reach-entity-attributes:reach'
[04Mar2025 01:33:17.941] [Worker-Main-37/WARN] [net.minecraft.world.entity.ai.attributes.AttributeMap/]: Ignoring unknown attribute 'reach-entity-attributes:reach'
[04Mar2025 01:33:17.942] [Worker-Main-37/WARN] [net.minecraft.world.entity.ai.attributes.AttributeMap/]: Ignoring unknown attribute 'reach-entity-attributes:reach'
[04Mar2025 01:33:17.943] [Worker-Main-37/WARN] [net.minecraft.world.entity.ai.attributes.AttributeMap/]: Ignoring unknown attribute 'reach-entity-attributes:reach'
[04Mar2025 01:33:17.943] [Worker-Main-37/WARN] [net.minecraft.world.entity.ai.attributes.AttributeMap/]: Ignoring unknown attribute 'reach-entity-attributes:reach'
[04Mar2025 01:33:17.944] [Worker-Main-37/WARN] [net.minecraft.world.entity.ai.attributes.AttributeMap/]: Ignoring unknown attribute 'reach-entity-attributes:reach'
[04Mar2025 01:33:18.221] [Worker-Main-27/WARN] [net.minecraft.world.entity.ai.attributes.AttributeMap/]: Ignoring unknown attribute 'reach-entity-attributes:reach'
[04Mar2025 01:33:18.221] [Worker-Main-27/WARN] [net.minecraft.world.entity.ai.attributes.AttributeMap/]: Ignoring unknown attribute 'reach-entity-attributes:reach'
[04Mar2025 01:33:18.277] [Worker-Main-38/WARN] [net.minecraft.world.entity.ai.attributes.AttributeMap/]: Ignoring unknown attribute 'reach-entity-attributes:reach'
[04Mar2025 01:33:18.277] [Worker-Main-38/WARN] [net.minecraft.world.entity.ai.attributes.AttributeMap/]: Ignoring unknown attribute 'reach-entity-attributes:reach'
[04Mar2025 01:33:18.281] [Worker-Main-38/WARN] [net.minecraft.world.entity.ai.attributes.AttributeMap/]: Ignoring unknown attribute 'reach-entity-attributes:reach'
[04Mar2025 01:33:18.282] [Worker-Main-38/WARN] [net.minecraft.world.entity.ai.attributes.AttributeMap/]: Ignoring unknown attribute 'reach-entity-attributes:reach'
[04Mar2025 01:33:18.282] [Worker-Main-38/WARN] [net.minecraft.world.entity.ai.attributes.AttributeMap/]: Ignoring unknown attribute 'reach-entity-attributes:reach'
[04Mar2025 01:33:18.285] [Worker-Main-37/WARN] [net.minecraft.world.entity.ai.attributes.AttributeMap/]: Ignoring unknown attribute 'reach-entity-attributes:reach'
[04Mar2025 01:33:18.307] [Worker-Main-26/WARN] [net.minecraft.world.entity.ai.attributes.AttributeMap/]: Ignoring unknown attribute 'reach-entity-attributes:reach'
[04Mar2025 01:33:18.307] [Worker-Main-26/WARN] [net.minecraft.world.entity.ai.attributes.AttributeMap/]: Ignoring unknown attribute 'reach-entity-attributes:reach'
[04Mar2025 01:33:18.878] [Worker-Main-38/WARN] [net.minecraft.world.entity.ai.attributes.AttributeMap/]: Ignoring unknown attribute 'reach-entity-attributes:reach'
[04Mar2025 01:33:18.879] [Worker-Main-38/WARN] [net.minecraft.world.entity.ai.attributes.AttributeMap/]: Ignoring unknown attribute 'reach-entity-attributes:reach'
[04Mar2025 01:33:18.879] [Worker-Main-38/WARN] [net.minecraft.world.entity.ai.attributes.AttributeMap/]: Ignoring unknown attribute 'reach-entity-attributes:reach'
[04Mar2025 01:33:18.882] [Worker-Main-38/WARN] [net.minecraft.world.entity.ai.attributes.AttributeMap/]: Ignoring unknown attribute 'reach-entity-attributes:reach'
[04Mar2025 01:33:19.045] [Worker-Main-37/WARN] [net.minecraft.world.entity.ai.attributes.AttributeMap/]: Ignoring unknown attribute 'reach-entity-attributes:reach'
[04Mar2025 01:33:19.046] [Worker-Main-37/WARN] [net.minecraft.world.entity.ai.attributes.AttributeMap/]: Ignoring unknown attribute 'reach-entity-attributes:reach'
[04Mar2025 01:33:19.646] [Worker-Main-27/WARN] [net.minecraft.world.entity.ai.attributes.AttributeMap/]: Ignoring unknown attribute 'reach-entity-attributes:reach'
[04Mar2025 01:33:19.696] [Worker-Main-38/WARN] [net.minecraft.world.entity.ai.attributes.AttributeMap/]: Ignoring unknown attribute 'reach-entity-attributes:reach'
[04Mar2025 01:33:22.979] [Worker-Main-27/WARN] [net.minecraft.world.entity.ai.attributes.AttributeMap/]: Ignoring unknown attribute 'reach-entity-attributes:reach'
[04Mar2025 01:33:22.979] [Worker-Main-27/WARN] [net.minecraft.world.entity.ai.attributes.AttributeMap/]: Ignoring unknown attribute 'reach-entity-attributes:reach'
[04Mar2025 01:33:22.979] [Worker-Main-27/WARN] [net.minecraft.world.entity.ai.attributes.AttributeMap/]: Ignoring unknown attribute 'reach-entity-attributes:reach'
[04Mar2025 01:33:22.980] [Worker-Main-27/WARN] [net.minecraft.world.entity.ai.attributes.AttributeMap/]: Ignoring unknown attribute 'reach-entity-attributes:reach'
[04Mar2025 01:33:31.555] [Worker-Main-27/WARN] [net.minecraft.world.entity.ai.attributes.AttributeMap/]: Ignoring unknown attribute 'reach-entity-attributes:reach'
[04Mar2025 01:33:31.558] [Worker-Main-25/WARN] [net.minecraft.world.entity.ai.attributes.AttributeMap/]: Ignoring unknown attribute 'reach-entity-attributes:reach'
[04Mar2025 01:33:32.859] [Worker-Main-38/WARN] [net.minecraft.world.entity.ai.attributes.AttributeMap/]: Ignoring unknown attribute 'reach-entity-attributes:reach'
[04Mar2025 01:33:32.859] [Worker-Main-38/WARN] [net.minecraft.world.entity.ai.attributes.AttributeMap/]: Ignoring unknown attribute 'reach-entity-attributes:reach'
[04Mar2025 01:33:32.859] [Worker-Main-38/WARN] [net.minecraft.world.entity.ai.attributes.AttributeMap/]: Ignoring unknown attribute 'reach-entity-attributes:reach'
[04Mar2025 01:33:32.899] [Worker-Main-25/WARN] [net.minecraft.world.entity.ai.attributes.AttributeMap/]: Ignoring unknown attribute 'reach-entity-attributes:reach'
[04Mar2025 01:33:32.900] [Worker-Main-25/WARN] [net.minecraft.world.entity.ai.attributes.AttributeMap/]: Ignoring unknown attribute 'reach-entity-attributes:reach'
[04Mar2025 01:33:32.970] [Worker-Main-37/WARN] [net.minecraft.world.entity.ai.attributes.AttributeMap/]: Ignoring unknown attribute 'reach-entity-attributes:reach'
[04Mar2025 01:33:32.971] [Worker-Main-37/WARN] [net.minecraft.world.entity.ai.attributes.AttributeMap/]: Ignoring unknown attribute 'reach-entity-attributes:reach'
[04Mar2025 01:33:33.416] [Worker-Main-26/WARN] [net.minecraft.world.entity.ai.attributes.AttributeMap/]: Ignoring unknown attribute 'reach-entity-attributes:reach'
[04Mar2025 01:33:33.421] [Worker-Main-27/WARN] [net.minecraft.world.entity.ai.attributes.AttributeMap/]: Ignoring unknown attribute 'reach-entity-attributes:reach'
[04Mar2025 01:33:33.723] [Worker-Main-37/WARN] [net.minecraft.world.entity.ai.attributes.AttributeMap/]: Ignoring unknown attribute 'reach-entity-attributes:reach'
[04Mar2025 01:33:33.724] [Worker-Main-37/WARN] [net.minecraft.world.entity.ai.attributes.AttributeMap/]: Ignoring unknown attribute 'reach-entity-attributes:reach'
[04Mar2025 01:33:33.724] [Worker-Main-37/WARN] [net.minecraft.world.entity.ai.attributes.AttributeMap/]: Ignoring unknown attribute 'reach-entity-attributes:reach'
[04Mar2025 01:33:33.768] [Worker-Main-25/WARN] [net.minecraft.world.entity.ai.attributes.AttributeMap/]: Ignoring unknown attribute 'reach-entity-attributes:reach'
[04Mar2025 01:33:33.772] [Worker-Main-38/WARN] [net.minecraft.world.entity.ai.attributes.AttributeMap/]: Ignoring unknown attribute 'reach-entity-attributes:reach'
[04Mar2025 01:33:34.838] [Worker-Main-37/WARN] [net.minecraft.world.entity.ai.attributes.AttributeMap/]: Ignoring unknown attribute 'reach-entity-attributes:reach'
[04Mar2025 01:33:34.844] [Worker-Main-26/WARN] [net.minecraft.world.entity.ai.attributes.AttributeMap/]: Ignoring unknown attribute 'reach-entity-attributes:reach'
[04Mar2025 01:33:34.882] [Worker-Main-27/WARN] [net.minecraft.world.entity.ai.attributes.AttributeMap/]: Ignoring unknown attribute 'reach-entity-attributes:reach'
[04Mar2025 01:33:37.609] [Worker-Main-27/WARN] [net.minecraft.world.entity.ai.attributes.AttributeMap/]: Ignoring unknown attribute 'reach-entity-attributes:reach'
[04Mar2025 01:33:37.615] [Worker-Main-38/WARN] [net.minecraft.world.entity.ai.attributes.AttributeMap/]: Ignoring unknown attribute 'reach-entity-attributes:reach'
[04Mar2025 01:33:49.747] [Worker-Main-25/WARN] [net.minecraft.world.entity.ai.attributes.AttributeMap/]: Ignoring unknown attribute 'reach-entity-attributes:reach'
[04Mar2025 01:33:49.908] [Worker-Main-37/WARN] [net.minecraft.world.entity.ai.attributes.AttributeMap/]: Ignoring unknown attribute 'reach-entity-attributes:reach'
[04Mar2025 01:33:49.915] [Worker-Main-37/WARN] [net.minecraft.world.entity.ai.attributes.AttributeMap/]: Ignoring unknown attribute 'reach-entity-attributes:reach'
[04Mar2025 01:33:49.915] [Worker-Main-37/WARN] [net.minecraft.world.entity.ai.attributes.AttributeMap/]: Ignoring unknown attribute 'reach-entity-attributes:reach'
[04Mar2025 01:33:49.915] [Worker-Main-37/WARN] [net.minecraft.world.entity.ai.attributes.AttributeMap/]: Ignoring unknown attribute 'reach-entity-attributes:reach'
[04Mar2025 01:33:50.379] [Worker-Main-25/WARN] [net.minecraft.world.entity.ai.attributes.AttributeMap/]: Ignoring unknown attribute 'reach-entity-attributes:reach'
[04Mar2025 01:33:50.735] [Worker-Main-27/WARN] [net.minecraft.world.entity.ai.attributes.AttributeMap/]: Ignoring unknown attribute 'reach-entity-attributes:reach'
[04Mar2025 01:33:50.736] [Worker-Main-27/WARN] [net.minecraft.world.entity.ai.attributes.AttributeMap/]: Ignoring unknown attribute 'reach-entity-attributes:reach'
[04Mar2025 01:33:50.737] [Worker-Main-27/WARN] [net.minecraft.world.entity.ai.attributes.AttributeMap/]: Ignoring unknown attribute 'reach-entity-attributes:reach'
[04Mar2025 01:33:50.739] [Worker-Main-27/WARN] [net.minecraft.world.entity.ai.attributes.AttributeMap/]: Ignoring unknown attribute 'reach-entity-attributes:reach'
[04Mar2025 01:33:50.739] [Worker-Main-27/WARN] [net.minecraft.world.entity.ai.attributes.AttributeMap/]: Ignoring unknown attribute 'reach-entity-attributes:reach'
[04Mar2025 01:33:51.602] [Worker-Main-26/WARN] [net.minecraft.world.entity.ai.attributes.AttributeMap/]: Ignoring unknown attribute 'reach-entity-attributes:reach'
[04Mar2025 01:33:51.602] [Worker-Main-26/WARN] [net.minecraft.world.entity.ai.attributes.AttributeMap/]: Ignoring unknown attribute 'reach-entity-attributes:reach'
[04Mar2025 01:33:51.691] [Worker-Main-38/WARN] [net.minecraft.world.entity.ai.attributes.AttributeMap/]: Ignoring unknown attribute 'reach-entity-attributes:reach'
[04Mar2025 01:33:51.691] [Worker-Main-38/WARN] [net.minecraft.world.entity.ai.attributes.AttributeMap/]: Ignoring unknown attribute 'reach-entity-attributes:reach'
[04Mar2025 01:33:51.702] [Worker-Main-27/WARN] [net.minecraft.world.entity.ai.attributes.AttributeMap/]: Ignoring unknown attribute 'reach-entity-attributes:reach'
[04Mar2025 01:33:51.711] [Worker-Main-27/WARN] [net.minecraft.world.entity.ai.attributes.AttributeMap/]: Ignoring unknown attribute 'reach-entity-attributes:reach'
[04Mar2025 01:33:51.712] [Worker-Main-27/WARN] [net.minecraft.world.entity.ai.attributes.AttributeMap/]: Ignoring unknown attribute 'reach-entity-attributes:reach'
[04Mar2025 01:33:51.712] [Worker-Main-27/WARN] [net.minecraft.world.entity.ai.attributes.AttributeMap/]: Ignoring unknown attribute 'reach-entity-attributes:reach'
[04Mar2025 01:33:53.193] [Worker-Main-27/WARN] [net.minecraft.world.entity.ai.attributes.AttributeMap/]: Ignoring unknown attribute 'reach-entity-attributes:reach'
[04Mar2025 01:33:53.194] [Worker-Main-27/WARN] [net.minecraft.world.entity.ai.attributes.AttributeMap/]: Ignoring unknown attribute 'reach-entity-attributes:reach'
[04Mar2025 01:33:53.194] [Worker-Main-27/WARN] [net.minecraft.world.entity.ai.attributes.AttributeMap/]: Ignoring unknown attribute 'reach-entity-attributes:reach'
[04Mar2025 01:33:53.203] [Worker-Main-38/WARN] [net.minecraft.world.entity.ai.attributes.AttributeMap/]: Ignoring unknown attribute 'reach-entity-attributes:reach'
[04Mar2025 01:33:53.203] [Worker-Main-38/WARN] [net.minecraft.world.entity.ai.attributes.AttributeMap/]: Ignoring unknown attribute 'reach-entity-attributes:reach'
[04Mar2025 01:33:54.370] [Worker-Main-27/WARN] [net.minecraft.world.entity.ai.attributes.AttributeMap/]: Ignoring unknown attribute 'reach-entity-attributes:reach'
[04Mar2025 01:33:54.387] [Worker-Main-27/WARN] [net.minecraft.world.entity.ai.attributes.AttributeMap/]: Ignoring unknown attribute 'reach-entity-attributes:reach'
[04Mar2025 01:33:54.388] [Worker-Main-27/WARN] [net.minecraft.world.entity.ai.attributes.AttributeMap/]: Ignoring unknown attribute 'reach-entity-attributes:reach'
[04Mar2025 01:33:54.430] [Worker-Main-37/WARN] [net.minecraft.world.entity.ai.attributes.AttributeMap/]: Ignoring unknown attribute 'reach-entity-attributes:reach'
[04Mar2025 01:33:54.506] [Worker-Main-38/WARN] [net.minecraft.world.entity.ai.attributes.AttributeMap/]: Ignoring unknown attribute 'reach-entity-attributes:reach'
[04Mar2025 01:33:54.614] [Worker-Main-27/WARN] [net.minecraft.world.entity.ai.attributes.AttributeMap/]: Ignoring unknown attribute 'reach-entity-attributes:reach'
[04Mar2025 01:33:55.450] [Worker-Main-38/WARN] [net.minecraft.world.entity.ai.attributes.AttributeMap/]: Ignoring unknown attribute 'reach-entity-attributes:reach'
[04Mar2025 01:33:55.605] [Worker-Main-38/WARN] [net.minecraft.world.entity.ai.attributes.AttributeMap/]: Ignoring unknown attribute 'reach-entity-attributes:reach'
[04Mar2025 01:33:56.600] [Worker-Main-27/WARN] [net.minecraft.world.entity.ai.attributes.AttributeMap/]: Ignoring unknown attribute 'reach-entity-attributes:reach'
[04Mar2025 01:33:56.601] [Worker-Main-27/WARN] [net.minecraft.world.entity.ai.attributes.AttributeMap/]: Ignoring unknown attribute 'reach-entity-attributes:reach'
[04Mar2025 01:33:56.608] [Worker-Main-37/WARN] [net.minecraft.world.entity.ai.attributes.AttributeMap/]: Ignoring unknown attribute 'reach-entity-attributes:reach'
[04Mar2025 01:33:57.175] [Worker-Main-25/WARN] [net.minecraft.world.entity.ai.attributes.AttributeMap/]: Ignoring unknown attribute 'reach-entity-attributes:reach'
[04Mar2025 01:33:57.196] [Worker-Main-27/WARN] [net.minecraft.world.entity.ai.attributes.AttributeMap/]: Ignoring unknown attribute 'reach-entity-attributes:reach'
[04Mar2025 01:33:57.197] [Worker-Main-27/WARN] [net.minecraft.world.entity.ai.attributes.AttributeMap/]: Ignoring unknown attribute 'reach-entity-attributes:reach'
[04Mar2025 01:33:57.203] [Worker-Main-25/WARN] [net.minecraft.world.entity.ai.attributes.AttributeMap/]: Ignoring unknown attribute 'reach-entity-attributes:reach'
[04Mar2025 01:33:57.204] [Worker-Main-25/WARN] [net.minecraft.world.entity.ai.attributes.AttributeMap/]: Ignoring unknown attribute 'reach-entity-attributes:reach'
[04Mar2025 01:33:57.420] [Worker-Main-26/WARN] [net.minecraft.world.entity.ai.attributes.AttributeMap/]: Ignoring unknown attribute 'reach-entity-attributes:reach'
[04Mar2025 01:33:58.310] [Worker-Main-37/WARN] [net.minecraft.world.entity.ai.attributes.AttributeMap/]: Ignoring unknown attribute 'reach-entity-attributes:reach'
[04Mar2025 01:33:58.311] [Worker-Main-37/WARN] [net.minecraft.world.entity.ai.attributes.AttributeMap/]: Ignoring unknown attribute 'reach-entity-attributes:reach'
[04Mar2025 01:33:58.311] [Worker-Main-37/WARN] [net.minecraft.world.entity.ai.attributes.AttributeMap/]: Ignoring unknown attribute 'reach-entity-attributes:reach'
[04Mar2025 01:33:58.388] [Worker-Main-27/WARN] [net.minecraft.world.entity.ai.attributes.AttributeMap/]: Ignoring unknown attribute 'reach-entity-attributes:reach'
[04Mar2025 01:33:58.389] [Worker-Main-27/WARN] [net.minecraft.world.entity.ai.attributes.AttributeMap/]: Ignoring unknown attribute 'reach-entity-attributes:reach'
[04Mar2025 01:33:58.396] [Worker-Main-25/WARN] [net.minecraft.world.entity.ai.attributes.AttributeMap/]: Ignoring unknown attribute 'reach-entity-attributes:reach'
[04Mar2025 01:33:58.423] [Worker-Main-38/WARN] [net.minecraft.world.entity.ai.attributes.AttributeMap/]: Ignoring unknown attribute 'reach-entity-attributes:reach'
[04Mar2025 01:33:58.424] [Worker-Main-38/WARN] [net.minecraft.world.entity.ai.attributes.AttributeMap/]: Ignoring unknown attribute 'reach-entity-attributes:reach'
[04Mar2025 01:33:58.473] [Worker-Main-38/WARN] [net.minecraft.world.entity.ai.attributes.AttributeMap/]: Ignoring unknown attribute 'reach-entity-attributes:reach'
[04Mar2025 01:33:58.486] [Worker-Main-37/WARN] [net.minecraft.world.entity.ai.attributes.AttributeMap/]: Ignoring unknown attribute 'reach-entity-attributes:reach'
[04Mar2025 01:33:59.079] [Worker-Main-27/WARN] [net.minecraft.world.entity.ai.attributes.AttributeMap/]: Ignoring unknown attribute 'reach-entity-attributes:reach'
[04Mar2025 01:33:59.157] [Worker-Main-38/WARN] [net.minecraft.world.entity.ai.attributes.AttributeMap/]: Ignoring unknown attribute 'reach-entity-attributes:reach'
[04Mar2025 01:33:59.158] [Worker-Main-38/WARN] [net.minecraft.world.entity.ai.attributes.AttributeMap/]: Ignoring unknown attribute 'reach-entity-attributes:reach'
[04Mar2025 01:33:59.199] [Worker-Main-27/WARN] [net.minecraft.world.entity.ai.attributes.AttributeMap/]: Ignoring unknown attribute 'reach-entity-attributes:reach'
[04Mar2025 01:33:59.201] [Worker-Main-27/WARN] [net.minecraft.world.entity.ai.attributes.AttributeMap/]: Ignoring unknown attribute 'reach-entity-attributes:reach'
[04Mar2025 01:33:59.247] [Worker-Main-38/WARN] [net.minecraft.world.entity.ai.attributes.AttributeMap/]: Ignoring unknown attribute 'reach-entity-attributes:reach'
[04Mar2025 01:33:59.248] [Worker-Main-38/WARN] [net.minecraft.world.entity.ai.attributes.AttributeMap/]: Ignoring unknown attribute 'reach-entity-attributes:reach'
[04Mar2025 01:33:59.499] [Worker-Main-25/WARN] [net.minecraft.world.entity.ai.attributes.AttributeMap/]: Ignoring unknown attribute 'reach-entity-attributes:reach'
[04Mar2025 01:34:00.299] [Worker-Main-25/WARN] [net.minecraft.world.entity.ai.attributes.AttributeMap/]: Ignoring unknown attribute 'reach-entity-attributes:reach'
[04Mar2025 01:34:00.306] [Worker-Main-25/WARN] [net.minecraft.world.entity.ai.attributes.AttributeMap/]: Ignoring unknown attribute 'reach-entity-attributes:reach'
[04Mar2025 01:34:00.371] [Worker-Main-37/WARN] [net.minecraft.world.entity.ai.attributes.AttributeMap/]: Ignoring unknown attribute 'reach-entity-attributes:reach'
[04Mar2025 01:34:00.371] [Worker-Main-37/WARN] [net.minecraft.world.entity.ai.attributes.AttributeMap/]: Ignoring unknown attribute 'reach-entity-attributes:reach'
[04Mar2025 01:34:08.762] [Worker-Main-26/WARN] [net.minecraft.world.entity.ai.attributes.AttributeMap/]: Ignoring unknown attribute 'reach-entity-attributes:reach'
[04Mar2025 01:34:08.763] [Worker-Main-26/WARN] [net.minecraft.world.entity.ai.attributes.AttributeMap/]: Ignoring unknown attribute 'reach-entity-attributes:reach'
[04Mar2025 01:34:08.764] [Worker-Main-26/WARN] [net.minecraft.world.entity.ai.attributes.AttributeMap/]: Ignoring unknown attribute 'reach-entity-attributes:reach'
[04Mar2025 01:34:08.765] [Worker-Main-26/WARN] [net.minecraft.world.entity.ai.attributes.AttributeMap/]: Ignoring unknown attribute 'reach-entity-attributes:reach'
[04Mar2025 01:34:08.862] [Worker-Main-25/WARN] [net.minecraft.world.entity.ai.attributes.AttributeMap/]: Ignoring unknown attribute 'reach-entity-attributes:reach'
[04Mar2025 01:34:28.175] [Worker-Main-27/WARN] [net.minecraft.world.entity.ai.attributes.AttributeMap/]: Ignoring unknown attribute 'reach-entity-attributes:reach'
[04Mar2025 01:34:28.991] [Worker-Main-26/WARN] [net.minecraft.world.entity.ai.attributes.AttributeMap/]: Ignoring unknown attribute 'reach-entity-attributes:reach'
[04Mar2025 01:34:29.145] [Worker-Main-27/WARN] [net.minecraft.world.entity.ai.attributes.AttributeMap/]: Ignoring unknown attribute 'reach-entity-attributes:reach'
[04Mar2025 01:34:29.159] [Worker-Main-37/WARN] [net.minecraft.world.entity.ai.attributes.AttributeMap/]: Ignoring unknown attribute 'reach-entity-attributes:reach'
[04Mar2025 01:34:29.160] [Worker-Main-37/WARN] [net.minecraft.world.entity.ai.attributes.AttributeMap/]: Ignoring unknown attribute 'reach-entity-attributes:reach'
[04Mar2025 01:34:29.160] [Worker-Main-37/WARN] [net.minecraft.world.entity.ai.attributes.AttributeMap/]: Ignoring unknown attribute 'reach-entity-attributes:reach'
[04Mar2025 01:34:29.935] [Worker-Main-38/WARN] [net.minecraft.world.entity.ai.attributes.AttributeMap/]: Ignoring unknown attribute 'reach-entity-attributes:reach'
[04Mar2025 01:34:29.936] [Worker-Main-38/WARN] [net.minecraft.world.entity.ai.attributes.AttributeMap/]: Ignoring unknown attribute 'reach-entity-attributes:reach'
[04Mar2025 01:34:29.936] [Worker-Main-38/WARN] [net.minecraft.world.entity.ai.attributes.AttributeMap/]: Ignoring unknown attribute 'reach-entity-attributes:reach'
[04Mar2025 01:34:29.948] [Worker-Main-37/WARN] [net.minecraft.world.entity.ai.attributes.AttributeMap/]: Ignoring unknown attribute 'reach-entity-attributes:reach'
[04Mar2025 01:34:29.949] [Worker-Main-37/WARN] [net.minecraft.world.entity.ai.attributes.AttributeMap/]: Ignoring unknown attribute 'reach-entity-attributes:reach'
[04Mar2025 01:34:30.915] [Worker-Main-26/WARN] [net.minecraft.world.entity.ai.attributes.AttributeMap/]: Ignoring unknown attribute 'reach-entity-attributes:reach'
[04Mar2025 01:34:30.935] [Worker-Main-27/WARN] [net.minecraft.world.entity.ai.attributes.AttributeMap/]: Ignoring unknown attribute 'reach-entity-attributes:reach'
[04Mar2025 01:34:30.936] [Worker-Main-27/WARN] [net.minecraft.world.entity.ai.attributes.AttributeMap/]: Ignoring unknown attribute 'reach-entity-attributes:reach'
[04Mar2025 01:34:30.937] [Worker-Main-27/WARN] [net.minecraft.world.entity.ai.attributes.AttributeMap/]: Ignoring unknown attribute 'reach-entity-attributes:reach'
[04Mar2025 01:34:30.938] [Worker-Main-27/WARN] [net.minecraft.world.entity.ai.attributes.AttributeMap/]: Ignoring unknown attribute 'reach-entity-attributes:reach'
[04Mar2025 01:34:32.424] [Worker-Main-25/WARN] [net.minecraft.world.entity.ai.attributes.AttributeMap/]: Ignoring unknown attribute 'reach-entity-attributes:reach'
[04Mar2025 01:34:32.430] [Worker-Main-38/WARN] [net.minecraft.world.entity.ai.attributes.AttributeMap/]: Ignoring unknown attribute 'reach-entity-attributes:reach'
[04Mar2025 01:34:32.727] [Worker-Main-37/WARN] [net.minecraft.world.entity.ai.attributes.AttributeMap/]: Ignoring unknown attribute 'reach-entity-attributes:reach'
[04Mar2025 01:34:32.801] [Worker-Main-38/WARN] [net.minecraft.world.entity.ai.attributes.AttributeMap/]: Ignoring unknown attribute 'reach-entity-attributes:reach'
[04Mar2025 01:34:32.802] [Worker-Main-38/WARN] [net.minecraft.world.entity.ai.attributes.AttributeMap/]: Ignoring unknown attribute 'reach-entity-attributes:reach'
[04Mar2025 01:34:32.803] [Worker-Main-38/WARN] [net.minecraft.world.entity.ai.attributes.AttributeMap/]: Ignoring unknown attribute 'reach-entity-attributes:reach'
[04Mar2025 01:34:33.658] [Worker-Main-27/WARN] [net.minecraft.world.entity.ai.attributes.AttributeMap/]: Ignoring unknown attribute 'reach-entity-attributes:reach'
[04Mar2025 01:34:33.659] [Worker-Main-27/WARN] [net.minecraft.world.entity.ai.attributes.AttributeMap/]: Ignoring unknown attribute 'reach-entity-attributes:reach'
[04Mar2025 01:34:33.660] [Worker-Main-27/WARN] [net.minecraft.world.entity.ai.attributes.AttributeMap/]: Ignoring unknown attribute 'reach-entity-attributes:reach'
[04Mar2025 01:34:33.660] [Worker-Main-27/WARN] [net.minecraft.world.entity.ai.attributes.AttributeMap/]: Ignoring unknown attribute 'reach-entity-attributes:reach'
[04Mar2025 01:34:33.661] [Worker-Main-27/WARN] [net.minecraft.world.entity.ai.attributes.AttributeMap/]: Ignoring unknown attribute 'reach-entity-attributes:reach'
[04Mar2025 01:34:34.000] [Worker-Main-25/WARN] [net.minecraft.world.entity.ai.attributes.AttributeMap/]: Ignoring unknown attribute 'reach-entity-attributes:reach'
[04Mar2025 01:34:34.000] [Worker-Main-25/WARN] [net.minecraft.world.entity.ai.attributes.AttributeMap/]: Ignoring unknown attribute 'reach-entity-attributes:reach'
[04Mar2025 01:34:34.001] [Worker-Main-25/WARN] [net.minecraft.world.entity.ai.attributes.AttributeMap/]: Ignoring unknown attribute 'reach-entity-attributes:reach'
[04Mar2025 01:34:34.061] [Worker-Main-25/WARN] [net.minecraft.world.entity.ai.attributes.AttributeMap/]: Ignoring unknown attribute 'reach-entity-attributes:reach'
[04Mar2025 01:34:34.688] [Worker-Main-27/WARN] [net.minecraft.world.entity.ai.attributes.AttributeMap/]: Ignoring unknown attribute 'reach-entity-attributes:reach'
[04Mar2025 01:34:34.688] [Worker-Main-27/WARN] [net.minecraft.world.entity.ai.attributes.AttributeMap/]: Ignoring unknown attribute 'reach-entity-attributes:reach'
[04Mar2025 01:34:34.689] [Worker-Main-27/WARN] [net.minecraft.world.entity.ai.attributes.AttributeMap/]: Ignoring unknown attribute 'reach-entity-attributes:reach'
[04Mar2025 01:34:34.689] [Worker-Main-27/WARN] [net.minecraft.world.entity.ai.attributes.AttributeMap/]: Ignoring unknown attribute 'reach-entity-attributes:reach'
[04Mar2025 01:34:35.165] [Worker-Main-27/WARN] [net.minecraft.world.entity.ai.attributes.AttributeMap/]: Ignoring unknown attribute 'reach-entity-attributes:reach'
[04Mar2025 01:34:35.166] [Worker-Main-27/WARN] [net.minecraft.world.entity.ai.attributes.AttributeMap/]: Ignoring unknown attribute 'reach-entity-attributes:reach'
[04Mar2025 01:34:35.377] [Worker-Main-25/WARN] [net.minecraft.world.entity.ai.attributes.AttributeMap/]: Ignoring unknown attribute 'reach-entity-attributes:reach'
[04Mar2025 01:34:35.381] [Worker-Main-25/WARN] [net.minecraft.world.entity.ai.attributes.AttributeMap/]: Ignoring unknown attribute 'reach-entity-attributes:reach'
[04Mar2025 01:34:35.564] [Worker-Main-37/WARN] [net.minecraft.world.entity.ai.attributes.AttributeMap/]: Ignoring unknown attribute 'reach-entity-attributes:reach'
[04Mar2025 01:34:35.738] [Worker-Main-25/WARN] [net.minecraft.world.entity.ai.attributes.AttributeMap/]: Ignoring unknown attribute 'reach-entity-attributes:reach'
[04Mar2025 01:34:35.739] [Worker-Main-25/WARN] [net.minecraft.world.entity.ai.attributes.AttributeMap/]: Ignoring unknown attribute 'reach-entity-attributes:reach'
[04Mar2025 01:34:35.739] [Worker-Main-25/WARN] [net.minecraft.world.entity.ai.attributes.AttributeMap/]: Ignoring unknown attribute 'reach-entity-attributes:reach'
[04Mar2025 01:34:35.740] [Worker-Main-25/WARN] [net.minecraft.world.entity.ai.attributes.AttributeMap/]: Ignoring unknown attribute 'reach-entity-attributes:reach'
[04Mar2025 01:34:35.741] [Worker-Main-25/WARN] [net.minecraft.world.entity.ai.attributes.AttributeMap/]: Ignoring unknown attribute 'reach-entity-attributes:reach'
[04Mar2025 01:34:36.445] [Worker-Main-27/WARN] [net.minecraft.world.entity.ai.attributes.AttributeMap/]: Ignoring unknown attribute 'reach-entity-attributes:reach'
[04Mar2025 01:34:36.445] [Worker-Main-27/WARN] [net.minecraft.world.entity.ai.attributes.AttributeMap/]: Ignoring unknown attribute 'reach-entity-attributes:reach'
[04Mar2025 01:34:36.449] [Worker-Main-37/WARN] [net.minecraft.world.entity.ai.attributes.AttributeMap/]: Ignoring unknown attribute 'reach-entity-attributes:reach'
[04Mar2025 01:34:36.449] [Worker-Main-37/WARN] [net.minecraft.world.entity.ai.attributes.AttributeMap/]: Ignoring unknown attribute 'reach-entity-attributes:reach'
[04Mar2025 01:34:36.449] [Worker-Main-37/WARN] [net.minecraft.world.entity.ai.attributes.AttributeMap/]: Ignoring unknown attribute 'reach-entity-attributes:reach'
[04Mar2025 01:34:37.288] [Worker-Main-37/WARN] [net.minecraft.world.entity.ai.attributes.AttributeMap/]: Ignoring unknown attribute 'reach-entity-attributes:reach'
[04Mar2025 01:34:37.289] [Worker-Main-37/WARN] [net.minecraft.world.entity.ai.attributes.AttributeMap/]: Ignoring unknown attribute 'reach-entity-attributes:reach'
[04Mar2025 01:34:37.289] [Worker-Main-37/WARN] [net.minecraft.world.entity.ai.attributes.AttributeMap/]: Ignoring unknown attribute 'reach-entity-attributes:reach'
[04Mar2025 01:34:37.290] [Worker-Main-37/WARN] [net.minecraft.world.entity.ai.attributes.AttributeMap/]: Ignoring unknown attribute 'reach-entity-attributes:reach'
[04Mar2025 01:34:48.345] [Server thread/WARN] [net.minecraft.server.network.ServerGamePacketListenerImpl/]: entity.evilcraft.broom (vehicle of MadaraUchiha2909) moved too quickly! 2.380355460012197,-6.873274162827471,-25.680675334598845
[04Mar2025 01:34:48.372] [Server thread/WARN] [net.minecraft.server.network.ServerGamePacketListenerImpl/]: entity.evilcraft.broom (vehicle of MadaraUchiha2909) moved too quickly! 2.319577776027927,-6.73134098179159,-25.099579326319372
[04Mar2025 01:34:48.373] [Server thread/WARN] [net.minecraft.server.network.ServerGamePacketListenerImpl/]: entity.evilcraft.broom (vehicle of MadaraUchiha2909) moved too quickly! 2.2392919328626704,-6.601888322444665,-24.545982648583276
[04Mar2025 01:34:48.373] [Server thread/WARN] [net.minecraft.server.network.ServerGamePacketListenerImpl/]: entity.evilcraft.broom (vehicle of MadaraUchiha2909) moved too quickly! 2.142634392911532,-6.476605617653142,-24.01981849372828
[04Mar2025 01:34:48.373] [Server thread/WARN] [net.minecraft.server.network.ServerGamePacketListenerImpl/]: entity.evilcraft.broom (vehicle of MadaraUchiha2909) moved too quickly! 2.032671942385605,-6.357906735130619,-23.52010641507377
[04Mar2025 01:34:48.374] [Server thread/WARN] [net.minecraft.server.network.ServerGamePacketListenerImpl/]: entity.evilcraft.broom (vehicle of MadaraUchiha2909) moved too quickly! 1.912086488283876,-6.24082618429626,-23.045705385546626
[04Mar2025 01:34:48.374] [Server thread/WARN] [net.minecraft.server.network.ServerGamePacketListenerImpl/]: entity.evilcraft.broom (vehicle of MadaraUchiha2909) moved too quickly! 1.7831888693535802,-6.126519626457167,-22.595424619247524
[04Mar2025 01:34:48.375] [Server thread/WARN] [net.minecraft.server.network.ServerGamePacketListenerImpl/]: entity.evilcraft.broom (vehicle of MadaraUchiha2909) moved too quickly! 1.6479615983425902,-6.015557001281664,-22.168061028753073
[04Mar2025 01:34:48.375] [Server thread/WARN] [net.minecraft.server.network.ServerGamePacketListenerImpl/]: entity.evilcraft.broom (vehicle of MadaraUchiha2909) moved too quickly! 1.5080997542836485,-5.905089647130033,-21.76242243743991
[04Mar2025 01:34:48.375] [Server thread/WARN] [net.minecraft.server.network.ServerGamePacketListenerImpl/]: entity.evilcraft.broom (vehicle of MadaraUchiha2909) moved too quickly! 1.365048043949173,-5.796192357576857,-21.377343700240544
[04Mar2025 01:34:48.418] [Server thread/WARN] [net.minecraft.server.network.ServerGamePacketListenerImpl/]: entity.evilcraft.broom (vehicle of MadaraUchiha2909) moved too quickly! 1.3042450614102563,-5.818992404492818,-21.483673435967148
[04Mar2025 01:34:48.421] [Server thread/WARN] [net.minecraft.server.network.ServerGamePacketListenerImpl/]: entity.evilcraft.broom (vehicle of MadaraUchiha2909) moved too quickly! 1.1591788845421434,-5.710489288994829,-21.13483035380841
[04Mar2025 01:34:48.448] [Server thread/WARN] [net.minecraft.server.network.ServerGamePacketListenerImpl/]: entity.evilcraft.broom (vehicle of MadaraUchiha2909) moved too quickly! 1.1031586813483045,-5.734525912850479,-21.26700768456317
[04Mar2025 01:34:48.449] [Server thread/WARN] [net.minecraft.server.network.ServerGamePacketListenerImpl/]: entity.evilcraft.broom (vehicle of MadaraUchiha2909) moved too quickly! 0.9579684676700708,-5.629624937047588,-20.953028744403355
[04Mar2025 01:34:48.450] [Server thread/WARN] [net.minecraft.server.network.ServerGamePacketListenerImpl/]: entity.evilcraft.broom (vehicle of MadaraUchiha2909) moved too quickly! 0.8140775757738083,-5.528086507967018,-20.65442286829375
[04Mar2025 01:34:48.450] [Server thread/WARN] [net.minecraft.server.network.ServerGamePacketListenerImpl/]: entity.evilcraft.broom (vehicle of MadaraUchiha2909) moved too quickly! 0.6719948869781547,-5.428327531484484,-20.370316897342946
[04Mar2025 01:34:48.455] [Server thread/WARN] [net.minecraft.server.network.ServerGamePacketListenerImpl/]: entity.evilcraft.broom (vehicle of MadaraUchiha2909) moved too quickly! 0.5321337376885822,-5.332017819626046,-20.099898387884878
[04Mar2025 01:34:48.461] [Server thread/WARN] [net.minecraft.server.network.ServerGamePacketListenerImpl/]: entity.evilcraft.broom (vehicle of MadaraUchiha2909) moved too quickly! 0.3948297661427205,-5.241101292469828,-19.842404940030065
[04Mar2025 01:34:48.466] [Server thread/WARN] [net.minecraft.server.network.ServerGamePacketListenerImpl/]: entity.evilcraft.broom (vehicle of MadaraUchiha2909) moved too quickly! 0.2603522137924301,-5.153843910499745,-19.59712124201178
[04Mar2025 01:34:48.496] [Server thread/WARN] [net.minecraft.server.network.ServerGamePacketListenerImpl/]: entity.evilcraft.broom (vehicle of MadaraUchiha2909) moved too quickly! 0.22995888879131599,-5.196690939450882,-19.80347301463894
[04Mar2025 01:34:48.803] [Worker-Main-25/WARN] [net.minecraft.world.entity.ai.attributes.AttributeMap/]: Ignoring unknown attribute 'reach-entity-attributes:reach'
[04Mar2025 01:34:48.803] [Worker-Main-25/WARN] [net.minecraft.world.entity.ai.attributes.AttributeMap/]: Ignoring unknown attribute 'reach-entity-attributes:reach'
[04Mar2025 01:34:48.924] [Worker-Main-25/WARN] [net.minecraft.world.entity.ai.attributes.AttributeMap/]: Ignoring unknown attribute 'reach-entity-attributes:reach'
[04Mar2025 01:34:48.924] [Worker-Main-25/WARN] [net.minecraft.world.entity.ai.attributes.AttributeMap/]: Ignoring unknown attribute 'reach-entity-attributes:reach'
[04Mar2025 01:34:49.849] [Worker-Main-27/WARN] [net.minecraft.world.entity.ai.attributes.AttributeMap/]: Ignoring unknown attribute 'reach-entity-attributes:reach'
[04Mar2025 01:34:49.860] [Worker-Main-37/WARN] [net.minecraft.world.entity.ai.attributes.AttributeMap/]: Ignoring unknown attribute 'reach-entity-attributes:reach'
[04Mar2025 01:34:49.861] [Worker-Main-37/WARN] [net.minecraft.world.entity.ai.attributes.AttributeMap/]: Ignoring unknown attribute 'reach-entity-attributes:reach'
[04Mar2025 01:34:49.861] [Worker-Main-37/WARN] [net.minecraft.world.entity.ai.attributes.AttributeMap/]: Ignoring unknown attribute 'reach-entity-attributes:reach'
[04Mar2025 01:34:49.861] [Worker-Main-37/WARN] [net.minecraft.world.entity.ai.attributes.AttributeMap/]: Ignoring unknown attribute 'reach-entity-attributes:reach'
[04Mar2025 01:34:49.873] [Worker-Main-26/WARN] [net.minecraft.world.entity.ai.attributes.AttributeMap/]: Ignoring unknown attribute 'reach-entity-attributes:reach'
[04Mar2025 01:34:49.969] [Worker-Main-27/WARN] [net.minecraft.world.entity.ai.attributes.AttributeMap/]: Ignoring unknown attribute 'reach-entity-attributes:reach'
[04Mar2025 01:34:49.969] [Worker-Main-27/WARN] [net.minecraft.world.entity.ai.attributes.AttributeMap/]: Ignoring unknown attribute 'reach-entity-attributes:reach'
[04Mar2025 01:34:50.023] [Worker-Main-38/WARN] [net.minecraft.world.entity.ai.attributes.AttributeMap/]: Ignoring unknown attribute 'reach-entity-attributes:reach'
[04Mar2025 01:34:50.039] [Worker-Main-26/WARN] [net.minecraft.world.entity.ai.attributes.AttributeMap/]: Ignoring unknown attribute 'reach-entity-attributes:reach'
[04Mar2025 01:34:53.105] [Worker-Main-37/WARN] [net.minecraft.world.entity.ai.attributes.AttributeMap/]: Ignoring unknown attribute 'reach-entity-attributes:reach'
[04Mar2025 01:34:53.313] [Worker-Main-37/WARN] [net.minecraft.world.entity.ai.attributes.AttributeMap/]: Ignoring unknown attribute 'reach-entity-attributes:reach'
[04Mar2025 01:35:23.097] [Server thread/WARN] [net.minecraft.server.network.ServerGamePacketListenerImpl/]: entity.evilcraft.broom (vehicle of MadaraUchiha2909) moved wrongly! 2.7714411868341813
[04Mar2025 01:35:23.102] [Server thread/WARN] [net.minecraft.server.network.ServerGamePacketListenerImpl/]: entity.evilcraft.broom (vehicle of MadaraUchiha2909) moved wrongly! 2.612045445132935
[04Mar2025 01:35:23.107] [Server thread/WARN] [net.minecraft.server.network.ServerGamePacketListenerImpl/]: entity.evilcraft.broom (vehicle of MadaraUchiha2909) moved wrongly! 2.4285044655807724
[04Mar2025 01:35:23.112] [Server thread/WARN] [net.minecraft.server.network.ServerGamePacketListenerImpl/]: entity.evilcraft.broom (vehicle of MadaraUchiha2909) moved wrongly! 2.226723657178809
[04Mar2025 01:35:23.116] [Server thread/WARN] [net.minecraft.server.network.ServerGamePacketListenerImpl/]: entity.evilcraft.broom (vehicle of MadaraUchiha2909) moved wrongly! 2.0112147463692054
[04Mar2025 01:35:23.137] [Server thread/WARN] [net.minecraft.server.network.ServerGamePacketListenerImpl/]: entity.evilcraft.broom (vehicle of MadaraUchiha2909) moved wrongly! 1.7857730663422444
[04Mar2025 01:35:23.137] [Server thread/WARN] [net.minecraft.server.network.ServerGamePacketListenerImpl/]: entity.evilcraft.broom (vehicle of MadaraUchiha2909) moved wrongly! 1.5536016454598212
[04Mar2025 01:35:23.205] [Server thread/WARN] [net.minecraft.server.network.ServerGamePacketListenerImpl/]: entity.evilcraft.broom (vehicle of MadaraUchiha2909) moved wrongly! 1.0
[04Mar2025 01:35:23.205] [Server thread/WARN] [net.minecraft.server.network.ServerGamePacketListenerImpl/]: entity.evilcraft.broom (vehicle of MadaraUchiha2909) moved wrongly! 1.0
[04Mar2025 01:35:23.206] [Server thread/WARN] [net.minecraft.server.network.ServerGamePacketListenerImpl/]: entity.evilcraft.broom (vehicle of MadaraUchiha2909) moved wrongly! 1.0
[04Mar2025 01:35:23.206] [Server thread/WARN] [net.minecraft.server.network.ServerGamePacketListenerImpl/]: entity.evilcraft.broom (vehicle of MadaraUchiha2909) moved wrongly! 1.0
[04Mar2025 01:35:23.206] [Server thread/WARN] [net.minecraft.server.network.ServerGamePacketListenerImpl/]: entity.evilcraft.broom (vehicle of MadaraUchiha2909) moved wrongly! 1.0
[04Mar2025 01:35:23.206] [Server thread/WARN] [net.minecraft.server.network.ServerGamePacketListenerImpl/]: entity.evilcraft.broom (vehicle of MadaraUchiha2909) moved wrongly! 1.0
[04Mar2025 01:35:23.239] [Server thread/WARN] [net.minecraft.server.network.ServerGamePacketListenerImpl/]: entity.evilcraft.broom (vehicle of MadaraUchiha2909) moved wrongly! 1.0
[04Mar2025 01:35:23.239] [Server thread/WARN] [net.minecraft.server.network.ServerGamePacketListenerImpl/]: entity.evilcraft.broom (vehicle of MadaraUchiha2909) moved wrongly! 1.0
[04Mar2025 01:35:23.256] [Server thread/WARN] [net.minecraft.server.network.ServerGamePacketListenerImpl/]: entity.evilcraft.broom (vehicle of MadaraUchiha2909) moved wrongly! 1.0
[04Mar2025 01:35:31.618] [Server thread/WARN] [net.minecraft.server.network.ServerGamePacketListenerImpl/]: entity.evilcraft.broom (vehicle of MadaraUchiha2909) moved too quickly! 19.88071703204332,-3.4384984128125637,28.90003876266951
[04Mar2025 01:35:31.619] [Server thread/WARN] [net.minecraft.server.network.ServerGamePacketListenerImpl/]: entity.evilcraft.broom (vehicle of MadaraUchiha2909) moved too quickly! 19.521239740370675,-3.3662790888619014,28.25697268758904
[04Mar2025 01:35:31.619] [Server thread/WARN] [net.minecraft.server.network.ServerGamePacketListenerImpl/]: entity.evilcraft.broom (vehicle of MadaraUchiha2909) moved too quickly! 19.172055132914466,-3.3044573667642823,27.64297517283535
[04Mar2025 01:35:31.620] [Server thread/WARN] [net.minecraft.server.network.ServerGamePacketListenerImpl/]: entity.evilcraft.broom (vehicle of MadaraUchiha2909) moved too quickly! 18.833148185583013,-3.2432791860553607,27.057686057513592
[04Mar2025 01:35:31.620] [Server thread/WARN] [net.minecraft.server.network.ServerGamePacketListenerImpl/]: entity.evilcraft.broom (vehicle of MadaraUchiha2909) moved too quickly! 18.50457146913186,-3.1799726868794806,26.49966254142396
[04Mar2025 01:35:31.620] [Server thread/WARN] [net.minecraft.server.network.ServerGamePacketListenerImpl/]: entity.evilcraft.broom (vehicle of MadaraUchiha2909) moved too quickly! 18.186326618214025,-3.1165365528321445,25.967443693333735
[04Mar2025 01:35:31.620] [Server thread/WARN] [net.minecraft.server.network.ServerGamePacketListenerImpl/]: entity.evilcraft.broom (vehicle of MadaraUchiha2909) moved too quickly! 17.87836199174808,-3.0514124603731148,25.45965114262549
[04Mar2025 01:35:31.620] [Server thread/WARN] [net.minecraft.server.network.ServerGamePacketListenerImpl/]: entity.evilcraft.broom (vehicle of MadaraUchiha2909) moved too quickly! 17.58058105743885,-2.9874641193443097,24.97499331745439
[04Mar2025 01:35:31.621] [Server thread/WARN] [net.minecraft.server.network.ServerGamePacketListenerImpl/]: entity.evilcraft.broom (vehicle of MadaraUchiha2909) moved too quickly! 17.292850352784626,-2.9231518480244603,24.512260491171673
[04Mar2025 01:35:31.621] [Server thread/WARN] [net.minecraft.server.network.ServerGamePacketListenerImpl/]: entity.evilcraft.broom (vehicle of MadaraUchiha2909) moved too quickly! 17.015006386542154,-2.8611351974350185,24.070319047556268
[04Mar2025 01:35:31.648] [Server thread/WARN] [net.minecraft.server.network.ServerGamePacketListenerImpl/]: entity.evilcraft.broom (vehicle of MadaraUchiha2909) moved too quickly! 17.10048661608471,-2.8665805660852897,24.192729961255736
[04Mar2025 01:35:31.649] [Server thread/WARN] [net.minecraft.server.network.ServerGamePacketListenerImpl/]: entity.evilcraft.broom (vehicle of MadaraUchiha2909) moved too quickly! 16.840718894523434,-2.8086637660416613,23.79366750229292
[04Mar2025 01:35:31.698] [Server thread/WARN] [net.minecraft.server.network.ServerGamePacketListenerImpl/]: entity.evilcraft.broom (vehicle of MadaraUchiha2909) moved too quickly! 16.928572325040477,-2.8654004659637593,23.881887111915375
[04Mar2025 01:35:49.930] [Worker-Main-38/WARN] [net.minecraft.world.entity.ai.attributes.AttributeMap/]: Ignoring unknown attribute 'reach-entity-attributes:reach'
[04Mar2025 01:35:49.931] [Worker-Main-38/WARN] [net.minecraft.world.entity.ai.attributes.AttributeMap/]: Ignoring unknown attribute 'reach-entity-attributes:reach'
[04Mar2025 01:35:49.939] [Worker-Main-27/WARN] [net.minecraft.world.entity.ai.attributes.AttributeMap/]: Ignoring unknown attribute 'reach-entity-attributes:reach'
[04Mar2025 01:35:51.364] [Worker-Main-26/WARN] [net.minecraft.world.entity.ai.attributes.AttributeMap/]: Ignoring unknown attribute 'reach-entity-attributes:reach'
[04Mar2025 01:35:51.365] [Worker-Main-26/WARN] [net.minecraft.world.entity.ai.attributes.AttributeMap/]: Ignoring unknown attribute 'reach-entity-attributes:reach'
[04Mar2025 01:35:51.370] [Worker-Main-27/WARN] [net.minecraft.world.entity.ai.attributes.AttributeMap/]: Ignoring unknown attribute 'reach-entity-attributes:reach'
[04Mar2025 01:35:51.371] [Worker-Main-27/WARN] [net.minecraft.world.entity.ai.attributes.AttributeMap/]: Ignoring unknown attribute 'reach-entity-attributes:reach'
[04Mar2025 01:35:51.399] [Worker-Main-25/WARN] [net.minecraft.world.entity.ai.attributes.AttributeMap/]: Ignoring unknown attribute 'reach-entity-attributes:reach'
[04Mar2025 01:35:51.405] [Worker-Main-37/WARN] [net.minecraft.world.entity.ai.attributes.AttributeMap/]: Ignoring unknown attribute 'reach-entity-attributes:reach'
[04Mar2025 01:35:51.429] [Worker-Main-38/WARN] [net.minecraft.world.entity.ai.attributes.AttributeMap/]: Ignoring unknown attribute 'reach-entity-attributes:reach'
[04Mar2025 01:35:51.480] [Worker-Main-27/WARN] [net.minecraft.world.entity.ai.attributes.AttributeMap/]: Ignoring unknown attribute 'reach-entity-attributes:reach'
[04Mar2025 01:35:54.075] [Worker-Main-27/WARN] [net.minecraft.world.entity.ai.attributes.AttributeMap/]: Ignoring unknown attribute 'reach-entity-attributes:reach'
[04Mar2025 01:35:54.076] [Worker-Main-27/WARN] [net.minecraft.world.entity.ai.attributes.AttributeMap/]: Ignoring unknown attribute 'reach-entity-attributes:reach'
[04Mar2025 01:35:54.084] [Worker-Main-38/WARN] [net.minecraft.world.entity.ai.attributes.AttributeMap/]: Ignoring unknown attribute 'reach-entity-attributes:reach'
[04Mar2025 01:35:54.085] [Worker-Main-38/WARN] [net.minecraft.world.entity.ai.attributes.AttributeMap/]: Ignoring unknown attribute 'reach-entity-attributes:reach'
[04Mar2025 01:35:54.150] [Worker-Main-27/WARN] [net.minecraft.world.entity.ai.attributes.AttributeMap/]: Ignoring unknown attribute 'reach-entity-attributes:reach'
[04Mar2025 01:35:54.196] [Worker-Main-26/WARN] [net.minecraft.world.entity.ai.attributes.AttributeMap/]: Ignoring unknown attribute 'reach-entity-attributes:reach'
[04Mar2025 01:35:54.202] [Worker-Main-37/WARN] [net.minecraft.world.entity.ai.attributes.AttributeMap/]: Ignoring unknown attribute 'reach-entity-attributes:reach'
[04Mar2025 01:35:54.346] [Worker-Main-38/WARN] [net.minecraft.world.entity.ai.attributes.AttributeMap/]: Ignoring unknown attribute 'reach-entity-attributes:reach'
[04Mar2025 01:35:55.842] [Worker-Main-25/WARN] [net.minecraft.world.entity.ai.attributes.AttributeMap/]: Ignoring unknown attribute 'reach-entity-attributes:reach'
[04Mar2025 01:35:55.843] [Worker-Main-25/WARN] [net.minecraft.world.entity.ai.attributes.AttributeMap/]: Ignoring unknown attribute 'reach-entity-attributes:reach'
[04Mar2025 01:35:55.843] [Worker-Main-25/WARN] [net.minecraft.world.entity.ai.attributes.AttributeMap/]: Ignoring unknown attribute 'reach-entity-attributes:reach'
[04Mar2025 01:35:55.922] [Worker-Main-27/WARN] [net.minecraft.world.entity.ai.attributes.AttributeMap/]: Ignoring unknown attribute 'reach-entity-attributes:reach'
[04Mar2025 01:35:55.923] [Worker-Main-27/WARN] [net.minecraft.world.entity.ai.attributes.AttributeMap/]: Ignoring unknown attribute 'reach-entity-attributes:reach'
[04Mar2025 01:35:56.000] [Worker-Main-38/WARN] [net.minecraft.world.entity.ai.attributes.AttributeMap/]: Ignoring unknown attribute 'reach-entity-attributes:reach'
[04Mar2025 01:35:56.007] [Worker-Main-38/WARN] [net.minecraft.world.entity.ai.attributes.AttributeMap/]: Ignoring unknown attribute 'reach-entity-attributes:reach'
[04Mar2025 01:35:56.008] [Worker-Main-38/WARN] [net.minecraft.world.entity.ai.attributes.AttributeMap/]: Ignoring unknown attribute 'reach-entity-attributes:reach'
[04Mar2025 01:35:56.008] [Worker-Main-38/WARN] [net.minecraft.world.entity.ai.attributes.AttributeMap/]: Ignoring unknown attribute 'reach-entity-attributes:reach'
[04Mar2025 01:35:56.009] [Worker-Main-38/WARN] [net.minecraft.world.entity.ai.attributes.AttributeMap/]: Ignoring unknown attribute 'reach-entity-attributes:reach'
[04Mar2025 01:35:56.184] [Worker-Main-27/WARN] [net.minecraft.world.entity.ai.attributes.AttributeMap/]: Ignoring unknown attribute 'reach-entity-attributes:reach'
[04Mar2025 01:35:56.185] [Worker-Main-27/WARN] [net.minecraft.world.entity.ai.attributes.AttributeMap/]: Ignoring unknown attribute 'reach-entity-attributes:reach'
[04Mar2025 01:35:56.186] [Worker-Main-27/WARN] [net.minecraft.world.entity.ai.attributes.AttributeMap/]: Ignoring unknown attribute 'reach-entity-attributes:reach'
[04Mar2025 01:35:56.186] [Worker-Main-27/WARN] [net.minecraft.world.entity.ai.attributes.AttributeMap/]: Ignoring unknown attribute 'reach-entity-attributes:reach'
[04Mar2025 01:35:56.187] [Worker-Main-27/WARN] [net.minecraft.world.entity.ai.attributes.AttributeMap/]: Ignoring unknown attribute 'reach-entity-attributes:reach'
[04Mar2025 01:35:57.228] [Worker-Main-26/WARN] [net.minecraft.world.entity.ai.attributes.AttributeMap/]: Ignoring unknown attribute 'reach-entity-attributes:reach'
[04Mar2025 01:35:57.388] [Worker-Main-38/WARN] [net.minecraft.world.entity.ai.attributes.AttributeMap/]: Ignoring unknown attribute 'reach-entity-attributes:reach'
[04Mar2025 01:35:57.389] [Worker-Main-38/WARN] [net.minecraft.world.entity.ai.attributes.AttributeMap/]: Ignoring unknown attribute 'reach-entity-attributes:reach'
[04Mar2025 01:35:57.448] [Worker-Main-25/WARN] [net.minecraft.world.entity.ai.attributes.AttributeMap/]: Ignoring unknown attribute 'reach-entity-attributes:reach'
[04Mar2025 01:35:57.449] [Worker-Main-25/WARN] [net.minecraft.world.entity.ai.attributes.AttributeMap/]: Ignoring unknown attribute 'reach-entity-attributes:reach'
[04Mar2025 01:35:58.883] [Worker-Main-38/WARN] [net.minecraft.world.entity.ai.attributes.AttributeMap/]: Ignoring unknown attribute 'reach-entity-attributes:reach'
[04Mar2025 01:35:58.883] [Worker-Main-38/WARN] [net.minecraft.world.entity.ai.attributes.AttributeMap/]: Ignoring unknown attribute 'reach-entity-attributes:reach'
[04Mar2025 01:35:58.884] [Worker-Main-38/WARN] [net.minecraft.world.entity.ai.attributes.AttributeMap/]: Ignoring unknown attribute 'reach-entity-attributes:reach'
[04Mar2025 01:36:13.165] [Server thread/WARN] [net.minecraft.server.network.ServerGamePacketListenerImpl/]: entity.evilcraft.broom (vehicle of MadaraUchiha2909) moved too quickly! 0.33206450434954604,5.39062607909851,-9.259717976587126
[04Mar2025 01:36:13.200] [Server thread/WARN] [net.minecraft.server.network.ServerGamePacketListenerImpl/]: entity.evilcraft.broom (vehicle of MadaraUchiha2909) moved too quickly! 0.3837239278536799,5.6104129672635,-9.201982382828191
[04Mar2025 01:36:18.163] [Worker-Main-26/WARN] [net.minecraft.world.entity.ai.attributes.AttributeMap/]: Ignoring unknown attribute 'reach-entity-attributes:reach'
[04Mar2025 01:36:18.164] [Worker-Main-26/WARN] [net.minecraft.world.entity.ai.attributes.AttributeMap/]: Ignoring unknown attribute 'reach-entity-attributes:reach'
[04Mar2025 01:36:18.234] [Worker-Main-25/WARN] [net.minecraft.world.entity.ai.attributes.AttributeMap/]: Ignoring unknown attribute 'reach-entity-attributes:reach'
[04Mar2025 01:36:18.235] [Worker-Main-25/WARN] [net.minecraft.world.entity.ai.attributes.AttributeMap/]: Ignoring unknown attribute 'reach-entity-attributes:reach'
[04Mar2025 01:36:18.268] [Worker-Main-25/WARN] [net.minecraft.world.entity.ai.attributes.AttributeMap/]: Ignoring unknown attribute 'reach-entity-attributes:reach'
[04Mar2025 01:36:18.269] [Worker-Main-25/WARN] [net.minecraft.world.entity.ai.attributes.AttributeMap/]: Ignoring unknown attribute 'reach-entity-attributes:reach'
[04Mar2025 01:36:18.270] [Worker-Main-25/WARN] [net.minecraft.world.entity.ai.attributes.AttributeMap/]: Ignoring unknown attribute 'reach-entity-attributes:reach'
[04Mar2025 01:36:18.270] [Worker-Main-25/WARN] [net.minecraft.world.entity.ai.attributes.AttributeMap/]: Ignoring unknown attribute 'reach-entity-attributes:reach'
[04Mar2025 01:36:18.309] [Worker-Main-27/WARN] [net.minecraft.world.entity.ai.attributes.AttributeMap/]: Ignoring unknown attribute 'reach-entity-attributes:reach'
[04Mar2025 01:36:19.575] [Worker-Main-38/WARN] [net.minecraft.world.entity.ai.attributes.AttributeMap/]: Ignoring unknown attribute 'reach-entity-attributes:reach'
[04Mar2025 01:36:19.576] [Worker-Main-38/WARN] [net.minecraft.world.entity.ai.attributes.AttributeMap/]: Ignoring unknown attribute 'reach-entity-attributes:reach'
[04Mar2025 01:36:19.577] [Worker-Main-38/WARN] [net.minecraft.world.entity.ai.attributes.AttributeMap/]: Ignoring unknown attribute 'reach-entity-attributes:reach'
[04Mar2025 01:36:19.578] [Worker-Main-38/WARN] [net.minecraft.world.entity.ai.attributes.AttributeMap/]: Ignoring unknown attribute 'reach-entity-attributes:reach'
[04Mar2025 01:36:19.578] [Worker-Main-38/WARN] [net.minecraft.world.entity.ai.attributes.AttributeMap/]: Ignoring unknown attribute 'reach-entity-attributes:reach'
[04Mar2025 01:36:21.247] [Worker-Main-38/WARN] [net.minecraft.world.entity.ai.attributes.AttributeMap/]: Ignoring unknown attribute 'reach-entity-attributes:reach'
[04Mar2025 01:36:21.283] [Worker-Main-26/WARN] [net.minecraft.world.entity.ai.attributes.AttributeMap/]: Ignoring unknown attribute 'reach-entity-attributes:reach'
[04Mar2025 01:36:21.413] [Worker-Main-37/WARN] [net.minecraft.world.entity.ai.attributes.AttributeMap/]: Ignoring unknown attribute 'reach-entity-attributes:reach'
[04Mar2025 01:36:23.423] [Worker-Main-38/WARN] [net.minecraft.world.entity.ai.attributes.AttributeMap/]: Ignoring unknown attribute 'reach-entity-attributes:reach'
[04Mar2025 01:36:23.424] [Worker-Main-38/WARN] [net.minecraft.world.entity.ai.attributes.AttributeMap/]: Ignoring unknown attribute 'reach-entity-attributes:reach'
[04Mar2025 01:36:23.429] [Worker-Main-38/WARN] [net.minecraft.world.entity.ai.attributes.AttributeMap/]: Ignoring unknown attribute 'reach-entity-attributes:reach'
[04Mar2025 01:36:23.430] [Worker-Main-38/WARN] [net.minecraft.world.entity.ai.attributes.AttributeMap/]: Ignoring unknown attribute 'reach-entity-attributes:reach'
[04Mar2025 01:36:23.430] [Worker-Main-38/WARN] [net.minecraft.world.entity.ai.attributes.AttributeMap/]: Ignoring unknown attribute 'reach-entity-attributes:reach'
[04Mar2025 01:36:23.465] [Worker-Main-38/WARN] [net.minecraft.world.entity.ai.attributes.AttributeMap/]: Ignoring unknown attribute 'reach-entity-attributes:reach'
[04Mar2025 01:36:23.600] [Worker-Main-27/WARN] [net.minecraft.world.entity.ai.attributes.AttributeMap/]: Ignoring unknown attribute 'reach-entity-attributes:reach'
[04Mar2025 01:36:23.601] [Worker-Main-27/WARN] [net.minecraft.world.entity.ai.attributes.AttributeMap/]: Ignoring unknown attribute 'reach-entity-attributes:reach'
[04Mar2025 01:36:23.610] [Worker-Main-38/WARN] [net.minecraft.world.entity.ai.attributes.AttributeMap/]: Ignoring unknown attribute 'reach-entity-attributes:reach'
[04Mar2025 01:36:23.617] [Worker-Main-25/WARN] [net.minecraft.world.entity.ai.attributes.AttributeMap/]: Ignoring unknown attribute 'reach-entity-attributes:reach'
[04Mar2025 01:36:23.628] [Worker-Main-25/WARN] [net.minecraft.world.entity.ai.attributes.AttributeMap/]: Ignoring unknown attribute 'reach-entity-attributes:reach'
[04Mar2025 01:36:24.478] [Worker-Main-37/WARN] [net.minecraft.world.entity.ai.attributes.AttributeMap/]: Ignoring unknown attribute 'reach-entity-attributes:reach'
[04Mar2025 01:36:24.487] [Worker-Main-25/WARN] [net.minecraft.world.entity.ai.attributes.AttributeMap/]: Ignoring unknown attribute 'reach-entity-attributes:reach'
[04Mar2025 01:36:24.602] [Worker-Main-26/WARN] [net.minecraft.world.entity.ai.attributes.AttributeMap/]: Ignoring unknown attribute 'reach-entity-attributes:reach'
[04Mar2025 01:36:24.609] [Worker-Main-38/WARN] [net.minecraft.world.entity.ai.attributes.AttributeMap/]: Ignoring unknown attribute 'reach-entity-attributes:reach'
[04Mar2025 01:36:24.611] [Worker-Main-38/WARN] [net.minecraft.world.entity.ai.attributes.AttributeMap/]: Ignoring unknown attribute 'reach-entity-attributes:reach'
[04Mar2025 01:36:24.612] [Worker-Main-38/WARN] [net.minecraft.world.entity.ai.attributes.AttributeMap/]: Ignoring unknown attribute 'reach-entity-attributes:reach'
[04Mar2025 01:36:24.613] [Worker-Main-38/WARN] [net.minecraft.world.entity.ai.attributes.AttributeMap/]: Ignoring unknown attribute 'reach-entity-attributes:reach'
[04Mar2025 01:36:24.613] [Worker-Main-38/WARN] [net.minecraft.world.entity.ai.attributes.AttributeMap/]: Ignoring unknown attribute 'reach-entity-attributes:reach'
[04Mar2025 01:36:24.622] [Worker-Main-26/WARN] [net.minecraft.world.entity.ai.attributes.AttributeMap/]: Ignoring unknown attribute 'reach-entity-attributes:reach'
[04Mar2025 01:36:24.622] [Worker-Main-26/WARN] [net.minecraft.world.entity.ai.attributes.AttributeMap/]: Ignoring unknown attribute 'reach-entity-attributes:reach'
[04Mar2025 01:36:24.629] [Worker-Main-26/WARN] [net.minecraft.world.entity.ai.attributes.AttributeMap/]: Ignoring unknown attribute 'reach-entity-attributes:reach'
[04Mar2025 01:36:24.630] [Worker-Main-26/WARN] [net.minecraft.world.entity.ai.attributes.AttributeMap/]: Ignoring unknown attribute 'reach-entity-attributes:reach'
[04Mar2025 01:36:25.560] [Worker-Main-25/WARN] [net.minecraft.world.entity.ai.attributes.AttributeMap/]: Ignoring unknown attribute 'reach-entity-attributes:reach'
[04Mar2025 01:36:25.560] [Worker-Main-25/WARN] [net.minecraft.world.entity.ai.attributes.AttributeMap/]: Ignoring unknown attribute 'reach-entity-attributes:reach'
[04Mar2025 01:36:25.676] [Worker-Main-26/WARN] [net.minecraft.world.entity.ai.attributes.AttributeMap/]: Ignoring unknown attribute 'reach-entity-attributes:reach'
[04Mar2025 01:36:25.676] [Worker-Main-26/WARN] [net.minecraft.world.entity.ai.attributes.AttributeMap/]: Ignoring unknown attribute 'reach-entity-attributes:reach'
[04Mar2025 01:36:25.680] [Worker-Main-27/WARN] [net.minecraft.world.entity.ai.attributes.AttributeMap/]: Ignoring unknown attribute 'reach-entity-attributes:reach'
[04Mar2025 01:36:25.681] [Worker-Main-27/WARN] [net.minecraft.world.entity.ai.attributes.AttributeMap/]: Ignoring unknown attribute 'reach-entity-attributes:reach'
[04Mar2025 01:36:27.234] [Worker-Main-27/WARN] [net.minecraft.world.entity.ai.attributes.AttributeMap/]: Ignoring unknown attribute 'reach-entity-attributes:reach'
[04Mar2025 01:36:27.235] [Worker-Main-27/WARN] [net.minecraft.world.entity.ai.attributes.AttributeMap/]: Ignoring unknown attribute 'reach-entity-attributes:reach'
[04Mar2025 01:36:27.236] [Worker-Main-27/WARN] [net.minecraft.world.entity.ai.attributes.AttributeMap/]: Ignoring unknown attribute 'reach-entity-attributes:reach'
[04Mar2025 01:36:27.238] [Worker-Main-27/WARN] [net.minecraft.world.entity.ai.attributes.AttributeMap/]: Ignoring unknown attribute 'reach-entity-attributes:reach'
[04Mar2025 01:36:27.330] [Worker-Main-25/WARN] [net.minecraft.world.entity.ai.attributes.AttributeMap/]: Ignoring unknown attribute 'reach-entity-attributes:reach'
[04Mar2025 01:36:27.331] [Worker-Main-25/WARN] [net.minecraft.world.entity.ai.attributes.AttributeMap/]: Ignoring unknown attribute 'reach-entity-attributes:reach'
[04Mar2025 01:36:28.405] [Worker-Main-37/WARN] [net.minecraft.world.entity.ai.attributes.AttributeMap/]: Ignoring unknown attribute 'reach-entity-attributes:reach'
[04Mar2025 01:36:28.406] [Worker-Main-37/WARN] [net.minecraft.world.entity.ai.attributes.AttributeMap/]: Ignoring unknown attribute 'reach-entity-attributes:reach'
[04Mar2025 01:36:28.406] [Worker-Main-37/WARN] [net.minecraft.world.entity.ai.attributes.AttributeMap/]: Ignoring unknown attribute 'reach-entity-attributes:reach'
[04Mar2025 01:36:28.406] [Worker-Main-37/WARN] [net.minecraft.world.entity.ai.attributes.AttributeMap/]: Ignoring unknown attribute 'reach-entity-attributes:reach'
[04Mar2025 01:36:28.454] [Worker-Main-38/WARN] [net.minecraft.world.entity.ai.attributes.AttributeMap/]: Ignoring unknown attribute 'reach-entity-attributes:reach'
[04Mar2025 01:36:28.590] [Worker-Main-25/WARN] [net.minecraft.world.entity.ai.attributes.AttributeMap/]: Ignoring unknown attribute 'reach-entity-attributes:reach'
[04Mar2025 01:36:30.044] [Worker-Main-27/WARN] [net.minecraft.world.entity.ai.attributes.AttributeMap/]: Ignoring unknown attribute 'reach-entity-attributes:reach'
[04Mar2025 01:36:30.158] [Worker-Main-37/WARN] [net.minecraft.world.entity.ai.attributes.AttributeMap/]: Ignoring unknown attribute 'reach-entity-attributes:reach'
[04Mar2025 01:36:30.160] [Worker-Main-37/WARN] [net.minecraft.world.entity.ai.attributes.AttributeMap/]: Ignoring unknown attribute 'reach-entity-attributes:reach'
[04Mar2025 01:36:30.160] [Worker-Main-37/WARN] [net.minecraft.world.entity.ai.attributes.AttributeMap/]: Ignoring unknown attribute 'reach-entity-attributes:reach'
[04Mar2025 01:36:30.161] [Worker-Main-37/WARN] [net.minecraft.world.entity.ai.attributes.AttributeMap/]: Ignoring unknown attribute 'reach-entity-attributes:reach'
[04Mar2025 01:36:30.161] [Worker-Main-37/WARN] [net.minecraft.world.entity.ai.attributes.AttributeMap/]: Ignoring unknown attribute 'reach-entity-attributes:reach'
[04Mar2025 01:36:30.520] [Worker-Main-25/WARN] [net.minecraft.world.entity.ai.attributes.AttributeMap/]: Ignoring unknown attribute 'reach-entity-attributes:reach'
[04Mar2025 01:36:30.521] [Worker-Main-25/WARN] [net.minecraft.world.entity.ai.attributes.AttributeMap/]: Ignoring unknown attribute 'reach-entity-attributes:reach'
[04Mar2025 01:36:30.521] [Worker-Main-25/WARN] [net.minecraft.world.entity.ai.attributes.AttributeMap/]: Ignoring unknown attribute 'reach-entity-attributes:reach'
[04Mar2025 01:36:30.522] [Worker-Main-25/WARN] [net.minecraft.world.entity.ai.attributes.AttributeMap/]: Ignoring unknown attribute 'reach-entity-attributes:reach'
[04Mar2025 01:36:30.522] [Worker-Main-25/WARN] [net.minecraft.world.entity.ai.attributes.AttributeMap/]: Ignoring unknown attribute 'reach-entity-attributes:reach'
[04Mar2025 01:36:34.990] [Server thread/WARN] [net.minecraft.server.network.ServerGamePacketListenerImpl/]: entity.evilcraft.broom (vehicle of MadaraUchiha2909) moved wrongly! 6.637829078162271
[04Mar2025 01:36:35.001] [Server thread/WARN] [net.minecraft.server.network.ServerGamePacketListenerImpl/]: entity.evilcraft.broom (vehicle of MadaraUchiha2909) moved wrongly! 6.085991629907514
[04Mar2025 01:36:35.001] [Server thread/WARN] [net.minecraft.server.network.ServerGamePacketListenerImpl/]: entity.evilcraft.broom (vehicle of MadaraUchiha2909) moved wrongly! 5.515068335821979
[04Mar2025 01:36:35.005] [Server thread/WARN] [net.minecraft.server.network.ServerGamePacketListenerImpl/]: entity.evilcraft.broom (vehicle of MadaraUchiha2909) moved wrongly! 5.00507751994337
[04Mar2025 01:36:35.007] [Server thread/WARN] [net.minecraft.server.network.ServerGamePacketListenerImpl/]: entity.evilcraft.broom (vehicle of MadaraUchiha2909) moved wrongly! 4.5047526662233395
[04Mar2025 01:36:35.017] [Server thread/WARN] [net.minecraft.server.network.ServerGamePacketListenerImpl/]: entity.evilcraft.broom (vehicle of MadaraUchiha2909) moved wrongly! 4.017173728456328
[04Mar2025 01:36:35.017] [Server thread/WARN] [net.minecraft.server.network.ServerGamePacketListenerImpl/]: entity.evilcraft.broom (vehicle of MadaraUchiha2909) moved wrongly! 3.544546904432991
[04Mar2025 01:36:35.021] [Server thread/WARN] [net.minecraft.server.network.ServerGamePacketListenerImpl/]: entity.evilcraft.broom (vehicle of MadaraUchiha2909) moved wrongly! 3.0883655202414957
[04Mar2025 01:36:35.045] [Server thread/WARN] [net.minecraft.server.network.ServerGamePacketListenerImpl/]: entity.evilcraft.broom (vehicle of MadaraUchiha2909) moved wrongly! 2.6495560762787136
[04Mar2025 01:36:35.045] [Server thread/WARN] [net.minecraft.server.network.ServerGamePacketListenerImpl/]: entity.evilcraft.broom (vehicle of MadaraUchiha2909) moved wrongly! 2.2286011290184433
[04Mar2025 01:36:44.179] [Worker-Main-27/WARN] [net.minecraft.world.entity.ai.attributes.AttributeMap/]: Ignoring unknown attribute 'reach-entity-attributes:reach'
[04Mar2025 01:36:49.883] [Worker-Main-27/WARN] [net.minecraft.world.entity.ai.attributes.AttributeMap/]: Ignoring unknown attribute 'reach-entity-attributes:reach'
[04Mar2025 01:36:49.884] [Worker-Main-27/WARN] [net.minecraft.world.entity.ai.attributes.AttributeMap/]: Ignoring unknown attribute 'reach-entity-attributes:reach'
[04Mar2025 01:36:49.884] [Worker-Main-27/WARN] [net.minecraft.world.entity.ai.attributes.AttributeMap/]: Ignoring unknown attribute 'reach-entity-attributes:reach'
[04Mar2025 01:36:49.885] [Worker-Main-27/WARN] [net.minecraft.world.entity.ai.attributes.AttributeMap/]: Ignoring unknown attribute 'reach-entity-attributes:reach'
[04Mar2025 01:36:49.885] [Worker-Main-27/WARN] [net.minecraft.world.entity.ai.attributes.AttributeMap/]: Ignoring unknown attribute 'reach-entity-attributes:reach'
[04Mar2025 01:36:49.933] [Worker-Main-38/WARN] [net.minecraft.world.entity.ai.attributes.AttributeMap/]: Ignoring unknown attribute 'reach-entity-attributes:reach'
[04Mar2025 01:36:52.808] [Worker-Main-25/WARN] [net.minecraft.world.entity.ai.attributes.AttributeMap/]: Ignoring unknown attribute 'reach-entity-attributes:reach'
[04Mar2025 01:36:52.809] [Worker-Main-25/WARN] [net.minecraft.world.entity.ai.attributes.AttributeMap/]: Ignoring unknown attribute 'reach-entity-attributes:reach'
[04Mar2025 01:36:52.815] [Worker-Main-25/WARN] [net.minecraft.world.entity.ai.attributes.AttributeMap/]: Ignoring unknown attribute 'reach-entity-attributes:reach'
[04Mar2025 01:36:52.840] [Worker-Main-37/WARN] [net.minecraft.world.entity.ai.attributes.AttributeMap/]: Ignoring unknown attribute 'reach-entity-attributes:reach'
[04Mar2025 01:36:52.842] [Worker-Main-37/WARN] [net.minecraft.world.entity.ai.attributes.AttributeMap/]: Ignoring unknown attribute 'reach-entity-attributes:reach'
[04Mar2025 01:36:52.843] [Worker-Main-37/WARN] [net.minecraft.world.entity.ai.attributes.AttributeMap/]: Ignoring unknown attribute 'reach-entity-attributes:reach'
[04Mar2025 01:36:52.844] [Worker-Main-37/WARN] [net.minecraft.world.entity.ai.attributes.AttributeMap/]: Ignoring unknown attribute 'reach-entity-attributes:reach'
[04Mar2025 01:36:52.844] [Worker-Main-37/WARN] [net.minecraft.world.entity.ai.attributes.AttributeMap/]: Ignoring unknown attribute 'reach-entity-attributes:reach'
[04Mar2025 01:36:53.479] [Worker-Main-25/WARN] [net.minecraft.world.entity.ai.attributes.AttributeMap/]: Ignoring unknown attribute 'reach-entity-attributes:reach'
[04Mar2025 01:36:53.518] [Worker-Main-26/WARN] [net.minecraft.world.entity.ai.attributes.AttributeMap/]: Ignoring unknown attribute 'reach-entity-attributes:reach'
[04Mar2025 01:36:53.519] [Worker-Main-26/WARN] [net.minecraft.world.entity.ai.attributes.AttributeMap/]: Ignoring unknown attribute 'reach-entity-attributes:reach'
[04Mar2025 01:36:54.394] [Worker-Main-26/WARN] [net.minecraft.world.entity.ai.attributes.AttributeMap/]: Ignoring unknown attribute 'reach-entity-attributes:reach'
[04Mar2025 01:36:54.680] [Worker-Main-38/WARN] [net.minecraft.world.entity.ai.attributes.AttributeMap/]: Ignoring unknown attribute 'reach-entity-attributes:reach'
[04Mar2025 01:36:58.801] [Server thread/WARN] [net.minecraft.server.network.ServerGamePacketListenerImpl/]: entity.evilcraft.broom (vehicle of MadaraUchiha2909) moved too quickly! 3.004828547958823,-4.194390191316849,18.58613169298542
[04Mar2025 01:36:58.812] [Server thread/WARN] [net.minecraft.server.network.ServerGamePacketListenerImpl/]: entity.evilcraft.broom (vehicle of MadaraUchiha2909) moved too quickly! 2.949333309330086,-4.087267860764676,17.95133824784307
[04Mar2025 01:36:58.812] [Server thread/WARN] [net.minecraft.server.network.ServerGamePacketListenerImpl/]: entity.evilcraft.broom (vehicle of MadaraUchiha2909) moved too quickly! 2.8897890485782227,-3.9730361644053076,17.30802819449309
[04Mar2025 01:36:58.821] [Server thread/WARN] [net.minecraft.server.network.ServerGamePacketListenerImpl/]: entity.evilcraft.broom (vehicle of MadaraUchiha2909) moved too quickly! 2.826328366099915,-3.853661523906311,16.656427448397153
[04Mar2025 01:36:58.843] [Server thread/WARN] [net.minecraft.server.network.ServerGamePacketListenerImpl/]: entity.evilcraft.broom (vehicle of MadaraUchiha2909) moved too quickly! 2.878243194566039,-3.8748295590792026,16.59477204576251
[04Mar2025 01:36:58.843] [Server thread/WARN] [net.minecraft.server.network.ServerGamePacketListenerImpl/]: entity.evilcraft.broom (vehicle of MadaraUchiha2909) moved too quickly! 2.8075237808520797,-3.7395284805421696,15.927755095186512
[04Mar2025 01:36:58.843] [Server thread/WARN] [net.minecraft.server.network.ServerGamePacketListenerImpl/]: entity.evilcraft.broom (vehicle of MadaraUchiha2909) moved too quickly! 2.7334534628257643,-3.5985392123704045,15.253565539531337
[04Mar2025 01:36:58.843] [Server thread/WARN] [net.minecraft.server.network.ServerGamePacketListenerImpl/]: entity.evilcraft.broom (vehicle of MadaraUchiha2909) moved too quickly! 2.656207493945203,-3.451603179854807,14.57252138793956
[04Mar2025 01:36:58.845] [Server thread/WARN] [net.minecraft.server.network.ServerGamePacketListenerImpl/]: entity.evilcraft.broom (vehicle of MadaraUchiha2909) moved too quickly! 2.5759535594852423,-3.298166787665366,13.884915220023231
[04Mar2025 01:36:58.848] [Server thread/WARN] [net.minecraft.server.network.ServerGamePacketListenerImpl/]: entity.evilcraft.broom (vehicle of MadaraUchiha2909) moved too quickly! 2.4928502290445067,-3.142306243303551,13.191017410341829
[04Mar2025 01:36:58.892] [Server thread/WARN] [net.minecraft.server.network.ServerGamePacketListenerImpl/]: entity.evilcraft.broom (vehicle of MadaraUchiha2909) moved too quickly! 2.5220270519139376,-3.1840790573969997,13.108577669817805
[04Mar2025 01:36:58.892] [Server thread/WARN] [net.minecraft.server.network.ServerGamePacketListenerImpl/]: entity.evilcraft.broom (vehicle of MadaraUchiha2909) moved too quickly! 2.4317162367879064,-3.03559839155983,12.401401341261135
[04Mar2025 01:36:58.892] [Server thread/WARN] [net.minecraft.server.network.ServerGamePacketListenerImpl/]: entity.evilcraft.broom (vehicle of MadaraUchiha2909) moved too quickly! 2.338523526481822,-2.879756134121621,11.686529694381989
[04Mar2025 01:36:58.893] [Server thread/WARN] [net.minecraft.server.network.ServerGamePacketListenerImpl/]: entity.evilcraft.broom (vehicle of MadaraUchiha2909) moved too quickly! 2.2423215657731816,-2.718069099341683,10.965033798283002
[04Mar2025 01:36:58.898] [Server thread/WARN] [net.minecraft.server.network.ServerGamePacketListenerImpl/]: entity.evilcraft.broom (vehicle of MadaraUchiha2909) moved too quickly! 2.1432391799153265,-2.54841039433191,10.237243016177217
[04Mar2025 01:37:04.343] [Worker-Main-26/WARN] [net.minecraft.world.entity.ai.attributes.AttributeMap/]: Ignoring unknown attribute 'reach-entity-attributes:reach'
[04Mar2025 01:37:04.344] [Worker-Main-26/WARN] [net.minecraft.world.entity.ai.attributes.AttributeMap/]: Ignoring unknown attribute 'reach-entity-attributes:reach'
[04Mar2025 01:37:06.075] [Worker-Main-37/WARN] [net.minecraft.world.entity.ai.attributes.AttributeMap/]: Ignoring unknown attribute 'reach-entity-attributes:reach'
[04Mar2025 01:37:06.128] [Worker-Main-37/WARN] [net.minecraft.world.entity.ai.attributes.AttributeMap/]: Ignoring unknown attribute 'reach-entity-attributes:reach'
[04Mar2025 01:37:06.129] [Worker-Main-37/WARN] [net.minecraft.world.entity.ai.attributes.AttributeMap/]: Ignoring unknown attribute 'reach-entity-attributes:reach'
[04Mar2025 01:37:07.664] [Worker-Main-25/WARN] [net.minecraft.world.entity.ai.attributes.AttributeMap/]: Ignoring unknown attribute 'reach-entity-attributes:reach'
[04Mar2025 01:37:07.664] [Worker-Main-25/WARN] [net.minecraft.world.entity.ai.attributes.AttributeMap/]: Ignoring unknown attribute 'reach-entity-attributes:reach'
[04Mar2025 01:37:07.676] [Worker-Main-27/WARN] [net.minecraft.world.entity.ai.attributes.AttributeMap/]: Ignoring unknown attribute 'reach-entity-attributes:reach'
[04Mar2025 01:37:07.676] [Worker-Main-27/WARN] [net.minecraft.world.entity.ai.attributes.AttributeMap/]: Ignoring unknown attribute 'reach-entity-attributes:reach'
[04Mar2025 01:37:07.707] [Worker-Main-38/WARN] [net.minecraft.world.entity.ai.attributes.AttributeMap/]: Ignoring unknown attribute 'reach-entity-attributes:reach'
[04Mar2025 01:37:07.708] [Worker-Main-38/WARN] [net.minecraft.world.entity.ai.attributes.AttributeMap/]: Ignoring unknown attribute 'reach-entity-attributes:reach'
[04Mar2025 01:37:07.708] [Worker-Main-38/WARN] [net.minecraft.world.entity.ai.attributes.AttributeMap/]: Ignoring unknown attribute 'reach-entity-attributes:reach'
[04Mar2025 01:37:07.713] [Worker-Main-27/WARN] [net.minecraft.world.entity.ai.attributes.AttributeMap/]: Ignoring unknown attribute 'reach-entity-attributes:reach'
[04Mar2025 01:37:07.713] [Worker-Main-27/WARN] [net.minecraft.world.entity.ai.attributes.AttributeMap/]: Ignoring unknown attribute 'reach-entity-attributes:reach'
[04Mar2025 01:37:07.740] [Worker-Main-27/WARN] [net.minecraft.world.entity.ai.attributes.AttributeMap/]: Ignoring unknown attribute 'reach-entity-attributes:reach'
[04Mar2025 01:37:07.741] [Worker-Main-27/WARN] [net.minecraft.world.entity.ai.attributes.AttributeMap/]: Ignoring unknown attribute 'reach-entity-attributes:reach'
[04Mar2025 01:37:09.480] [Worker-Main-37/WARN] [net.minecraft.world.entity.ai.attributes.AttributeMap/]: Ignoring unknown attribute 'reach-entity-attributes:reach'
[04Mar2025 01:37:09.542] [Worker-Main-25/WARN] [net.minecraft.world.entity.ai.attributes.AttributeMap/]: Ignoring unknown attribute 'reach-entity-attributes:reach'
[04Mar2025 01:37:09.543] [Worker-Main-25/WARN] [net.minecraft.world.entity.ai.attributes.AttributeMap/]: Ignoring unknown attribute 'reach-entity-attributes:reach'
[04Mar2025 01:37:09.543] [Worker-Main-25/WARN] [net.minecraft.world.entity.ai.attributes.AttributeMap/]: Ignoring unknown attribute 'reach-entity-attributes:reach'
[04Mar2025 01:37:09.544] [Worker-Main-25/WARN] [net.minecraft.world.entity.ai.attributes.AttributeMap/]: Ignoring unknown attribute 'reach-entity-attributes:reach'
[04Mar2025 01:37:09.544] [Worker-Main-25/WARN] [net.minecraft.world.entity.ai.attributes.AttributeMap/]: Ignoring unknown attribute 'reach-entity-attributes:reach'
[04Mar2025 01:37:09.550] [Worker-Main-26/WARN] [net.minecraft.world.entity.ai.attributes.AttributeMap/]: Ignoring unknown attribute 'reach-entity-attributes:reach'
[04Mar2025 01:37:09.556] [Worker-Main-26/WARN] [net.minecraft.world.entity.ai.attributes.AttributeMap/]: Ignoring unknown attribute 'reach-entity-attributes:reach'
[04Mar2025 01:37:09.557] [Worker-Main-26/WARN] [net.minecraft.world.entity.ai.attributes.AttributeMap/]: Ignoring unknown attribute 'reach-entity-attributes:reach'
[04Mar2025 01:37:09.557] [Worker-Main-26/WARN] [net.minecraft.world.entity.ai.attributes.AttributeMap/]: Ignoring unknown attribute 'reach-entity-attributes:reach'
[04Mar2025 01:37:09.565] [Worker-Main-26/WARN] [net.minecraft.world.entity.ai.attributes.AttributeMap/]: Ignoring unknown attribute 'reach-entity-attributes:reach'
[04Mar2025 01:37:09.660] [Worker-Main-37/WARN] [net.minecraft.world.entity.ai.attributes.AttributeMap/]: Ignoring unknown attribute 'reach-entity-attributes:reach'
[04Mar2025 01:37:10.095] [Worker-Main-25/WARN] [net.minecraft.world.entity.ai.attributes.AttributeMap/]: Ignoring unknown attribute 'reach-entity-attributes:reach'
[04Mar2025 01:37:10.164] [Worker-Main-38/WARN] [net.minecraft.world.entity.ai.attributes.AttributeMap/]: Ignoring unknown attribute 'reach-entity-attributes:reach'
[04Mar2025 01:37:10.164] [Worker-Main-38/WARN] [net.minecraft.world.entity.ai.attributes.AttributeMap/]: Ignoring unknown attribute 'reach-entity-attributes:reach'
[04Mar2025 01:37:10.168] [Worker-Main-25/WARN] [net.minecraft.world.entity.ai.attributes.AttributeMap/]: Ignoring unknown attribute 'reach-entity-attributes:reach'
[04Mar2025 01:37:10.235] [Worker-Main-26/WARN] [net.minecraft.world.entity.ai.attributes.AttributeMap/]: Ignoring unknown attribute 'reach-entity-attributes:reach'
[04Mar2025 01:37:11.727] [Worker-Main-27/WARN] [net.minecraft.world.entity.ai.attributes.AttributeMap/]: Ignoring unknown attribute 'reach-entity-attributes:reach'
[04Mar2025 01:37:11.735] [Worker-Main-26/WARN] [net.minecraft.world.entity.ai.attributes.AttributeMap/]: Ignoring unknown attribute 'reach-entity-attributes:reach'
[04Mar2025 01:37:11.735] [Worker-Main-26/WARN] [net.minecraft.world.entity.ai.attributes.AttributeMap/]: Ignoring unknown attribute 'reach-entity-attributes:reach'
[04Mar2025 01:37:11.747] [Worker-Main-37/WARN] [net.minecraft.world.entity.ai.attributes.AttributeMap/]: Ignoring unknown attribute 'reach-entity-attributes:reach'
[04Mar2025 01:37:11.747] [Worker-Main-37/WARN] [net.minecraft.world.entity.ai.attributes.AttributeMap/]: Ignoring unknown attribute 'reach-entity-attributes:reach'
[04Mar2025 01:37:13.161] [Worker-Main-37/WARN] [net.minecraft.world.entity.ai.attributes.AttributeMap/]: Ignoring unknown attribute 'reach-entity-attributes:reach'
[04Mar2025 01:37:13.161] [Worker-Main-37/WARN] [net.minecraft.world.entity.ai.attributes.AttributeMap/]: Ignoring unknown attribute 'reach-entity-attributes:reach'
[04Mar2025 01:37:14.581] [Worker-Main-26/WARN] [net.minecraft.world.entity.ai.attributes.AttributeMap/]: Ignoring unknown attribute 'reach-entity-attributes:reach'
[04Mar2025 01:37:14.601] [Worker-Main-25/WARN] [net.minecraft.world.entity.ai.attributes.AttributeMap/]: Ignoring unknown attribute 'reach-entity-attributes:reach'
[04Mar2025 01:37:28.899] [Worker-Main-27/WARN] [net.minecraft.world.entity.ai.attributes.AttributeMap/]: Ignoring unknown attribute 'reach-entity-attributes:reach'
[04Mar2025 01:37:30.541] [Worker-Main-27/WARN] [net.minecraft.world.entity.ai.attributes.AttributeMap/]: Ignoring unknown attribute 'reach-entity-attributes:reach'
[04Mar2025 01:37:30.608] [Worker-Main-38/WARN] [net.minecraft.world.entity.ai.attributes.AttributeMap/]: Ignoring unknown attribute 'reach-entity-attributes:reach'
[04Mar2025 01:37:30.634] [Worker-Main-27/WARN] [net.minecraft.world.entity.ai.attributes.AttributeMap/]: Ignoring unknown attribute 'reach-entity-attributes:reach'
[04Mar2025 01:37:30.639] [Worker-Main-37/WARN] [net.minecraft.world.entity.ai.attributes.AttributeMap/]: Ignoring unknown attribute 'reach-entity-attributes:reach'
[04Mar2025 01:37:30.641] [Worker-Main-37/WARN] [net.minecraft.world.entity.ai.attributes.AttributeMap/]: Ignoring unknown attribute 'reach-entity-attributes:reach'
[04Mar2025 01:37:30.641] [Worker-Main-37/WARN] [net.minecraft.world.entity.ai.attributes.AttributeMap/]: Ignoring unknown attribute 'reach-entity-attributes:reach'
[04Mar2025 01:37:30.642] [Worker-Main-37/WARN] [net.minecraft.world.entity.ai.attributes.AttributeMap/]: Ignoring unknown attribute 'reach-entity-attributes:reach'
[04Mar2025 01:37:30.643] [Worker-Main-37/WARN] [net.minecraft.world.entity.ai.attributes.AttributeMap/]: Ignoring unknown attribute 'reach-entity-attributes:reach'
[04Mar2025 01:37:30.643] [Worker-Main-37/WARN] [net.minecraft.world.entity.ai.attributes.AttributeMap/]: Ignoring unknown attribute 'reach-entity-attributes:reach'
[04Mar2025 01:37:33.180] [Worker-Main-38/WARN] [net.minecraft.world.entity.ai.attributes.AttributeMap/]: Ignoring unknown attribute 'reach-entity-attributes:reach'
[04Mar2025 01:37:34.470] [Worker-Main-26/WARN] [net.minecraft.world.entity.ai.attributes.AttributeMap/]: Ignoring unknown attribute 'reach-entity-attributes:reach'
[04Mar2025 01:37:34.471] [Worker-Main-26/WARN] [net.minecraft.world.entity.ai.attributes.AttributeMap/]: Ignoring unknown attribute 'reach-entity-attributes:reach'
[04Mar2025 01:37:34.472] [Worker-Main-26/WARN] [net.minecraft.world.entity.ai.attributes.AttributeMap/]: Ignoring unknown attribute 'reach-entity-attributes:reach'
[04Mar2025 01:37:34.472] [Worker-Main-26/WARN] [net.minecraft.world.entity.ai.attributes.AttributeMap/]: Ignoring unknown attribute 'reach-entity-attributes:reach'
[04Mar2025 01:37:34.473] [Worker-Main-26/WARN] [net.minecraft.world.entity.ai.attributes.AttributeMap/]: Ignoring unknown attribute 'reach-entity-attributes:reach'
[04Mar2025 01:37:35.642] [Worker-Main-38/WARN] [net.minecraft.world.entity.ai.attributes.AttributeMap/]: Ignoring unknown attribute 'reach-entity-attributes:reach'
[04Mar2025 01:37:35.708] [Worker-Main-26/WARN] [net.minecraft.world.entity.ai.attributes.AttributeMap/]: Ignoring unknown attribute 'reach-entity-attributes:reach'
[04Mar2025 01:37:35.709] [Worker-Main-26/WARN] [net.minecraft.world.entity.ai.attributes.AttributeMap/]: Ignoring unknown attribute 'reach-entity-attributes:reach'
[04Mar2025 01:37:35.709] [Worker-Main-26/WARN] [net.minecraft.world.entity.ai.attributes.AttributeMap/]: Ignoring unknown attribute 'reach-entity-attributes:reach'
[04Mar2025 01:37:35.751] [Worker-Main-37/WARN] [net.minecraft.world.entity.ai.attributes.AttributeMap/]: Ignoring unknown attribute 'reach-entity-attributes:reach'
[04Mar2025 01:37:35.751] [Worker-Main-37/WARN] [net.minecraft.world.entity.ai.attributes.AttributeMap/]: Ignoring unknown attribute 'reach-entity-attributes:reach'
[04Mar2025 01:37:35.751] [Worker-Main-37/WARN] [net.minecraft.world.entity.ai.attributes.AttributeMap/]: Ignoring unknown attribute 'reach-entity-attributes:reach'
[04Mar2025 01:37:35.752] [Worker-Main-37/WARN] [net.minecraft.world.entity.ai.attributes.AttributeMap/]: Ignoring unknown attribute 'reach-entity-attributes:reach'
[04Mar2025 01:37:35.755] [Worker-Main-25/WARN] [net.minecraft.world.entity.ai.attributes.AttributeMap/]: Ignoring unknown attribute 'reach-entity-attributes:reach'
[04Mar2025 01:37:35.756] [Worker-Main-25/WARN] [net.minecraft.world.entity.ai.attributes.AttributeMap/]: Ignoring unknown attribute 'reach-entity-attributes:reach'
[04Mar2025 01:37:35.756] [Worker-Main-25/WARN] [net.minecraft.world.entity.ai.attributes.AttributeMap/]: Ignoring unknown attribute 'reach-entity-attributes:reach'
[04Mar2025 01:37:35.794] [Worker-Main-26/WARN] [net.minecraft.world.entity.ai.attributes.AttributeMap/]: Ignoring unknown attribute 'reach-entity-attributes:reach'
[04Mar2025 01:37:35.795] [Worker-Main-26/WARN] [net.minecraft.world.entity.ai.attributes.AttributeMap/]: Ignoring unknown attribute 'reach-entity-attributes:reach'
[04Mar2025 01:37:35.810] [Worker-Main-27/WARN] [net.minecraft.world.entity.ai.attributes.AttributeMap/]: Ignoring unknown attribute 'reach-entity-attributes:reach'
[04Mar2025 01:37:35.810] [Worker-Main-27/WARN] [net.minecraft.world.entity.ai.attributes.AttributeMap/]: Ignoring unknown attribute 'reach-entity-attributes:reach'
[04Mar2025 01:37:35.811] [Worker-Main-27/WARN] [net.minecraft.world.entity.ai.attributes.AttributeMap/]: Ignoring unknown attribute 'reach-entity-attributes:reach'
[04Mar2025 01:37:35.825] [Worker-Main-27/WARN] [net.minecraft.world.entity.ai.attributes.AttributeMap/]: Ignoring unknown attribute 'reach-entity-attributes:reach'
[04Mar2025 01:37:35.826] [Worker-Main-27/WARN] [net.minecraft.world.entity.ai.attributes.AttributeMap/]: Ignoring unknown attribute 'reach-entity-attributes:reach'
[04Mar2025 01:37:35.826] [Worker-Main-27/WARN] [net.minecraft.world.entity.ai.attributes.AttributeMap/]: Ignoring unknown attribute 'reach-entity-attributes:reach'
[04Mar2025 01:37:35.830] [Worker-Main-25/WARN] [net.minecraft.world.entity.ai.attributes.AttributeMap/]: Ignoring unknown attribute 'reach-entity-attributes:reach'
[04Mar2025 01:37:35.873] [Worker-Main-25/WARN] [net.minecraft.world.entity.ai.attributes.AttributeMap/]: Ignoring unknown attribute 'reach-entity-attributes:reach'
[04Mar2025 01:37:35.898] [Worker-Main-37/WARN] [net.minecraft.world.entity.ai.attributes.AttributeMap/]: Ignoring unknown attribute 'reach-entity-attributes:reach'
[04Mar2025 01:37:35.898] [Worker-Main-37/WARN] [net.minecraft.world.entity.ai.attributes.AttributeMap/]: Ignoring unknown attribute 'reach-entity-attributes:reach'
[04Mar2025 01:37:35.916] [Worker-Main-38/WARN] [net.minecraft.world.entity.ai.attributes.AttributeMap/]: Ignoring unknown attribute 'reach-entity-attributes:reach'
[04Mar2025 01:37:36.525] [Worker-Main-38/WARN] [net.minecraft.world.entity.ai.attributes.AttributeMap/]: Ignoring unknown attribute 'reach-entity-attributes:reach'
[04Mar2025 01:37:36.526] [Worker-Main-38/WARN] [net.minecraft.world.entity.ai.attributes.AttributeMap/]: Ignoring unknown attribute 'reach-entity-attributes:reach'
[04Mar2025 01:37:36.526] [Worker-Main-38/WARN] [net.minecraft.world.entity.ai.attributes.AttributeMap/]: Ignoring unknown attribute 'reach-entity-attributes:reach'
[04Mar2025 01:37:36.527] [Worker-Main-38/WARN] [net.minecraft.world.entity.ai.attributes.AttributeMap/]: Ignoring unknown attribute 'reach-entity-attributes:reach'
[04Mar2025 01:37:36.527] [Worker-Main-38/WARN] [net.minecraft.world.entity.ai.attributes.AttributeMap/]: Ignoring unknown attribute 'reach-entity-attributes:reach'
[04Mar2025 01:37:36.527] [Worker-Main-38/WARN] [net.minecraft.world.entity.ai.attributes.AttributeMap/]: Ignoring unknown attribute 'reach-entity-attributes:reach'
[04Mar2025 01:37:36.528] [Worker-Main-38/WARN] [net.minecraft.world.entity.ai.attributes.AttributeMap/]: Ignoring unknown attribute 'reach-entity-attributes:reach'
[04Mar2025 01:37:37.206] [Worker-Main-38/WARN] [net.minecraft.world.entity.ai.attributes.AttributeMap/]: Ignoring unknown attribute 'reach-entity-attributes:reach'
[04Mar2025 01:37:37.206] [Worker-Main-38/WARN] [net.minecraft.world.entity.ai.attributes.AttributeMap/]: Ignoring unknown attribute 'reach-entity-attributes:reach'
[04Mar2025 01:37:37.267] [Worker-Main-26/WARN] [net.minecraft.world.entity.ai.attributes.AttributeMap/]: Ignoring unknown attribute 'reach-entity-attributes:reach'
[04Mar2025 01:37:37.268] [Worker-Main-26/WARN] [net.minecraft.world.entity.ai.attributes.AttributeMap/]: Ignoring unknown attribute 'reach-entity-attributes:reach'
[04Mar2025 01:37:37.273] [Worker-Main-27/WARN] [net.minecraft.world.entity.ai.attributes.AttributeMap/]: Ignoring unknown attribute 'reach-entity-attributes:reach'
[04Mar2025 01:37:37.274] [Worker-Main-27/WARN] [net.minecraft.world.entity.ai.attributes.AttributeMap/]: Ignoring unknown attribute 'reach-entity-attributes:reach'
[04Mar2025 01:37:37.297] [Worker-Main-27/WARN] [net.minecraft.world.entity.ai.attributes.AttributeMap/]: Ignoring unknown attribute 'reach-entity-attributes:reach'
[04Mar2025 01:37:37.298] [Worker-Main-27/WARN] [net.minecraft.world.entity.ai.attributes.AttributeMap/]: Ignoring unknown attribute 'reach-entity-attributes:reach'
[04Mar2025 01:37:37.299] [Worker-Main-27/WARN] [net.minecraft.world.entity.ai.attributes.AttributeMap/]: Ignoring unknown attribute 'reach-entity-attributes:reach'
[04Mar2025 01:37:37.328] [Worker-Main-26/WARN] [net.minecraft.world.entity.ai.attributes.AttributeMap/]: Ignoring unknown attribute 'reach-entity-attributes:reach'
[04Mar2025 01:37:37.329] [Worker-Main-26/WARN] [net.minecraft.world.entity.ai.attributes.AttributeMap/]: Ignoring unknown attribute 'reach-entity-attributes:reach'
[04Mar2025 01:37:37.329] [Worker-Main-26/WARN] [net.minecraft.world.entity.ai.attributes.AttributeMap/]: Ignoring unknown attribute 'reach-entity-attributes:reach'
[04Mar2025 01:37:37.330] [Worker-Main-26/WARN] [net.minecraft.world.entity.ai.attributes.AttributeMap/]: Ignoring unknown attribute 'reach-entity-attributes:reach'
[04Mar2025 01:37:37.361] [Worker-Main-27/WARN] [net.minecraft.world.entity.ai.attributes.AttributeMap/]: Ignoring unknown attribute 'reach-entity-attributes:reach'
[04Mar2025 01:37:37.362] [Worker-Main-27/WARN] [net.minecraft.world.entity.ai.attributes.AttributeMap/]: Ignoring unknown attribute 'reach-entity-attributes:reach'
[04Mar2025 01:37:39.121] [Worker-Main-27/WARN] [net.minecraft.world.entity.ai.attributes.AttributeMap/]: Ignoring unknown attribute 'reach-entity-attributes:reach'
[04Mar2025 01:37:39.122] [Worker-Main-27/WARN] [net.minecraft.world.entity.ai.attributes.AttributeMap/]: Ignoring unknown attribute 'reach-entity-attributes:reach'
[04Mar2025 01:37:39.148] [Worker-Main-38/WARN] [net.minecraft.world.entity.ai.attributes.AttributeMap/]: Ignoring unknown attribute 'reach-entity-attributes:reach'
[04Mar2025 01:37:39.226] [Worker-Main-27/WARN] [net.minecraft.world.entity.ai.attributes.AttributeMap/]: Ignoring unknown attribute 'reach-entity-attributes:reach'
[04Mar2025 01:37:39.227] [Worker-Main-27/WARN] [net.minecraft.world.entity.ai.attributes.AttributeMap/]: Ignoring unknown attribute 'reach-entity-attributes:reach'
[04Mar2025 01:37:39.383] [Worker-Main-38/WARN] [net.minecraft.world.entity.ai.attributes.AttributeMap/]: Ignoring unknown attribute 'reach-entity-attributes:reach'
[04Mar2025 01:37:39.383] [Worker-Main-38/WARN] [net.minecraft.world.entity.ai.attributes.AttributeMap/]: Ignoring unknown attribute 'reach-entity-attributes:reach'
[04Mar2025 01:37:40.072] [Worker-Main-27/WARN] [net.minecraft.world.entity.ai.attributes.AttributeMap/]: Ignoring unknown attribute 'reach-entity-attributes:reach'
[04Mar2025 01:37:40.073] [Worker-Main-27/WARN] [net.minecraft.world.entity.ai.attributes.AttributeMap/]: Ignoring unknown attribute 'reach-entity-attributes:reach'
[04Mar2025 01:37:40.073] [Worker-Main-27/WARN] [net.minecraft.world.entity.ai.attributes.AttributeMap/]: Ignoring unknown attribute 'reach-entity-attributes:reach'
[04Mar2025 01:37:40.076] [Worker-Main-26/WARN] [net.minecraft.world.entity.ai.attributes.AttributeMap/]: Ignoring unknown attribute 'reach-entity-attributes:reach'
[04Mar2025 01:37:40.080] [Worker-Main-26/WARN] [net.minecraft.world.entity.ai.attributes.AttributeMap/]: Ignoring unknown attribute 'reach-entity-attributes:reach'
[04Mar2025 01:37:40.084] [Worker-Main-37/WARN] [net.minecraft.world.entity.ai.attributes.AttributeMap/]: Ignoring unknown attribute 'reach-entity-attributes:reach'
[04Mar2025 01:37:40.085] [Worker-Main-37/WARN] [net.minecraft.world.entity.ai.attributes.AttributeMap/]: Ignoring unknown attribute 'reach-entity-attributes:reach'
[04Mar2025 01:37:40.133] [Worker-Main-25/WARN] [net.minecraft.world.entity.ai.attributes.AttributeMap/]: Ignoring unknown attribute 'reach-entity-attributes:reach'
[04Mar2025 01:37:40.134] [Worker-Main-25/WARN] [net.minecraft.world.entity.ai.attributes.AttributeMap/]: Ignoring unknown attribute 'reach-entity-attributes:reach'
[04Mar2025 01:37:40.134] [Worker-Main-25/WARN] [net.minecraft.world.entity.ai.attributes.AttributeMap/]: Ignoring unknown attribute 'reach-entity-attributes:reach'
[04Mar2025 01:37:40.135] [Worker-Main-25/WARN] [net.minecraft.world.entity.ai.attributes.AttributeMap/]: Ignoring unknown attribute 'reach-entity-attributes:reach'
[04Mar2025 01:37:40.135] [Worker-Main-25/WARN] [net.minecraft.world.entity.ai.attributes.AttributeMap/]: Ignoring unknown attribute 'reach-entity-attributes:reach'
[04Mar2025 01:37:40.135] [Worker-Main-25/WARN] [net.minecraft.world.entity.ai.attributes.AttributeMap/]: Ignoring unknown attribute 'reach-entity-attributes:reach'
[04Mar2025 01:37:40.146] [Worker-Main-25/WARN] [net.minecraft.world.entity.ai.attributes.AttributeMap/]: Ignoring unknown attribute 'reach-entity-attributes:reach'
[04Mar2025 01:37:40.146] [Worker-Main-25/WARN] [net.minecraft.world.entity.ai.attributes.AttributeMap/]: Ignoring unknown attribute 'reach-entity-attributes:reach'
[04Mar2025 01:37:40.146] [Worker-Main-25/WARN] [net.minecraft.world.entity.ai.attributes.AttributeMap/]: Ignoring unknown attribute 'reach-entity-attributes:reach'
[04Mar2025 01:37:40.301] [Worker-Main-27/WARN] [net.minecraft.world.entity.ai.attributes.AttributeMap/]: Ignoring unknown attribute 'reach-entity-attributes:reach'
[04Mar2025 01:37:40.306] [Worker-Main-38/WARN] [net.minecraft.world.entity.ai.attributes.AttributeMap/]: Ignoring unknown attribute 'reach-entity-attributes:reach'
[04Mar2025 01:37:40.362] [Worker-Main-27/WARN] [net.minecraft.world.entity.ai.attributes.AttributeMap/]: Ignoring unknown attribute 'reach-entity-attributes:reach'
[04Mar2025 01:37:40.363] [Worker-Main-27/WARN] [net.minecraft.world.entity.ai.attributes.AttributeMap/]: Ignoring unknown attribute 'reach-entity-attributes:reach'
[04Mar2025 01:37:40.363] [Worker-Main-27/WARN] [net.minecraft.world.entity.ai.attributes.AttributeMap/]: Ignoring unknown attribute 'reach-entity-attributes:reach'
[04Mar2025 01:37:41.195] [Worker-Main-27/WARN] [net.minecraft.world.entity.ai.attributes.AttributeMap/]: Ignoring unknown attribute 'reach-entity-attributes:reach'
[04Mar2025 01:37:41.195] [Worker-Main-27/WARN] [net.minecraft.world.entity.ai.attributes.AttributeMap/]: Ignoring unknown attribute 'reach-entity-attributes:reach'
[04Mar2025 01:37:41.322] [Worker-Main-37/WARN] [net.minecraft.world.entity.ai.attributes.AttributeMap/]: Ignoring unknown attribute 'reach-entity-attributes:reach'
[04Mar2025 01:37:41.322] [Worker-Main-37/WARN] [net.minecraft.world.entity.ai.attributes.AttributeMap/]: Ignoring unknown attribute 'reach-entity-attributes:reach'
[04Mar2025 01:37:41.939] [Worker-Main-37/WARN] [net.minecraft.world.entity.ai.attributes.AttributeMap/]: Ignoring unknown attribute 'reach-entity-attributes:reach'
[04Mar2025 01:37:42.186] [Worker-Main-37/WARN] [net.minecraft.world.entity.ai.attributes.AttributeMap/]: Ignoring unknown attribute 'reach-entity-attributes:reach'
[04Mar2025 01:37:42.186] [Worker-Main-37/WARN] [net.minecraft.world.entity.ai.attributes.AttributeMap/]: Ignoring unknown attribute 'reach-entity-attributes:reach'
[04Mar2025 01:37:42.191] [Worker-Main-27/WARN] [net.minecraft.world.entity.ai.attributes.AttributeMap/]: Ignoring unknown attribute 'reach-entity-attributes:reach'
[04Mar2025 01:37:42.195] [Worker-Main-26/WARN] [net.minecraft.world.entity.ai.attributes.AttributeMap/]: Ignoring unknown attribute 'reach-entity-attributes:reach'
[04Mar2025 01:38:03.284] [Server thread/WARN] [net.minecraft.server.network.ServerGamePacketListenerImpl/]: entity.evilcraft.broom (vehicle of MadaraUchiha2909) moved wrongly! 0.3461346618146308
[04Mar2025 01:39:18.209] [Server thread/INFO] [net.minecraft.server.MinecraftServer/]: [MadaraUchiha2909: Set own game mode to Creative Mode]
[04Mar2025 01:39:38.834] [Server thread/INFO] [net.minecraft.server.MinecraftServer/]: [MadaraUchiha2909: Set own game mode to Survival Mode]
[04Mar2025 01:40:04.059] [Server thread/INFO] [net.minecraft.server.MinecraftServer/]: MadaraUchiha2909 was simmered in stygian blood
[04Mar2025 01:40:04.079] [Server thread/INFO] [tombstone/]: The player MadaraUchiha2909 has successfully been saved
[04Mar2025 01:40:53.982] [Server thread/WARN] [net.minecraft.server.MinecraftServer/]: Can't keep up! Is the server overloaded? Running 4660ms or 93 ticks behind
[04Mar2025 01:41:04.992] [Server thread/INFO] [net.minecraft.server.MinecraftServer/]: MadaraUchiha2909 was simmered in stygian blood
[04Mar2025 01:41:04.995] [Server thread/INFO] [tombstone/]: The player MadaraUchiha2909 has successfully been saved
[04Mar2025 01:41:46.138] [Server thread/INFO] [net.minecraft.server.MinecraftServer/]: MadaraUchiha2909 boiled away whilst trying to escape Gatmancer
[04Mar2025 01:41:46.143] [Server thread/INFO] [tombstone/]: The player MadaraUchiha2909 has successfully been saved
[04Mar2025 01:45:35.335] [Server thread/INFO] [net.minecraft.server.network.ServerGamePacketListenerImpl/]: MadaraUchiha2909 lost connection: Timed out
[04Mar2025 01:45:35.335] [Server thread/INFO] [net.minecraft.server.MinecraftServer/]: MadaraUchiha2909 left the game
[04Mar2025 01:47:35.245] [Server thread/INFO] [net.minecraft.server.players.PlayerList/]: MadaraUchiha2909[/172.23.164.249:61166] logged in with entity id 17681 at (-3161.8780715540597, 19.0, -2812.537911615999)
[04Mar2025 01:47:35.303] [Server thread/INFO] [net.minecraft.server.MinecraftServer/]: MadaraUchiha2909 joined the game
[04Mar2025 01:49:17.133] [Server thread/INFO] [net.minecraft.server.MinecraftServer/]: [Not Secure] <MadaraUchiha2909> asdw
[04Mar2025 01:51:20.731] [Server thread/INFO] [net.minecraft.server.network.ServerGamePacketListenerImpl/]: MadaraUchiha2909 lost connection: Timed out
[04Mar2025 01:51:20.731] [Server thread/INFO] [net.minecraft.server.MinecraftServer/]: MadaraUchiha2909 left the game
[04Mar2025 01:52:28.548] [Server thread/INFO] [net.minecraft.server.players.PlayerList/]: MadaraUchiha2909[/172.23.164.249:61207] logged in with entity id 18702 at (-3101.5739207160414, 19.0, -2807.762499988079)
[04Mar2025 01:52:28.584] [Server thread/INFO] [net.minecraft.server.MinecraftServer/]: MadaraUchiha2909 joined the game
[04Mar2025 01:55:24.731] [Server thread/INFO] [net.minecraft.server.MinecraftServer/]: MadaraUchiha2909 was slain by Conjurling
[04Mar2025 01:55:24.743] [Server thread/INFO] [tombstone/]: The player MadaraUchiha2909 has successfully been saved
[04Mar2025 01:57:36.433] [Server thread/INFO] [net.minecraft.server.network.ServerGamePacketListenerImpl/]: MadaraUchiha2909 lost connection: Disconnected
[04Mar2025 01:57:36.433] [Server thread/INFO] [net.minecraft.server.MinecraftServer/]: MadaraUchiha2909 left the game
[04Mar2025 02:00:00.623] [Server thread/INFO] [net.minecraft.server.MinecraftServer/]: Stopping the server
[04Mar2025 02:00:00.685] [Server thread/INFO] [net.minecraft.server.MinecraftServer/]: Stopping server
[04Mar2025 02:00:00.686] [Server thread/INFO] [net.minecraft.server.MinecraftServer/]: Saving players
[04Mar2025 02:00:00.686] [Server thread/INFO] [net.minecraft.server.MinecraftServer/]: Saving worlds
[04Mar2025 02:00:00.746] [Server thread/INFO] [net.minecraft.server.MinecraftServer/]: Saving chunks for level 'ServerLevel[world]'/minecraft:overworld
[04Mar2025 02:00:00.839] [Server thread/INFO] [net.minecraft.server.MinecraftServer/]: Saving chunks for level 'ServerLevel[world]'/minecraft:the_end
[04Mar2025 02:00:00.840] [Server thread/INFO] [net.minecraft.server.MinecraftServer/]: Saving chunks for level 'ServerLevel[world]'/graveyard:past
[04Mar2025 02:00:00.840] [Server thread/INFO] [net.minecraft.server.MinecraftServer/]: Saving chunks for level 'ServerLevel[world]'/twilightforest:twilight_forest
[04Mar2025 02:00:00.841] [Server thread/INFO] [net.minecraft.server.MinecraftServer/]: Saving chunks for level 'ServerLevel[world]'/minecraft:the_nether
[04Mar2025 02:00:00.844] [Server thread/INFO] [net.minecraft.server.MinecraftServer/]: Saving chunks for level 'ServerLevel[world]'/deeperdarker:otherside
[04Mar2025 02:00:01.050] [Server thread/INFO] [net.minecraft.server.MinecraftServer/]: ThreadedAnvilChunkStorage (world): All chunks are saved
[04Mar2025 02:00:01.050] [Server thread/INFO] [net.minecraft.server.MinecraftServer/]: ThreadedAnvilChunkStorage (DIM1): All chunks are saved
[04Mar2025 02:00:01.050] [Server thread/INFO] [net.minecraft.server.MinecraftServer/]: ThreadedAnvilChunkStorage (past): All chunks are saved
[04Mar2025 02:00:01.050] [Server thread/INFO] [net.minecraft.server.MinecraftServer/]: ThreadedAnvilChunkStorage (twilight_forest): All chunks are saved
[04Mar2025 02:00:01.050] [Server thread/INFO] [net.minecraft.server.MinecraftServer/]: ThreadedAnvilChunkStorage (DIM-1): All chunks are saved
[04Mar2025 02:00:01.050] [Server thread/INFO] [net.minecraft.server.MinecraftServer/]: ThreadedAnvilChunkStorage (otherside): All chunks are saved
[04Mar2025 02:00:01.050] [Server thread/INFO] [net.minecraft.server.MinecraftServer/]: ThreadedAnvilChunkStorage: All dimensions are saved
